student_id,gender,race_ethnicity,parental_level_of_education,lunch,test_preparation_course,math_score,reading_score,writing_score,attendance_percentage,average_score,performance_level
1,Male,Group C,Bachelor's degree,Standard,,35.0,46.0,96.0,82.2,59.0,Medium
2,Female,Group A,High school,Standard,,75.0,45.0,17.0,65.86,45.666666666666664,Low
3,Male,Group E,Master's degree,Standard,,49.0,86.0,75.0,67.83,70.0,Medium
4,Male,Group C,High school,Free/Reduced,,60.0,3.0,50.0,75.72,37.666666666666664,Low
5,Male,Group B,Master's degree,Free/Reduced,,39.0,9.0,22.0,64.03,23.333333333333332,Low
6,Female,Group C,High school,Free/Reduced,Completed,2.0,74.0,24.0,66.93,33.333333333333336,Low
7,Male,Group C,Some college,Standard,Completed,81.0,39.0,59.0,73.96,59.666666666666664,Medium
8,Male,Group B,Master's degree,Free/Reduced,,6.0,54.0,36.0,73.19,32.0,Low
9,Male,Group D,Bachelor's degree,Free/Reduced,,30.0,72.0,67.0,89.97,56.333333333333336,Medium
10,Female,Group D,Master's degree,Free/Reduced,Completed,64.0,39.0,76.0,62.99,59.666666666666664,Medium
11,Male,Group A,Master's degree,Free/Reduced,,94.0,75.0,17.0,94.42,62.0,Medium
12,Male,Group A,Bachelor's degree,Free/Reduced,,49.0,80.0,28.0,92.65,52.333333333333336,Medium
13,Male,Group D,Bachelor's degree,Free/Reduced,,76.0,95.0,29.0,90.64,66.66666666666667,Medium
14,Male,Group E,Some college,Standard,,92.0,22.0,91.0,72.37,68.33333333333333,Medium
15,Female,Group C,Bachelor's degree,Standard,,2.0,14.0,6.0,92.92,7.333333333333333,Low
16,Male,Group E,Associate degree,Free/Reduced,Completed,92.0,91.0,87.0,67.31,90.0,High
17,Female,Group C,Associate degree,Standard,,34.0,4.0,40.0,64.98,26.0,Low
18,Female,Group D,Some college,Standard,,14.0,39.0,73.0,61.8,42.0,Low
19,Female,Group A,High school,Free/Reduced,,20.0,17.0,36.0,97.57,24.333333333333332,Low
20,Male,Group A,Master's degree,Standard,Completed,61.0,20.0,26.0,72.32,35.666666666666664,Low
21,Female,Group E,Associate degree,Free/Reduced,Completed,82.0,78.0,20.0,96.7,60.0,Medium
22,Male,Group A,Bachelor's degree,Standard,,27.0,2.0,99.0,70.9,42.666666666666664,Low
23,Female,Group D,Some college,Free/Reduced,,3.0,45.0,42.0,96.3,30.0,Low
24,Female,Group E,High school,Standard,,12.0,89.0,50.0,96.16,50.333333333333336,Medium
25,Female,Group C,High school,Standard,,78.0,78.0,92.0,96.95,82.66666666666667,High
26,Female,Group A,Master's degree,Standard,Completed,50.0,52.0,70.0,79.85,57.333333333333336,Medium
27,Female,Group B,Associate degree,Standard,Completed,47.0,19.0,12.0,94.64,26.0,Low
28,Female,Group A,Bachelor's degree,Free/Reduced,,38.0,58.0,52.0,98.03,49.333333333333336,Low
29,Female,Group C,Some college,Standard,,95.0,20.0,86.0,72.98,67.0,Medium
30,Female,Group E,High school,Free/Reduced,Completed,66.0,89.0,62.0,76.75,72.33333333333333,Medium
31,Male,Group C,Master's degree,Free/Reduced,Completed,93.0,86.0,50.0,88.77,76.33333333333333,High
32,Male,Group B,Associate degree,Standard,,57.0,50.0,24.0,72.01,43.666666666666664,Low
33,Female,Group D,Associate degree,Standard,,83.0,24.0,12.0,90.15,39.666666666666664,Low
34,Female,Group A,Some college,Free/Reduced,,49.0,67.0,36.0,62.96,50.666666666666664,Medium
35,Female,Group E,High school,Standard,Completed,24.0,9.0,29.0,80.94,20.666666666666668,Low
36,Male,Group D,Some college,Free/Reduced,Completed,10.0,85.0,89.0,64.89,61.333333333333336,Medium
37,Female,Group C,Some college,Standard,Completed,0.0,66.0,11.0,71.73,25.666666666666668,Low
38,Male,Group E,Master's degree,Free/Reduced,Completed,47.0,82.0,64.0,70.35,64.33333333333333,Medium
39,Male,Group D,Associate degree,Standard,,47.0,94.0,17.0,93.56,52.666666666666664,Medium
40,Male,Group E,Bachelor's degree,Standard,Completed,9.0,8.0,84.0,67.74,33.666666666666664,Low
41,Male,Group B,Master's degree,Free/Reduced,Completed,80.0,28.0,61.0,92.34,56.333333333333336,Medium
42,Male,Group B,Associate degree,Free/Reduced,Completed,29.0,36.0,50.0,91.76,38.333333333333336,Low
43,Female,Group A,Master's degree,Free/Reduced,,34.0,70.0,59.0,79.96,54.333333333333336,Medium
44,Female,Group A,Bachelor's degree,Standard,Completed,18.0,37.0,16.0,69.35,23.666666666666668,Low
45,Female,Group B,High school,Standard,Completed,52.0,87.0,59.0,69.08,66.0,Medium
46,Female,Group E,Bachelor's degree,Standard,Completed,33.0,71.0,8.0,78.6,37.333333333333336,Low
47,Female,Group B,High school,Standard,,31.0,97.0,51.0,60.35,59.666666666666664,Medium
48,Male,Group A,Bachelor's degree,Free/Reduced,Completed,75.0,58.0,91.0,81.25,74.66666666666667,Medium
49,Female,Group B,Some college,Free/Reduced,,80.0,56.0,14.0,98.11,50.0,Medium
50,Female,Group B,Bachelor's degree,Standard,,5.0,89.0,76.0,66.19,56.666666666666664,Medium
51,Male,Group E,Master's degree,Standard,Completed,12.0,59.0,27.0,82.93,32.666666666666664,Low
52,Female,Group D,High school,Standard,,85.0,27.0,80.0,98.47,64.0,Medium
53,Male,Group A,Associate degree,Free/Reduced,Completed,49.0,27.0,8.0,94.42,28.0,Low
54,Female,Group E,Master's degree,Free/Reduced,,63.0,45.0,55.0,94.02,54.333333333333336,Medium
55,Male,Group B,High school,Standard,,6.0,70.0,84.0,92.87,53.333333333333336,Medium
56,Female,Group B,High school,Free/Reduced,Completed,44.0,66.0,50.0,72.36,53.333333333333336,Medium
57,Female,Group D,Associate degree,Standard,Completed,49.0,85.0,74.0,95.62,69.33333333333333,Medium
58,Male,Group A,Some college,Standard,,84.0,54.0,93.0,97.65,77.0,High
59,Male,Group A,Master's degree,Free/Reduced,,64.0,37.0,35.0,79.83,45.333333333333336,Low
60,Male,Group C,Associate degree,Free/Reduced,,49.0,17.0,55.0,74.18,40.333333333333336,Low
61,Male,Group A,Associate degree,Free/Reduced,,18.0,75.0,88.0,76.57,60.333333333333336,Medium
62,Male,Group D,Some college,Free/Reduced,Completed,46.0,94.0,70.0,73.37,70.0,Medium
63,Male,Group C,Master's degree,Standard,,45.0,62.0,19.0,68.5,42.0,Low
64,Male,Group C,Associate degree,Free/Reduced,,28.0,4.0,54.0,84.74,28.666666666666668,Low
65,Male,Group B,Some college,Free/Reduced,Completed,49.0,43.0,59.0,82.5,50.333333333333336,Medium
66,Female,Group B,Master's degree,Free/Reduced,,83.0,28.0,34.0,78.5,48.333333333333336,Low
67,Female,Group A,Bachelor's degree,Free/Reduced,Completed,99.0,99.0,73.0,63.83,90.33333333333333,High
68,Male,Group C,High school,Standard,Completed,60.0,13.0,98.0,91.88,57.0,Medium
69,Female,Group B,Some college,Standard,Completed,64.0,57.0,0.0,67.0,40.333333333333336,Low
70,Female,Group D,High school,Free/Reduced,,22.0,51.0,77.0,64.58,50.0,Medium
71,Female,Group B,Bachelor's degree,Free/Reduced,Completed,94.0,17.0,44.0,84.92,51.666666666666664,Medium
72,Female,Group B,Associate degree,Standard,Completed,50.0,6.0,68.0,75.95,41.333333333333336,Low
73,Male,Group C,Associate degree,Standard,Completed,62.0,86.0,39.0,62.39,62.333333333333336,Medium
74,Female,Group C,Master's degree,Free/Reduced,,98.0,96.0,37.0,74.22,77.0,High
75,Male,Group E,Some college,Standard,,21.0,61.0,97.0,90.87,59.666666666666664,Medium
76,Female,Group D,Some college,Standard,,70.0,44.0,23.0,84.61,45.666666666666664,Low
77,Female,Group C,Master's degree,Standard,,32.0,15.0,3.0,74.51,16.666666666666668,Low
78,Female,Group A,High school,Standard,Completed,99.0,51.0,90.0,67.67,80.0,High
79,Male,Group D,Associate degree,Free/Reduced,Completed,43.0,36.0,50.0,85.27,43.0,Low
80,Female,Group D,Associate degree,Standard,Completed,6.0,24.0,12.0,95.5,14.0,Low
81,Male,Group C,Some college,Standard,,90.0,8.0,20.0,85.85,39.333333333333336,Low
82,Female,Group D,Some college,Free/Reduced,Completed,1.0,54.0,100.0,92.52,51.666666666666664,Medium
83,Male,Group C,Master's degree,Free/Reduced,,16.0,27.0,31.0,80.86,24.666666666666668,Low
84,Female,Group B,Bachelor's degree,Free/Reduced,,64.0,8.0,37.0,88.72,36.333333333333336,Low
85,Male,Group E,High school,Standard,,57.0,11.0,94.0,95.85,54.0,Medium
86,Male,Group B,Bachelor's degree,Free/Reduced,Completed,29.0,17.0,31.0,90.93,25.666666666666668,Low
87,Female,Group C,Bachelor's degree,Standard,Completed,85.0,90.0,78.0,96.39,84.33333333333333,High
88,Male,Group C,Some college,Free/Reduced,,91.0,89.0,56.0,77.25,78.66666666666667,High
89,Female,Group B,Some college,Standard,Completed,96.0,51.0,47.0,96.17,64.66666666666667,Medium
90,Female,Group A,Some college,Free/Reduced,,25.0,89.0,29.0,84.86,47.666666666666664,Low
91,Female,Group A,Bachelor's degree,Free/Reduced,Completed,34.0,73.0,70.0,94.8,59.0,Medium
92,Female,Group A,High school,Standard,,62.0,57.0,37.0,61.58,52.0,Medium
93,Female,Group C,Some college,Free/Reduced,,74.0,80.0,94.0,86.31,82.66666666666667,High
94,Female,Group D,Associate degree,Free/Reduced,,70.0,50.0,43.0,93.92,54.333333333333336,Medium
95,Female,Group C,High school,Free/Reduced,Completed,27.0,31.0,25.0,66.97,27.666666666666668,Low
96,Female,Group D,Associate degree,Free/Reduced,Completed,24.0,87.0,99.0,86.47,70.0,Medium
97,Female,Group B,High school,Free/Reduced,Completed,60.0,47.0,89.0,93.0,65.33333333333333,Medium
98,Female,Group E,Some college,Standard,Completed,30.0,7.0,1.0,71.52,12.666666666666666,Low
99,Female,Group D,Master's degree,Standard,Completed,53.0,29.0,42.0,76.21,41.333333333333336,Low
100,Male,Group A,Some college,Free/Reduced,,66.0,25.0,42.0,82.78,44.333333333333336,Low
101,Male,Group C,Bachelor's degree,Free/Reduced,Completed,96.0,23.0,62.0,80.77,60.333333333333336,Medium
102,Female,Group B,Bachelor's degree,Standard,,50.0,26.0,72.0,61.57,49.333333333333336,Low
103,Female,Group A,High school,Standard,Completed,57.0,78.0,57.0,63.95,64.0,Medium
104,Female,Group B,Bachelor's degree,Free/Reduced,Completed,33.0,91.0,47.0,64.02,57.0,Medium
105,Female,Group E,Some college,Standard,Completed,58.0,51.0,4.0,70.49,37.666666666666664,Low
106,Female,Group C,Associate degree,Free/Reduced,,20.0,38.0,90.0,69.83,49.333333333333336,Low
107,Female,Group C,Some college,Free/Reduced,Completed,55.0,65.0,75.0,89.69,65.0,Medium
108,Female,Group E,High school,Free/Reduced,,36.0,50.0,34.0,82.91,40.0,Low
109,Female,Group C,Bachelor's degree,Free/Reduced,Completed,63.0,72.0,92.0,90.56,75.66666666666667,High
110,Male,Group D,Associate degree,Standard,,18.0,49.0,15.0,62.8,27.333333333333332,Low
111,Female,Group B,Master's degree,Standard,,100.0,44.0,82.0,79.41,75.33333333333333,High
112,Male,Group A,Associate degree,Standard,,84.0,86.0,48.0,72.95,72.66666666666667,Medium
113,Female,Group E,Associate degree,Free/Reduced,,77.0,32.0,59.0,94.0,56.0,Medium
114,Female,Group D,Some college,Standard,Completed,73.0,18.0,50.0,88.31,47.0,Low
115,Male,Group A,Master's degree,Free/Reduced,Completed,52.0,51.0,90.0,94.77,64.33333333333333,Medium
116,Female,Group A,High school,Free/Reduced,,70.0,77.0,81.0,61.86,76.0,High
117,Male,Group E,High school,Standard,Completed,92.0,95.0,58.0,88.83,81.66666666666667,High
118,Female,Group D,Associate degree,Free/Reduced,,62.0,21.0,63.0,81.6,48.666666666666664,Low
119,Female,Group A,Associate degree,Free/Reduced,Completed,61.0,19.0,12.0,93.0,30.666666666666668,Low
120,Male,Group A,Bachelor's degree,Free/Reduced,Completed,49.0,96.0,93.0,80.29,79.33333333333333,High
121,Female,Group D,Master's degree,Standard,Completed,76.0,4.0,25.0,81.61,35.0,Low
122,Male,Group C,Associate degree,Free/Reduced,,18.0,83.0,69.0,62.07,56.666666666666664,Medium
123,Female,Group A,Bachelor's degree,Standard,Completed,49.0,77.0,2.0,86.74,42.666666666666664,Low
124,Male,Group B,Master's degree,Free/Reduced,,1.0,90.0,86.0,70.93,59.0,Medium
125,Male,Group D,High school,Standard,Completed,5.0,89.0,11.0,60.79,35.0,Low
126,Female,Group A,Bachelor's degree,Free/Reduced,,28.0,31.0,40.0,62.66,33.0,Low
127,Female,Group E,Master's degree,Standard,Completed,40.0,29.0,78.0,98.29,49.0,Low
128,Male,Group B,Bachelor's degree,Standard,,50.0,90.0,64.0,73.84,68.0,Medium
129,Female,Group A,Associate degree,Free/Reduced,,4.0,25.0,62.0,94.72,30.333333333333332,Low
130,Female,Group B,Some college,Free/Reduced,,40.0,81.0,49.0,98.39,56.666666666666664,Medium
131,Female,Group B,High school,Free/Reduced,Completed,61.0,86.0,46.0,97.73,64.33333333333333,Medium
132,Male,Group C,Associate degree,Free/Reduced,,29.0,87.0,7.0,95.27,41.0,Low
133,Male,Group B,Associate degree,Standard,Completed,61.0,3.0,30.0,95.79,31.333333333333332,Low
134,Male,Group C,Master's degree,Free/Reduced,,99.0,66.0,10.0,71.56,58.333333333333336,Medium
135,Male,Group D,Bachelor's degree,Standard,,26.0,42.0,16.0,66.06,28.0,Low
136,Male,Group C,High school,Free/Reduced,,49.0,29.0,26.0,85.57,34.666666666666664,Low
137,Male,Group E,Associate degree,Standard,Completed,81.0,15.0,50.0,79.52,48.666666666666664,Low
138,Male,Group A,Master's degree,Standard,Completed,51.0,70.0,26.0,63.95,49.0,Low
139,Male,Group D,High school,Standard,Completed,48.0,38.0,77.0,87.1,54.333333333333336,Medium
140,Male,Group D,Bachelor's degree,Free/Reduced,Completed,61.0,85.0,86.0,82.51,77.33333333333333,High
141,Female,Group E,Associate degree,Free/Reduced,Completed,99.0,40.0,55.0,94.52,64.66666666666667,Medium
142,Male,Group C,Associate degree,Standard,Completed,59.0,30.0,50.0,84.37,46.333333333333336,Low
143,Female,Group A,Associate degree,Standard,Completed,79.0,48.0,93.0,82.96,73.33333333333333,Medium
144,Female,Group C,High school,Standard,,53.0,12.0,97.0,77.63,54.0,Medium
145,Female,Group B,High school,Standard,,4.0,51.0,46.0,78.51,33.666666666666664,Low
146,Male,Group C,High school,Standard,Completed,8.0,92.0,18.0,98.18,39.333333333333336,Low
147,Male,Group D,High school,Free/Reduced,Completed,33.0,27.0,56.0,65.54,38.666666666666664,Low
148,Male,Group A,Master's degree,Standard,Completed,97.0,63.0,30.0,77.85,63.333333333333336,Medium
149,Male,Group C,Some college,Free/Reduced,Completed,35.0,18.0,15.0,86.23,22.666666666666668,Low
150,Female,Group A,Master's degree,Free/Reduced,Completed,94.0,51.0,44.0,77.32,63.0,Medium
151,Male,Group A,Associate degree,Free/Reduced,,19.0,51.0,26.0,71.33,32.0,Low
152,Male,Group B,Master's degree,Standard,Completed,80.0,24.0,60.0,71.49,54.666666666666664,Medium
153,Male,Group B,Bachelor's degree,Standard,Completed,83.0,37.0,25.0,69.35,48.333333333333336,Low
154,Male,Group D,High school,Standard,Completed,91.0,98.0,28.0,73.76,72.33333333333333,Medium
155,Male,Group E,Bachelor's degree,Standard,,84.0,89.0,43.0,94.87,72.0,Medium
156,Female,Group A,Bachelor's degree,Free/Reduced,,82.0,51.0,28.0,80.21,53.666666666666664,Medium
157,Male,Group E,Associate degree,Free/Reduced,,49.0,1.0,94.0,69.61,48.0,Low
158,Female,Group D,High school,Free/Reduced,,66.0,4.0,1.0,75.38,23.666666666666668,Low
159,Male,Group A,Bachelor's degree,Standard,Completed,49.0,60.0,5.0,64.23,38.0,Low
160,Female,Group A,Associate degree,Standard,,68.0,19.0,8.0,96.16,31.666666666666668,Low
161,Male,Group E,High school,Standard,,69.0,75.0,14.0,76.33,52.666666666666664,Medium
162,Male,Group C,Some college,Standard,,2.0,37.0,83.0,99.22,40.666666666666664,Low
163,Female,Group B,Associate degree,Standard,,48.0,79.0,57.0,73.9,61.333333333333336,Medium
164,Female,Group C,Master's degree,Standard,,41.0,100.0,1.0,93.45,47.333333333333336,Low
165,Female,Group E,High school,Free/Reduced,Completed,23.0,35.0,2.0,70.26,20.0,Low
166,Male,Group B,Bachelor's degree,Free/Reduced,,43.0,45.0,51.0,63.05,46.333333333333336,Low
167,Female,Group C,Bachelor's degree,Standard,,0.0,92.0,54.0,61.27,48.666666666666664,Low
168,Male,Group B,Master's degree,Free/Reduced,,53.0,98.0,52.0,84.25,67.66666666666667,Medium
169,Male,Group A,Master's degree,Free/Reduced,Completed,51.0,36.0,93.0,72.46,60.0,Medium
170,Female,Group C,Bachelor's degree,Free/Reduced,Completed,35.0,53.0,71.0,77.74,53.0,Medium
171,Female,Group B,High school,Free/Reduced,Completed,78.0,20.0,39.0,92.75,45.666666666666664,Low
172,Male,Group B,Associate degree,Standard,Completed,37.0,20.0,84.0,69.92,47.0,Low
173,Male,Group B,Master's degree,Free/Reduced,Completed,43.0,91.0,38.0,72.35,57.333333333333336,Medium
174,Female,Group C,Master's degree,Standard,Completed,81.0,69.0,42.0,93.81,64.0,Medium
175,Female,Group D,Master's degree,Standard,Completed,86.0,83.0,12.0,79.71,60.333333333333336,Medium
176,Female,Group C,Some college,Free/Reduced,Completed,46.0,59.0,36.0,93.11,47.0,Low
177,Male,Group E,High school,Standard,,28.0,35.0,54.0,74.98,39.0,Low
178,Male,Group C,High school,Free/Reduced,,50.0,76.0,31.0,75.93,52.333333333333336,Medium
179,Male,Group B,High school,Standard,Completed,40.0,10.0,13.0,66.69,21.0,Low
180,Male,Group A,High school,Standard,,85.0,87.0,64.0,96.65,78.66666666666667,High
181,Male,Group C,High school,Free/Reduced,Completed,63.0,82.0,26.0,95.87,57.0,Medium
182,Male,Group C,Bachelor's degree,Free/Reduced,,87.0,86.0,23.0,99.37,65.33333333333333,Medium
183,Female,Group B,Master's degree,Standard,,47.0,30.0,21.0,76.1,32.666666666666664,Low
184,Male,Group A,Bachelor's degree,Free/Reduced,Completed,76.0,100.0,77.0,92.74,84.33333333333333,High
185,Male,Group A,Some college,Standard,,96.0,36.0,44.0,76.6,58.666666666666664,Medium
186,Male,Group E,Associate degree,Free/Reduced,Completed,21.0,59.0,7.0,78.17,29.0,Low
187,Female,Group C,Master's degree,Standard,Completed,98.0,60.0,90.0,93.2,82.66666666666667,High
188,Male,Group A,Some college,Standard,,16.0,66.0,66.0,67.09,49.333333333333336,Low
189,Male,Group A,Bachelor's degree,Standard,Completed,85.0,97.0,63.0,68.81,81.66666666666667,High
190,Female,Group D,Associate degree,Standard,,4.0,28.0,96.0,72.59,42.666666666666664,Low
191,Male,Group D,Some college,Standard,,60.0,66.0,46.0,91.53,57.333333333333336,Medium
192,Male,Group A,Associate degree,Free/Reduced,Completed,88.0,78.0,20.0,74.91,62.0,Medium
193,Male,Group E,Some college,Standard,Completed,5.0,70.0,31.0,74.33,35.333333333333336,Low
194,Male,Group A,Bachelor's degree,Free/Reduced,Completed,52.0,66.0,50.0,99.95,56.0,Medium
195,Male,Group B,Associate degree,Free/Reduced,Completed,80.0,15.0,43.0,75.35,46.0,Low
196,Female,Group C,Some college,Standard,Completed,49.0,44.0,40.0,69.91,44.333333333333336,Low
197,Female,Group E,Bachelor's degree,Standard,,16.0,33.0,95.0,84.93,48.0,Low
198,Female,Group B,Master's degree,Free/Reduced,Completed,58.0,83.0,51.0,92.08,64.0,Medium
199,Male,Group E,Bachelor's degree,Standard,,96.0,43.0,87.0,62.78,75.33333333333333,High
200,Male,Group B,Bachelor's degree,Standard,Completed,38.0,96.0,10.0,84.76,48.0,Low
201,Male,Group C,Master's degree,Free/Reduced,,53.0,77.0,100.0,61.43,76.66666666666667,High
202,Female,Group C,Bachelor's degree,Free/Reduced,,47.0,41.0,84.0,81.05,57.333333333333336,Medium
203,Male,Group D,Master's degree,Free/Reduced,,36.0,34.0,17.0,70.28,29.0,Low
204,Male,Group B,Master's degree,Free/Reduced,,47.0,74.0,10.0,72.27,43.666666666666664,Low
205,Female,Group D,Master's degree,Free/Reduced,,67.0,83.0,26.0,78.68,58.666666666666664,Medium
206,Male,Group B,Some college,Free/Reduced,Completed,77.0,29.0,42.0,97.08,49.333333333333336,Low
207,Female,Group D,Associate degree,Standard,,76.0,52.0,64.0,88.43,64.0,Medium
208,Female,Group C,Some college,Free/Reduced,Completed,26.0,57.0,53.0,97.47,45.333333333333336,Low
209,Female,Group E,Master's degree,Free/Reduced,,49.0,27.0,28.0,86.4,34.666666666666664,Low
210,Male,Group D,Associate degree,Standard,Completed,26.0,14.0,20.0,60.28,20.0,Low
211,Male,Group B,Associate degree,Standard,,71.0,37.0,28.0,70.62,45.333333333333336,Low
212,Male,Group B,Master's degree,Standard,,62.0,49.0,8.0,96.23,39.666666666666664,Low
213,Male,Group C,Associate degree,Standard,Completed,51.0,12.0,60.0,85.74,41.0,Low
214,Male,Group B,Associate degree,Standard,Completed,46.0,34.0,61.0,99.27,47.0,Low
215,Male,Group A,Some college,Standard,,20.0,23.0,70.0,66.24,37.666666666666664,Low
216,Male,Group E,Associate degree,Free/Reduced,,56.0,64.0,50.0,71.87,56.666666666666664,Medium
217,Female,Group D,Master's degree,Standard,Completed,74.0,87.0,90.0,74.49,83.66666666666667,High
218,Male,Group E,High school,Standard,,94.0,90.0,95.0,73.06,93.0,High
219,Female,Group C,High school,Standard,,90.0,17.0,4.0,70.08,37.0,Low
220,Male,Group D,High school,Standard,Completed,41.0,57.0,96.0,77.74,64.66666666666667,Medium
221,Male,Group D,Master's degree,Free/Reduced,,47.0,25.0,14.0,85.69,28.666666666666668,Low
222,Male,Group A,High school,Standard,,49.0,28.0,56.0,72.45,44.333333333333336,Low
223,Female,Group C,Some college,Standard,Completed,71.0,71.0,4.0,63.19,48.666666666666664,Low
224,Female,Group B,Master's degree,Free/Reduced,,32.0,43.0,19.0,88.34,31.333333333333332,Low
225,Female,Group A,Master's degree,Free/Reduced,Completed,49.0,89.0,100.0,78.36,79.33333333333333,High
226,Female,Group A,Master's degree,Free/Reduced,Completed,34.0,4.0,80.0,82.26,39.333333333333336,Low
227,Male,Group E,Associate degree,Standard,,97.0,32.0,3.0,78.22,44.0,Low
228,Female,Group E,Associate degree,Free/Reduced,,15.0,4.0,55.0,95.61,24.666666666666668,Low
229,Male,Group E,Associate degree,Free/Reduced,Completed,35.0,35.0,84.0,82.35,51.333333333333336,Medium
230,Male,Group A,Bachelor's degree,Free/Reduced,Completed,65.0,76.0,33.0,96.93,58.0,Medium
231,Female,Group B,Some college,Standard,,75.0,80.0,39.0,80.42,64.66666666666667,Medium
232,Female,Group D,Master's degree,Standard,Completed,90.0,12.0,68.0,71.7,56.666666666666664,Medium
233,Female,Group E,Master's degree,Free/Reduced,,55.0,24.0,67.0,74.22,48.666666666666664,Low
234,Female,Group B,Associate degree,Standard,Completed,16.0,57.0,21.0,80.89,31.333333333333332,Low
235,Female,Group C,Master's degree,Standard,Completed,19.0,1.0,13.0,81.2,11.0,Low
236,Female,Group E,Master's degree,Standard,Completed,84.0,87.0,67.0,87.49,79.33333333333333,High
237,Female,Group D,High school,Standard,,93.0,35.0,7.0,68.98,45.0,Low
238,Female,Group C,Master's degree,Standard,Completed,83.0,24.0,66.0,86.35,57.666666666666664,Medium
239,Male,Group C,Bachelor's degree,Free/Reduced,Completed,7.0,33.0,45.0,91.14,28.333333333333332,Low
240,Female,Group D,Associate degree,Free/Reduced,Completed,17.0,11.0,28.0,87.06,18.666666666666668,Low
241,Female,Group E,Some college,Free/Reduced,Completed,17.0,18.0,89.0,79.27,41.333333333333336,Low
242,Male,Group A,Some college,Free/Reduced,,17.0,93.0,93.0,99.67,67.66666666666667,Medium
243,Female,Group D,High school,Standard,Completed,1.0,36.0,11.0,76.19,16.0,Low
244,Male,Group D,Some college,Free/Reduced,,75.0,0.0,50.0,64.26,41.666666666666664,Low
245,Male,Group D,Some college,Free/Reduced,Completed,49.0,59.0,51.0,92.86,53.0,Medium
246,Female,Group C,Associate degree,Standard,Completed,71.0,66.0,57.0,68.49,64.66666666666667,Medium
247,Male,Group B,Associate degree,Standard,,50.0,48.0,1.0,88.53,33.0,Low
248,Male,Group A,Bachelor's degree,Standard,,9.0,89.0,0.0,67.16,32.666666666666664,Low
249,Male,Group E,High school,Standard,Completed,74.0,78.0,54.0,60.68,68.66666666666667,Medium
250,Male,Group E,Some college,Free/Reduced,Completed,13.0,45.0,91.0,66.39,49.666666666666664,Low
251,Female,Group B,Bachelor's degree,Standard,Completed,25.0,47.0,98.0,75.08,56.666666666666664,Medium
252,Male,Group D,High school,Standard,,46.0,51.0,33.0,64.26,43.333333333333336,Low
253,Female,Group A,Master's degree,Standard,Completed,29.0,67.0,63.0,67.91,53.0,Medium
254,Male,Group E,Some college,Standard,,55.0,18.0,67.0,90.59,46.666666666666664,Low
255,Male,Group E,Master's degree,Standard,Completed,41.0,87.0,81.0,90.8,69.66666666666667,Medium
256,Male,Group D,Master's degree,Standard,,3.0,39.0,11.0,92.7,17.666666666666668,Low
257,Male,Group B,High school,Free/Reduced,,10.0,5.0,49.0,93.65,21.333333333333332,Low
258,Female,Group A,Some college,Free/Reduced,,23.0,79.0,20.0,76.82,40.666666666666664,Low
259,Female,Group B,High school,Free/Reduced,Completed,85.0,95.0,9.0,94.7,63.0,Medium
260,Male,Group B,Bachelor's degree,Standard,Completed,66.0,93.0,84.0,81.04,81.0,High
261,Male,Group A,Bachelor's degree,Standard,,36.0,62.0,88.0,78.82,62.0,Medium
262,Female,Group A,Master's degree,Free/Reduced,,1.0,34.0,80.0,88.74,38.333333333333336,Low
263,Male,Group E,Some college,Free/Reduced,,11.0,71.0,69.0,68.55,50.333333333333336,Medium
264,Male,Group E,Associate degree,Free/Reduced,Completed,20.0,60.0,13.0,91.58,31.0,Low
265,Male,Group A,Some college,Free/Reduced,Completed,68.0,4.0,100.0,77.18,57.333333333333336,Medium
266,Female,Group C,High school,Standard,Completed,70.0,36.0,39.0,65.09,48.333333333333336,Low
267,Female,Group E,Bachelor's degree,Free/Reduced,,63.0,75.0,81.0,64.77,73.0,Medium
268,Female,Group C,High school,Standard,Completed,67.0,88.0,29.0,66.6,61.333333333333336,Medium
269,Male,Group A,Master's degree,Standard,Completed,42.0,96.0,72.0,95.62,70.0,Medium
270,Male,Group E,Bachelor's degree,Standard,Completed,53.0,87.0,13.0,99.64,51.0,Medium
271,Female,Group B,Master's degree,Free/Reduced,,99.0,10.0,51.0,74.28,53.333333333333336,Medium
272,Female,Group A,Bachelor's degree,Free/Reduced,Completed,61.0,98.0,16.0,71.69,58.333333333333336,Medium
273,Female,Group D,Some college,Free/Reduced,Completed,85.0,39.0,61.0,68.75,61.666666666666664,Medium
274,Female,Group C,Some college,Standard,Completed,92.0,64.0,97.0,92.95,84.33333333333333,High
275,Male,Group A,Bachelor's degree,Standard,Completed,72.0,7.0,21.0,68.37,33.333333333333336,Low
276,Female,Group A,Master's degree,Free/Reduced,Completed,89.0,86.0,50.0,96.96,75.0,High
277,Male,Group E,Some college,Standard,,11.0,83.0,31.0,86.69,41.666666666666664,Low
278,Female,Group E,Some college,Free/Reduced,,0.0,95.0,75.0,95.89,56.666666666666664,Medium
279,Male,Group E,Associate degree,Standard,,71.0,10.0,54.0,82.16,45.0,Low
280,Female,Group D,Bachelor's degree,Standard,,32.0,70.0,79.0,87.63,60.333333333333336,Medium
281,Female,Group E,Some college,Standard,Completed,63.0,57.0,21.0,84.78,47.0,Low
282,Female,Group A,Master's degree,Standard,Completed,67.0,93.0,37.0,93.25,65.66666666666667,Medium
283,Female,Group E,High school,Standard,,13.0,47.0,49.0,93.43,36.333333333333336,Low
284,Male,Group B,Bachelor's degree,Standard,,92.0,12.0,65.0,83.59,56.333333333333336,Medium
285,Female,Group E,Associate degree,Standard,,13.0,59.0,44.0,85.3,38.666666666666664,Low
286,Male,Group D,Some college,Free/Reduced,Completed,8.0,48.0,7.0,96.88,21.0,Low
287,Male,Group B,Master's degree,Standard,Completed,72.0,66.0,64.0,97.19,67.33333333333333,Medium
288,Male,Group A,Bachelor's degree,Standard,Completed,25.0,6.0,39.0,86.57,23.333333333333332,Low
289,Male,Group A,Master's degree,Free/Reduced,,48.0,76.0,4.0,60.31,42.666666666666664,Low
290,Female,Group C,Master's degree,Free/Reduced,,16.0,100.0,44.0,64.18,53.333333333333336,Medium
291,Male,Group B,Associate degree,Free/Reduced,,67.0,24.0,45.0,94.32,45.333333333333336,Low
292,Male,Group C,Bachelor's degree,Free/Reduced,Completed,59.0,22.0,35.0,63.39,38.666666666666664,Low
293,Male,Group B,Some college,Standard,Completed,2.0,50.0,16.0,68.54,22.666666666666668,Low
294,Female,Group B,Associate degree,Standard,,92.0,46.0,40.0,69.22,59.333333333333336,Medium
295,Female,Group D,Some college,Free/Reduced,,24.0,96.0,29.0,84.01,49.666666666666664,Low
296,Female,Group C,Master's degree,Standard,Completed,20.0,4.0,51.0,83.07,25.0,Low
297,Female,Group D,Master's degree,Free/Reduced,Completed,11.0,95.0,78.0,71.58,61.333333333333336,Medium
298,Male,Group B,High school,Standard,,53.0,93.0,19.0,68.3,55.0,Medium
299,Male,Group A,Master's degree,Standard,,0.0,94.0,35.0,90.58,43.0,Low
300,Female,Group B,Associate degree,Standard,Completed,0.0,12.0,65.0,97.42,25.666666666666668,Low
301,Male,Group D,Some college,Standard,,44.0,41.0,44.0,62.11,43.0,Low
302,Male,Group C,Some college,Standard,,45.0,4.0,3.0,65.33,17.333333333333332,Low
303,Male,Group C,Associate degree,Free/Reduced,Completed,47.0,22.0,49.0,85.69,39.333333333333336,Low
304,Female,Group D,Bachelor's degree,Standard,,6.0,61.0,87.0,92.18,51.333333333333336,Medium
305,Female,Group C,High school,Standard,Completed,9.0,0.0,54.0,91.65,21.0,Low
306,Male,Group E,High school,Standard,,14.0,73.0,58.0,88.79,48.333333333333336,Low
307,Female,Group A,Some college,Standard,Completed,39.0,90.0,41.0,95.5,56.666666666666664,Medium
308,Female,Group A,Some college,Standard,,10.0,53.0,1.0,68.69,21.333333333333332,Low
309,Female,Group A,Some college,Free/Reduced,,55.0,71.0,45.0,64.29,57.0,Medium
310,Female,Group C,Associate degree,Standard,,45.0,2.0,1.0,84.61,16.0,Low
311,Female,Group C,Bachelor's degree,Free/Reduced,Completed,44.0,82.0,49.0,92.89,58.333333333333336,Medium
312,Male,Group B,High school,Standard,,86.0,63.0,0.0,83.28,49.666666666666664,Low
313,Female,Group B,Master's degree,Standard,,49.0,50.0,12.0,98.52,37.0,Low
314,Male,Group A,Associate degree,Free/Reduced,Completed,26.0,1.0,69.0,91.82,32.0,Low
315,Male,Group E,High school,Standard,,80.0,48.0,21.0,88.03,49.666666666666664,Low
316,Female,Group B,Bachelor's degree,Standard,Completed,49.0,30.0,16.0,62.41,31.666666666666668,Low
317,Male,Group B,Associate degree,Free/Reduced,Completed,60.0,73.0,58.0,64.31,63.666666666666664,Medium
318,Male,Group C,High school,Standard,Completed,12.0,79.0,85.0,91.39,58.666666666666664,Medium
319,Male,Group E,Associate degree,Free/Reduced,,11.0,100.0,69.0,67.93,60.0,Medium
320,Female,Group A,High school,Free/Reduced,Completed,28.0,83.0,2.0,61.15,37.666666666666664,Low
321,Female,Group B,High school,Free/Reduced,,84.0,2.0,69.0,96.43,51.666666666666664,Medium
322,Male,Group E,Bachelor's degree,Standard,Completed,83.0,34.0,80.0,95.63,65.66666666666667,Medium
323,Female,Group E,Master's degree,Standard,,19.0,97.0,98.0,68.74,71.33333333333333,Medium
324,Female,Group A,Bachelor's degree,Free/Reduced,Completed,30.0,84.0,48.0,91.21,54.0,Medium
325,Female,Group E,High school,Standard,Completed,7.0,35.0,49.0,61.92,30.333333333333332,Low
326,Female,Group E,Associate degree,Free/Reduced,,23.0,63.0,100.0,71.4,62.0,Medium
327,Male,Group E,Bachelor's degree,Standard,Completed,74.0,31.0,34.0,84.95,46.333333333333336,Low
328,Male,Group B,Master's degree,Free/Reduced,,38.0,17.0,22.0,90.53,25.666666666666668,Low
329,Female,Group A,High school,Standard,Completed,32.0,33.0,71.0,60.42,45.333333333333336,Low
330,Female,Group E,Bachelor's degree,Free/Reduced,,41.0,55.0,6.0,73.05,34.0,Low
331,Male,Group E,Bachelor's degree,Standard,Completed,14.0,66.0,49.0,68.57,43.0,Low
332,Male,Group B,Bachelor's degree,Free/Reduced,Completed,67.0,52.0,9.0,99.95,42.666666666666664,Low
333,Female,Group A,Bachelor's degree,Standard,,64.0,66.0,89.0,86.84,73.0,Medium
334,Male,Group C,Associate degree,Free/Reduced,Completed,31.0,90.0,54.0,76.23,58.333333333333336,Medium
335,Female,Group B,Master's degree,Standard,,10.0,65.0,73.0,63.03,49.333333333333336,Low
336,Female,Group A,Master's degree,Standard,,93.0,63.0,18.0,83.95,58.0,Medium
337,Male,Group E,High school,Free/Reduced,Completed,36.0,66.0,22.0,85.67,41.333333333333336,Low
338,Male,Group A,Some college,Standard,Completed,18.0,80.0,94.0,92.66,64.0,Medium
339,Female,Group A,Associate degree,Standard,Completed,50.0,38.0,63.0,71.54,50.333333333333336,Medium
340,Female,Group A,High school,Standard,,99.0,37.0,32.0,99.26,56.0,Medium
341,Male,Group C,High school,Standard,,33.0,39.0,65.0,77.58,45.666666666666664,Low
342,Female,Group A,Bachelor's degree,Free/Reduced,Completed,70.0,51.0,91.0,71.84,70.66666666666667,Medium
343,Male,Group C,Some college,Standard,,59.0,82.0,95.0,73.94,78.66666666666667,High
344,Female,Group E,Some college,Standard,Completed,83.0,4.0,96.0,80.78,61.0,Medium
345,Male,Group C,Associate degree,Free/Reduced,Completed,52.0,68.0,8.0,97.47,42.666666666666664,Low
346,Male,Group E,Some college,Standard,Completed,11.0,13.0,28.0,89.41,17.333333333333332,Low
347,Male,Group E,High school,Free/Reduced,,61.0,90.0,78.0,83.08,76.33333333333333,High
348,Female,Group C,Some college,Standard,,95.0,48.0,17.0,66.51,53.333333333333336,Medium
349,Female,Group B,Some college,Free/Reduced,Completed,65.0,63.0,81.0,65.97,69.66666666666667,Medium
350,Male,Group D,Master's degree,Standard,,49.0,99.0,70.0,80.09,72.66666666666667,Medium
351,Female,Group A,High school,Free/Reduced,Completed,47.0,56.0,77.0,89.15,60.0,Medium
352,Male,Group D,Some college,Free/Reduced,Completed,39.0,34.0,50.0,90.04,41.0,Low
353,Male,Group A,Some college,Free/Reduced,,23.0,84.0,82.0,69.04,63.0,Medium
354,Female,Group A,Bachelor's degree,Standard,Completed,49.0,4.0,60.0,64.0,37.666666666666664,Low
355,Female,Group E,Some college,Free/Reduced,Completed,94.0,87.0,4.0,75.38,61.666666666666664,Medium
356,Male,Group A,Some college,Standard,Completed,67.0,38.0,68.0,96.73,57.666666666666664,Medium
357,Female,Group A,Master's degree,Free/Reduced,Completed,87.0,23.0,55.0,81.81,55.0,Medium
358,Female,Group C,High school,Free/Reduced,Completed,42.0,39.0,51.0,72.8,44.0,Low
359,Male,Group D,Associate degree,Free/Reduced,,16.0,49.0,14.0,72.95,26.333333333333332,Low
360,Male,Group C,High school,Standard,,82.0,76.0,89.0,65.28,82.33333333333333,High
361,Female,Group A,Bachelor's degree,Standard,Completed,54.0,57.0,87.0,78.93,66.0,Medium
362,Male,Group E,High school,Free/Reduced,,33.0,0.0,82.0,91.65,38.333333333333336,Low
363,Male,Group C,Some college,Free/Reduced,Completed,96.0,42.0,19.0,98.74,52.333333333333336,Medium
364,Female,Group C,Bachelor's degree,Free/Reduced,Completed,69.0,38.0,72.0,80.06,59.666666666666664,Medium
365,Male,Group B,High school,Free/Reduced,Completed,59.0,9.0,91.0,66.69,53.0,Medium
366,Male,Group A,Bachelor's degree,Free/Reduced,Completed,50.0,1.0,15.0,87.32,22.0,Low
367,Female,Group E,Associate degree,Free/Reduced,,99.0,62.0,50.0,90.27,70.33333333333333,Medium
368,Female,Group C,High school,Free/Reduced,,49.0,15.0,97.0,62.87,53.666666666666664,Medium
369,Male,Group C,Some college,Free/Reduced,Completed,72.0,36.0,24.0,94.01,44.0,Low
370,Male,Group E,Bachelor's degree,Standard,,34.0,15.0,56.0,93.17,35.0,Low
371,Female,Group A,Master's degree,Free/Reduced,Completed,33.0,86.0,20.0,78.9,46.333333333333336,Low
372,Female,Group B,Bachelor's degree,Standard,,15.0,89.0,4.0,82.42,36.0,Low
373,Female,Group C,Master's degree,Free/Reduced,Completed,49.0,79.0,74.0,88.54,67.33333333333333,Medium
374,Female,Group B,Some college,Standard,Completed,17.0,26.0,8.0,87.07,17.0,Low
375,Male,Group D,Associate degree,Standard,Completed,37.0,62.0,10.0,60.66,36.333333333333336,Low
376,Female,Group A,Master's degree,Free/Reduced,,42.0,93.0,100.0,64.9,78.33333333333333,High
377,Female,Group D,Associate degree,Standard,,31.0,63.0,64.0,66.5,52.666666666666664,Medium
378,Male,Group D,Bachelor's degree,Standard,Completed,6.0,96.0,62.0,90.23,54.666666666666664,Medium
379,Female,Group D,Some college,Free/Reduced,,86.0,31.0,25.0,77.6,47.333333333333336,Low
380,Male,Group A,Master's degree,Free/Reduced,,86.0,8.0,73.0,81.82,55.666666666666664,Medium
381,Female,Group A,Bachelor's degree,Free/Reduced,,45.0,10.0,18.0,90.91,24.333333333333332,Low
382,Female,Group E,High school,Standard,,60.0,100.0,15.0,73.64,58.333333333333336,Medium
383,Female,Group B,Bachelor's degree,Free/Reduced,,17.0,69.0,55.0,89.96,47.0,Low
384,Male,Group B,Associate degree,Standard,,70.0,29.0,100.0,77.69,66.33333333333333,Medium
385,Male,Group E,Some college,Free/Reduced,,39.0,14.0,67.0,75.09,40.0,Low
386,Female,Group E,Some college,Free/Reduced,,87.0,58.0,77.0,73.32,74.0,Medium
387,Male,Group D,Bachelor's degree,Standard,,77.0,47.0,29.0,98.6,51.0,Medium
388,Male,Group E,High school,Standard,,49.0,93.0,6.0,90.88,49.333333333333336,Low
389,Male,Group C,Associate degree,Standard,,4.0,81.0,50.0,60.81,45.0,Low
390,Male,Group B,Bachelor's degree,Free/Reduced,,53.0,75.0,23.0,98.3,50.333333333333336,Medium
391,Male,Group E,Bachelor's degree,Free/Reduced,,85.0,59.0,21.0,91.02,55.0,Medium
392,Male,Group C,Some college,Free/Reduced,Completed,57.0,67.0,46.0,65.97,56.666666666666664,Medium
393,Female,Group C,Associate degree,Standard,Completed,21.0,56.0,29.0,63.05,35.333333333333336,Low
394,Female,Group C,Master's degree,Standard,,73.0,63.0,59.0,72.33,65.0,Medium
395,Male,Group C,Some college,Standard,,89.0,53.0,38.0,84.97,60.0,Medium
396,Female,Group D,Bachelor's degree,Standard,,78.0,79.0,19.0,84.66,58.666666666666664,Medium
397,Female,Group C,Some college,Free/Reduced,Completed,37.0,86.0,25.0,71.03,49.333333333333336,Low
398,Female,Group D,Some college,Standard,Completed,48.0,74.0,48.0,77.83,56.666666666666664,Medium
399,Female,Group D,Master's degree,Standard,,0.0,53.0,68.0,68.48,40.333333333333336,Low
400,Male,Group C,Some college,Free/Reduced,,77.0,58.0,41.0,62.02,58.666666666666664,Medium
401,Female,Group B,Some college,Free/Reduced,,35.0,87.0,5.0,80.68,42.333333333333336,Low
402,Female,Group C,Associate degree,Standard,,94.0,85.0,52.0,73.88,77.0,High
403,Male,Group C,Some college,Standard,,27.0,38.0,33.0,81.72,32.666666666666664,Low
404,Male,Group C,High school,Standard,Completed,97.0,14.0,68.0,97.86,59.666666666666664,Medium
405,Female,Group B,Bachelor's degree,Standard,,34.0,78.0,9.0,65.73,40.333333333333336,Low
406,Female,Group A,Associate degree,Standard,Completed,59.0,73.0,27.0,60.08,53.0,Medium
407,Female,Group A,Some college,Standard,,61.0,27.0,2.0,63.08,30.0,Low
408,Female,Group D,High school,Free/Reduced,,86.0,35.0,76.0,78.51,65.66666666666667,Medium
409,Female,Group D,Bachelor's degree,Free/Reduced,Completed,45.0,53.0,47.0,88.28,48.333333333333336,Low
410,Female,Group B,Associate degree,Free/Reduced,Completed,82.0,16.0,65.0,83.23,54.333333333333336,Medium
411,Male,Group E,High school,Free/Reduced,,81.0,99.0,34.0,79.8,71.33333333333333,Medium
412,Female,Group A,Some college,Standard,Completed,78.0,85.0,51.0,74.16,71.33333333333333,Medium
413,Female,Group D,Master's degree,Standard,,60.0,86.0,61.0,72.4,69.0,Medium
414,Male,Group A,Master's degree,Standard,Completed,64.0,92.0,51.0,75.05,69.0,Medium
415,Male,Group B,Associate degree,Standard,Completed,88.0,21.0,46.0,84.47,51.666666666666664,Medium
416,Male,Group B,High school,Free/Reduced,,25.0,74.0,53.0,66.71,50.666666666666664,Medium
417,Male,Group E,Bachelor's degree,Standard,,34.0,35.0,27.0,90.85,32.0,Low
418,Female,Group E,High school,Standard,Completed,56.0,28.0,100.0,83.01,61.333333333333336,Medium
419,Female,Group B,Master's degree,Standard,,78.0,54.0,22.0,70.77,51.333333333333336,Medium
420,Female,Group D,Associate degree,Standard,Completed,62.0,51.0,86.0,80.05,66.33333333333333,Medium
421,Female,Group A,Some college,Free/Reduced,Completed,3.0,31.0,34.0,98.51,22.666666666666668,Low
422,Female,Group C,High school,Standard,,78.0,13.0,31.0,60.82,40.666666666666664,Low
423,Female,Group E,Master's degree,Free/Reduced,Completed,41.0,17.0,1.0,67.98,19.666666666666668,Low
424,Male,Group C,Bachelor's degree,Standard,,44.0,37.0,15.0,77.94,32.0,Low
425,Female,Group D,Associate degree,Standard,,49.0,100.0,15.0,85.54,54.666666666666664,Medium
426,Male,Group E,Some college,Standard,Completed,64.0,33.0,50.0,68.49,49.0,Low
427,Male,Group C,High school,Free/Reduced,,21.0,44.0,66.0,97.26,43.666666666666664,Low
428,Female,Group D,Bachelor's degree,Standard,Completed,10.0,86.0,91.0,85.7,62.333333333333336,Medium
429,Male,Group A,Some college,Standard,Completed,36.0,31.0,92.0,95.1,53.0,Medium
430,Female,Group D,Master's degree,Standard,,89.0,66.0,53.0,73.17,69.33333333333333,Medium
431,Male,Group E,Master's degree,Free/Reduced,,50.0,62.0,19.0,93.16,43.666666666666664,Low
432,Female,Group B,Bachelor's degree,Free/Reduced,Completed,90.0,54.0,50.0,75.13,64.66666666666667,Medium
433,Male,Group A,Master's degree,Standard,,57.0,42.0,32.0,70.11,43.666666666666664,Low
434,Female,Group C,Associate degree,Free/Reduced,Completed,76.0,21.0,85.0,96.47,60.666666666666664,Medium
435,Female,Group E,Bachelor's degree,Standard,Completed,6.0,86.0,7.0,63.69,33.0,Low
436,Female,Group B,Master's degree,Standard,Completed,7.0,67.0,23.0,97.72,32.333333333333336,Low
437,Female,Group D,High school,Free/Reduced,Completed,50.0,76.0,52.0,78.34,59.333333333333336,Medium
438,Female,Group B,Master's degree,Standard,Completed,22.0,95.0,63.0,99.71,60.0,Medium
439,Male,Group E,Associate degree,Standard,,89.0,28.0,57.0,81.58,58.0,Medium
440,Male,Group E,Some college,Free/Reduced,Completed,90.0,39.0,36.0,90.3,55.0,Medium
441,Male,Group B,Some college,Free/Reduced,Completed,8.0,44.0,83.0,60.28,45.0,Low
442,Female,Group D,Master's degree,Free/Reduced,Completed,45.0,9.0,11.0,79.87,21.666666666666668,Low
443,Male,Group B,Some college,Free/Reduced,Completed,37.0,76.0,83.0,89.5,65.33333333333333,Medium
444,Female,Group E,Master's degree,Standard,Completed,12.0,44.0,83.0,91.31,46.333333333333336,Low
445,Female,Group E,Associate degree,Standard,Completed,6.0,16.0,50.0,66.32,24.0,Low
446,Male,Group C,Some college,Standard,,10.0,1.0,93.0,76.76,34.666666666666664,Low
447,Male,Group C,High school,Standard,,73.0,16.0,30.0,76.76,39.666666666666664,Low
448,Female,Group A,Master's degree,Standard,Completed,49.0,89.0,85.0,64.15,74.33333333333333,Medium
449,Male,Group E,Some college,Standard,Completed,49.0,37.0,78.0,77.72,54.666666666666664,Medium
450,Female,Group C,Associate degree,Standard,Completed,66.0,36.0,37.0,92.28,46.333333333333336,Low
451,Female,Group B,Associate degree,Standard,,49.0,51.0,36.0,72.01,45.333333333333336,Low
452,Female,Group D,High school,Free/Reduced,Completed,28.0,4.0,91.0,77.3,41.0,Low
453,Female,Group B,Associate degree,Standard,Completed,36.0,24.0,74.0,98.44,44.666666666666664,Low
454,Female,Group D,Associate degree,Standard,Completed,55.0,72.0,13.0,61.27,46.666666666666664,Low
455,Male,Group C,Some college,Standard,Completed,79.0,91.0,50.0,83.66,73.33333333333333,Medium
456,Male,Group A,Master's degree,Standard,Completed,15.0,21.0,72.0,89.74,36.0,Low
457,Female,Group B,Bachelor's degree,Standard,Completed,43.0,92.0,50.0,90.44,61.666666666666664,Medium
458,Female,Group B,Associate degree,Free/Reduced,,49.0,62.0,9.0,88.64,40.0,Low
459,Male,Group B,Associate degree,Free/Reduced,Completed,70.0,34.0,37.0,89.06,47.0,Low
460,Male,Group D,Bachelor's degree,Free/Reduced,Completed,78.0,54.0,42.0,62.36,58.0,Medium
461,Female,Group C,Associate degree,Standard,Completed,5.0,19.0,50.0,81.37,24.666666666666668,Low
462,Male,Group B,Some college,Standard,Completed,17.0,4.0,41.0,91.32,20.666666666666668,Low
463,Female,Group B,Some college,Standard,Completed,18.0,38.0,31.0,63.76,29.0,Low
464,Male,Group A,Bachelor's degree,Standard,Completed,50.0,62.0,83.0,60.48,65.0,Medium
465,Female,Group A,Associate degree,Free/Reduced,Completed,65.0,31.0,13.0,92.58,36.333333333333336,Low
466,Male,Group C,Associate degree,Free/Reduced,Completed,2.0,62.0,3.0,88.49,22.333333333333332,Low
467,Female,Group C,Master's degree,Standard,Completed,88.0,51.0,50.0,76.49,63.0,Medium
468,Male,Group E,Associate degree,Standard,,99.0,39.0,95.0,97.62,77.66666666666667,High
469,Male,Group A,Some college,Free/Reduced,,53.0,16.0,9.0,90.66,26.0,Low
470,Female,Group E,High school,Free/Reduced,,48.0,100.0,15.0,98.71,54.333333333333336,Medium
471,Male,Group D,High school,Free/Reduced,Completed,27.0,78.0,38.0,97.17,47.666666666666664,Low
472,Female,Group E,High school,Free/Reduced,,37.0,72.0,95.0,79.25,68.0,Medium
473,Male,Group B,Master's degree,Free/Reduced,,27.0,31.0,17.0,90.19,25.0,Low
474,Female,Group E,Associate degree,Free/Reduced,,31.0,51.0,24.0,86.77,35.333333333333336,Low
475,Male,Group C,Associate degree,Free/Reduced,,40.0,74.0,6.0,92.46,40.0,Low
476,Female,Group D,Master's degree,Standard,Completed,35.0,59.0,55.0,91.51,49.666666666666664,Low
477,Male,Group B,Associate degree,Standard,,35.0,76.0,50.0,66.13,53.666666666666664,Medium
478,Female,Group E,High school,Free/Reduced,,86.0,81.0,81.0,69.35,82.66666666666667,High
479,Male,Group D,Bachelor's degree,Standard,Completed,65.0,55.0,81.0,70.63,67.0,Medium
480,Female,Group D,Bachelor's degree,Free/Reduced,,9.0,8.0,2.0,92.74,6.333333333333333,Low
481,Female,Group B,Some college,Standard,Completed,69.0,68.0,0.0,92.43,45.666666666666664,Low
482,Female,Group E,Some college,Free/Reduced,,71.0,61.0,32.0,79.81,54.666666666666664,Medium
483,Male,Group D,Associate degree,Standard,,78.0,63.0,70.0,83.23,70.33333333333333,Medium
484,Female,Group D,Bachelor's degree,Free/Reduced,,92.0,21.0,73.0,93.08,62.0,Medium
485,Male,Group A,High school,Standard,Completed,62.0,31.0,58.0,72.5,50.333333333333336,Medium
486,Female,Group D,High school,Standard,,49.0,46.0,71.0,62.01,55.333333333333336,Medium
487,Male,Group A,High school,Free/Reduced,,21.0,1.0,31.0,79.3,17.666666666666668,Low
488,Female,Group E,Associate degree,Free/Reduced,Completed,97.0,84.0,86.0,96.55,89.0,High
489,Male,Group E,Associate degree,Free/Reduced,,19.0,91.0,16.0,91.62,42.0,Low
490,Male,Group E,Master's degree,Standard,,32.0,51.0,77.0,74.66,53.333333333333336,Medium
491,Female,Group C,High school,Standard,,14.0,51.0,16.0,62.59,27.0,Low
492,Male,Group E,High school,Standard,,6.0,51.0,88.0,85.48,48.333333333333336,Low
493,Male,Group D,Associate degree,Standard,,87.0,13.0,20.0,93.38,40.0,Low
494,Female,Group B,Associate degree,Free/Reduced,Completed,89.0,36.0,54.0,86.6,59.666666666666664,Medium
495,Male,Group A,Master's degree,Free/Reduced,Completed,49.0,26.0,5.0,77.0,26.666666666666668,Low
496,Male,Group C,Master's degree,Standard,Completed,9.0,23.0,83.0,64.93,38.333333333333336,Low
497,Male,Group E,Some college,Free/Reduced,,49.0,63.0,48.0,96.43,53.333333333333336,Medium
498,Female,Group E,Bachelor's degree,Free/Reduced,,36.0,69.0,83.0,71.04,62.666666666666664,Medium
499,Male,Group B,High school,Free/Reduced,,58.0,25.0,25.0,68.97,36.0,Low
500,Female,Group B,High school,Free/Reduced,,87.0,53.0,31.0,92.64,57.0,Medium
501,Male,Group C,Master's degree,Standard,,74.0,14.0,71.0,99.25,53.0,Medium
502,Male,Group A,Master's degree,Free/Reduced,Completed,62.0,28.0,43.0,86.41,44.333333333333336,Low
503,Male,Group E,Some college,Free/Reduced,Completed,49.0,99.0,58.0,84.99,68.66666666666667,Medium
504,Female,Group C,Bachelor's degree,Free/Reduced,Completed,78.0,73.0,28.0,72.78,59.666666666666664,Medium
505,Male,Group D,Some college,Standard,,78.0,27.0,16.0,60.82,40.333333333333336,Low
506,Male,Group D,Bachelor's degree,Free/Reduced,Completed,36.0,58.0,17.0,67.67,37.0,Low
507,Female,Group C,High school,Standard,Completed,44.0,72.0,39.0,83.38,51.666666666666664,Medium
508,Male,Group E,Some college,Standard,Completed,13.0,20.0,62.0,66.05,31.666666666666668,Low
509,Female,Group C,Master's degree,Free/Reduced,Completed,42.0,9.0,81.0,95.35,44.0,Low
510,Female,Group E,Some college,Free/Reduced,,84.0,3.0,74.0,67.53,53.666666666666664,Medium
511,Male,Group B,Some college,Standard,,83.0,61.0,44.0,80.88,62.666666666666664,Medium
512,Female,Group C,High school,Standard,Completed,32.0,3.0,75.0,80.48,36.666666666666664,Low
513,Male,Group E,Master's degree,Standard,Completed,2.0,5.0,78.0,84.16,28.333333333333332,Low
514,Female,Group C,Master's degree,Standard,Completed,86.0,89.0,50.0,73.1,75.0,High
515,Female,Group C,Associate degree,Free/Reduced,Completed,43.0,79.0,2.0,94.94,41.333333333333336,Low
516,Male,Group E,Associate degree,Standard,Completed,86.0,71.0,2.0,77.77,53.0,Medium
517,Female,Group E,Associate degree,Free/Reduced,Completed,90.0,91.0,37.0,88.01,72.66666666666667,Medium
518,Female,Group A,High school,Free/Reduced,Completed,34.0,15.0,98.0,85.44,49.0,Low
519,Female,Group C,Some college,Standard,Completed,24.0,37.0,72.0,64.69,44.333333333333336,Low
520,Female,Group D,Master's degree,Free/Reduced,Completed,95.0,48.0,39.0,84.91,60.666666666666664,Medium
521,Female,Group C,Master's degree,Standard,,85.0,60.0,67.0,82.03,70.66666666666667,Medium
522,Male,Group C,Some college,Standard,Completed,7.0,64.0,53.0,95.94,41.333333333333336,Low
523,Female,Group E,Master's degree,Standard,,61.0,82.0,19.0,95.24,54.0,Medium
524,Male,Group C,Some college,Free/Reduced,,17.0,49.0,14.0,66.04,26.666666666666668,Low
525,Female,Group C,High school,Free/Reduced,Completed,91.0,16.0,92.0,63.27,66.33333333333333,Medium
526,Male,Group D,High school,Standard,Completed,49.0,27.0,4.0,71.78,26.666666666666668,Low
527,Male,Group E,High school,Free/Reduced,,74.0,43.0,38.0,99.46,51.666666666666664,Medium
528,Female,Group C,Master's degree,Free/Reduced,,11.0,11.0,39.0,60.86,20.333333333333332,Low
529,Female,Group B,Some college,Free/Reduced,Completed,63.0,69.0,6.0,86.92,46.0,Low
530,Female,Group A,Bachelor's degree,Free/Reduced,,1.0,70.0,71.0,84.34,47.333333333333336,Low
531,Male,Group D,Master's degree,Free/Reduced,Completed,58.0,71.0,50.0,85.86,59.666666666666664,Medium
532,Female,Group C,Master's degree,Standard,Completed,36.0,2.0,99.0,68.73,45.666666666666664,Low
533,Male,Group B,Bachelor's degree,Free/Reduced,,3.0,48.0,32.0,69.07,27.666666666666668,Low
534,Male,Group C,Bachelor's degree,Free/Reduced,Completed,40.0,20.0,36.0,77.23,32.0,Low
535,Male,Group C,High school,Standard,,44.0,7.0,31.0,63.83,27.333333333333332,Low
536,Female,Group E,Bachelor's degree,Free/Reduced,Completed,33.0,63.0,42.0,62.98,46.0,Low
537,Female,Group E,Some college,Free/Reduced,Completed,86.0,91.0,62.0,63.53,79.66666666666667,High
538,Male,Group E,Associate degree,Free/Reduced,,12.0,58.0,50.0,82.92,40.0,Low
539,Male,Group B,Some college,Standard,,6.0,29.0,97.0,75.91,44.0,Low
540,Female,Group C,Bachelor's degree,Free/Reduced,Completed,49.0,31.0,48.0,71.74,42.666666666666664,Low
541,Male,Group A,Master's degree,Free/Reduced,Completed,22.0,74.0,24.0,72.63,40.0,Low
542,Female,Group D,Some college,Standard,,48.0,19.0,95.0,68.29,54.0,Medium
543,Male,Group E,Master's degree,Standard,Completed,71.0,15.0,65.0,76.46,50.333333333333336,Medium
544,Female,Group E,Some college,Free/Reduced,,46.0,24.0,8.0,68.12,26.0,Low
545,Male,Group C,Master's degree,Standard,,36.0,59.0,92.0,87.92,62.333333333333336,Medium
546,Female,Group C,Some college,Standard,,97.0,44.0,17.0,64.96,52.666666666666664,Medium
547,Male,Group B,Master's degree,Standard,Completed,47.0,8.0,21.0,97.93,25.333333333333332,Low
548,Female,Group B,Associate degree,Free/Reduced,,28.0,50.0,98.0,63.59,58.666666666666664,Medium
549,Female,Group E,High school,Free/Reduced,Completed,36.0,60.0,14.0,97.74,36.666666666666664,Low
550,Male,Group C,Some college,Standard,,22.0,39.0,6.0,93.33,22.333333333333332,Low
551,Male,Group A,Associate degree,Standard,Completed,37.0,60.0,12.0,87.23,36.333333333333336,Low
552,Female,Group D,High school,Standard,Completed,92.0,66.0,35.0,96.49,64.33333333333333,Medium
553,Male,Group C,Some college,Standard,,43.0,79.0,15.0,65.57,45.666666666666664,Low
554,Female,Group C,Associate degree,Free/Reduced,,4.0,75.0,40.0,67.05,39.666666666666664,Low
555,Male,Group B,Associate degree,Standard,,51.0,14.0,20.0,70.09,28.333333333333332,Low
556,Female,Group D,Associate degree,Free/Reduced,Completed,39.0,52.0,27.0,69.79,39.333333333333336,Low
557,Female,Group E,Bachelor's degree,Standard,Completed,10.0,3.0,73.0,72.43,28.666666666666668,Low
558,Female,Group C,Master's degree,Free/Reduced,Completed,77.0,22.0,82.0,83.03,60.333333333333336,Medium
559,Female,Group E,High school,Free/Reduced,,1.0,26.0,16.0,61.13,14.333333333333334,Low
560,Female,Group C,Master's degree,Standard,,34.0,36.0,64.0,75.29,44.666666666666664,Low
561,Female,Group E,Master's degree,Free/Reduced,,44.0,76.0,12.0,69.86,44.0,Low
562,Male,Group D,Master's degree,Free/Reduced,,48.0,42.0,35.0,84.27,41.666666666666664,Low
563,Male,Group B,Associate degree,Free/Reduced,,34.0,36.0,57.0,99.41,42.333333333333336,Low
564,Male,Group D,Master's degree,Standard,Completed,91.0,84.0,19.0,80.71,64.66666666666667,Medium
565,Female,Group A,Bachelor's degree,Free/Reduced,,49.0,28.0,51.0,77.03,42.666666666666664,Low
566,Female,Group B,Some college,Free/Reduced,Completed,31.0,28.0,50.0,74.73,36.333333333333336,Low
567,Female,Group D,Associate degree,Standard,,67.0,48.0,22.0,91.4,45.666666666666664,Low
568,Female,Group A,High school,Standard,,70.0,74.0,41.0,62.88,61.666666666666664,Medium
569,Male,Group C,Some college,Free/Reduced,,38.0,50.0,23.0,98.39,37.0,Low
570,Male,Group C,Some college,Free/Reduced,,47.0,49.0,4.0,76.72,33.333333333333336,Low
571,Female,Group E,Some college,Standard,,90.0,27.0,31.0,72.55,49.333333333333336,Low
572,Male,Group B,Master's degree,Standard,Completed,49.0,73.0,45.0,98.96,55.666666666666664,Medium
573,Male,Group C,Master's degree,Free/Reduced,,49.0,4.0,16.0,97.44,23.0,Low
574,Female,Group B,Associate degree,Free/Reduced,Completed,80.0,55.0,74.0,85.68,69.66666666666667,Medium
575,Male,Group C,Master's degree,Standard,Completed,73.0,63.0,26.0,60.74,54.0,Medium
576,Female,Group E,Master's degree,Standard,Completed,3.0,88.0,67.0,89.94,52.666666666666664,Medium
577,Male,Group D,Master's degree,Free/Reduced,Completed,22.0,96.0,22.0,73.42,46.666666666666664,Low
578,Female,Group E,Associate degree,Free/Reduced,,13.0,16.0,50.0,75.53,26.333333333333332,Low
579,Female,Group A,Associate degree,Standard,,4.0,96.0,33.0,66.35,44.333333333333336,Low
580,Female,Group C,Bachelor's degree,Free/Reduced,,65.0,88.0,20.0,80.94,57.666666666666664,Medium
581,Female,Group A,Bachelor's degree,Free/Reduced,,23.0,96.0,21.0,89.78,46.666666666666664,Low
582,Male,Group A,Bachelor's degree,Free/Reduced,,17.0,54.0,64.0,70.92,45.0,Low
583,Female,Group B,Bachelor's degree,Free/Reduced,Completed,26.0,8.0,31.0,97.55,21.666666666666668,Low
584,Female,Group C,Some college,Standard,,23.0,51.0,61.0,67.79,45.0,Low
585,Female,Group A,Some college,Standard,,28.0,88.0,27.0,62.65,47.666666666666664,Low
586,Male,Group D,Bachelor's degree,Free/Reduced,Completed,10.0,67.0,81.0,85.77,52.666666666666664,Medium
587,Female,Group A,Bachelor's degree,Free/Reduced,,49.0,72.0,6.0,93.97,42.333333333333336,Low
588,Male,Group D,High school,Free/Reduced,,3.0,78.0,53.0,98.13,44.666666666666664,Low
589,Female,Group B,Some college,Free/Reduced,Completed,32.0,15.0,69.0,90.69,38.666666666666664,Low
590,Male,Group A,Master's degree,Standard,,77.0,15.0,13.0,67.99,35.0,Low
591,Male,Group E,High school,Free/Reduced,Completed,41.0,12.0,93.0,99.11,48.666666666666664,Low
592,Female,Group B,Master's degree,Free/Reduced,Completed,31.0,77.0,54.0,96.78,54.0,Medium
593,Male,Group D,Associate degree,Standard,,50.0,85.0,57.0,66.53,64.0,Medium
594,Female,Group B,Some college,Standard,Completed,3.0,84.0,43.0,82.35,43.333333333333336,Low
595,Female,Group A,Bachelor's degree,Free/Reduced,,19.0,72.0,45.0,82.22,45.333333333333336,Low
596,Female,Group C,Bachelor's degree,Standard,,84.0,62.0,13.0,77.7,53.0,Medium
597,Male,Group C,Associate degree,Standard,,66.0,40.0,43.0,99.37,49.666666666666664,Low
598,Male,Group D,Some college,Free/Reduced,Completed,88.0,52.0,40.0,62.38,60.0,Medium
599,Female,Group D,Bachelor's degree,Free/Reduced,Completed,67.0,67.0,72.0,85.09,68.66666666666667,Medium
600,Female,Group C,Bachelor's degree,Standard,Completed,61.0,73.0,94.0,68.21,76.0,High
601,Male,Group D,Master's degree,Free/Reduced,Completed,57.0,98.0,1.0,81.09,52.0,Medium
602,Female,Group B,High school,Standard,Completed,46.0,8.0,81.0,91.19,45.0,Low
603,Female,Group E,Bachelor's degree,Standard,Completed,74.0,50.0,4.0,69.87,42.666666666666664,Low
604,Female,Group E,Some college,Standard,Completed,79.0,47.0,89.0,75.73,71.66666666666667,Medium
605,Male,Group B,Associate degree,Free/Reduced,Completed,58.0,51.0,86.0,98.03,65.0,Medium
606,Male,Group E,Master's degree,Free/Reduced,Completed,99.0,48.0,11.0,90.46,52.666666666666664,Medium
607,Male,Group A,Some college,Standard,Completed,5.0,51.0,77.0,82.91,44.333333333333336,Low
608,Female,Group B,Master's degree,Standard,Completed,94.0,9.0,76.0,68.88,59.666666666666664,Medium
609,Female,Group D,High school,Free/Reduced,,39.0,84.0,98.0,77.01,73.66666666666667,Medium
610,Female,Group B,Bachelor's degree,Standard,Completed,76.0,53.0,46.0,90.96,58.333333333333336,Medium
611,Male,Group C,Some college,Standard,,22.0,78.0,78.0,92.82,59.333333333333336,Medium
612,Female,Group D,Associate degree,Free/Reduced,,51.0,14.0,34.0,69.78,33.0,Low
613,Female,Group C,High school,Free/Reduced,,3.0,10.0,18.0,86.48,10.333333333333334,Low
614,Female,Group D,High school,Free/Reduced,,36.0,39.0,50.0,63.8,41.666666666666664,Low
615,Female,Group E,Master's degree,Free/Reduced,Completed,41.0,46.0,62.0,60.93,49.666666666666664,Low
616,Male,Group B,Master's degree,Standard,,100.0,100.0,7.0,81.95,69.0,Medium
617,Male,Group A,Some college,Free/Reduced,,43.0,19.0,22.0,68.98,28.0,Low
618,Female,Group D,Master's degree,Free/Reduced,,96.0,97.0,12.0,63.16,68.33333333333333,Medium
619,Male,Group D,Master's degree,Standard,Completed,41.0,21.0,22.0,89.19,28.0,Low
620,Male,Group C,Associate degree,Standard,,28.0,47.0,30.0,79.92,35.0,Low
621,Female,Group E,Some college,Standard,,100.0,81.0,29.0,91.85,70.0,Medium
622,Female,Group C,Associate degree,Free/Reduced,Completed,18.0,15.0,41.0,86.56,24.666666666666668,Low
623,Male,Group C,Associate degree,Standard,Completed,83.0,4.0,50.0,89.19,45.666666666666664,Low
624,Female,Group E,Master's degree,Free/Reduced,Completed,31.0,64.0,10.0,72.29,35.0,Low
625,Male,Group A,Bachelor's degree,Standard,Completed,43.0,82.0,24.0,70.53,49.666666666666664,Low
626,Female,Group C,Master's degree,Free/Reduced,Completed,54.0,73.0,28.0,84.03,51.666666666666664,Medium
627,Male,Group C,Some college,Standard,Completed,79.0,20.0,21.0,68.0,40.0,Low
628,Female,Group D,Some college,Free/Reduced,Completed,4.0,60.0,18.0,92.62,27.333333333333332,Low
629,Male,Group E,Master's degree,Free/Reduced,Completed,45.0,76.0,72.0,80.92,64.33333333333333,Medium
630,Male,Group B,Bachelor's degree,Standard,Completed,75.0,54.0,40.0,69.08,56.333333333333336,Medium
631,Male,Group A,Master's degree,Standard,,44.0,23.0,37.0,85.01,34.666666666666664,Low
632,Female,Group A,Some college,Free/Reduced,Completed,20.0,22.0,28.0,97.8,23.333333333333332,Low
633,Male,Group E,Bachelor's degree,Standard,,77.0,51.0,73.0,63.28,67.0,Medium
634,Male,Group D,Master's degree,Free/Reduced,,100.0,51.0,21.0,64.37,57.333333333333336,Medium
635,Female,Group D,Bachelor's degree,Free/Reduced,Completed,21.0,46.0,87.0,93.75,51.333333333333336,Medium
636,Female,Group E,Bachelor's degree,Free/Reduced,Completed,29.0,1.0,50.0,64.38,26.666666666666668,Low
637,Male,Group D,Master's degree,Standard,Completed,22.0,69.0,50.0,61.58,47.0,Low
638,Male,Group A,Master's degree,Free/Reduced,Completed,4.0,52.0,5.0,73.92,20.333333333333332,Low
639,Female,Group A,Master's degree,Free/Reduced,,62.0,10.0,6.0,78.67,26.0,Low
640,Female,Group B,Bachelor's degree,Free/Reduced,,92.0,14.0,83.0,82.78,63.0,Medium
641,Female,Group E,Bachelor's degree,Free/Reduced,Completed,58.0,72.0,80.0,80.29,70.0,Medium
642,Female,Group C,Master's degree,Standard,,93.0,11.0,35.0,96.53,46.333333333333336,Low
643,Female,Group C,Associate degree,Standard,Completed,81.0,35.0,7.0,90.75,41.0,Low
644,Male,Group B,Master's degree,Free/Reduced,,51.0,91.0,76.0,99.35,72.66666666666667,Medium
645,Female,Group B,Some college,Standard,,64.0,22.0,87.0,79.06,57.666666666666664,Medium
646,Male,Group D,Some college,Standard,Completed,38.0,26.0,45.0,63.37,36.333333333333336,Low
647,Male,Group B,High school,Free/Reduced,Completed,80.0,87.0,63.0,98.22,76.66666666666667,High
648,Male,Group B,Master's degree,Standard,,2.0,13.0,30.0,60.16,15.0,Low
649,Female,Group C,Some college,Standard,Completed,41.0,53.0,22.0,91.04,38.666666666666664,Low
650,Male,Group D,High school,Standard,,70.0,98.0,50.0,61.25,72.66666666666667,Medium
651,Male,Group B,Master's degree,Standard,Completed,26.0,26.0,50.0,90.45,34.0,Low
652,Female,Group B,Bachelor's degree,Standard,Completed,27.0,20.0,49.0,97.52,32.0,Low
653,Male,Group D,High school,Standard,Completed,53.0,48.0,45.0,75.57,48.666666666666664,Low
654,Male,Group E,Bachelor's degree,Free/Reduced,Completed,94.0,61.0,87.0,69.64,80.66666666666667,High
655,Female,Group D,Associate degree,Standard,Completed,14.0,76.0,42.0,69.05,44.0,Low
656,Male,Group C,Associate degree,Free/Reduced,Completed,52.0,71.0,9.0,79.67,44.0,Low
657,Male,Group E,Associate degree,Free/Reduced,Completed,71.0,43.0,94.0,66.84,69.33333333333333,Medium
658,Male,Group A,Associate degree,Free/Reduced,,69.0,43.0,19.0,86.92,43.666666666666664,Low
659,Female,Group D,Some college,Standard,Completed,91.0,97.0,15.0,74.73,67.66666666666667,Medium
660,Female,Group C,Associate degree,Standard,,3.0,60.0,50.0,72.92,37.666666666666664,Low
661,Female,Group E,Some college,Free/Reduced,Completed,93.0,41.0,2.0,78.45,45.333333333333336,Low
662,Male,Group D,Some college,Free/Reduced,,16.0,22.0,50.0,81.7,29.333333333333332,Low
663,Male,Group B,Master's degree,Free/Reduced,Completed,33.0,72.0,17.0,65.68,40.666666666666664,Low
664,Female,Group D,Some college,Standard,Completed,5.0,51.0,58.0,88.31,38.0,Low
665,Male,Group A,Some college,Standard,,35.0,35.0,69.0,95.32,46.333333333333336,Low
666,Male,Group D,Associate degree,Standard,Completed,98.0,54.0,83.0,71.12,78.33333333333333,High
667,Female,Group E,Some college,Free/Reduced,Completed,38.0,15.0,34.0,67.22,29.0,Low
668,Female,Group E,Bachelor's degree,Standard,Completed,49.0,88.0,18.0,90.42,51.666666666666664,Medium
669,Male,Group D,Associate degree,Standard,Completed,49.0,17.0,25.0,67.34,30.333333333333332,Low
670,Male,Group E,High school,Free/Reduced,Completed,7.0,97.0,34.0,61.65,46.0,Low
671,Male,Group B,Associate degree,Standard,,14.0,37.0,75.0,84.77,42.0,Low
672,Female,Group D,Some college,Free/Reduced,Completed,62.0,66.0,71.0,69.59,66.33333333333333,Medium
673,Female,Group B,Bachelor's degree,Standard,,90.0,19.0,50.0,66.87,53.0,Medium
674,Female,Group B,Associate degree,Free/Reduced,,79.0,18.0,100.0,99.26,65.66666666666667,Medium
675,Female,Group C,Bachelor's degree,Standard,,64.0,12.0,48.0,71.67,41.333333333333336,Low
676,Male,Group D,High school,Free/Reduced,,58.0,16.0,9.0,96.14,27.666666666666668,Low
677,Female,Group E,High school,Standard,,9.0,77.0,84.0,67.13,56.666666666666664,Medium
678,Female,Group B,Master's degree,Free/Reduced,,6.0,51.0,28.0,92.76,28.333333333333332,Low
679,Female,Group C,Master's degree,Free/Reduced,,73.0,85.0,94.0,80.08,84.0,High
680,Female,Group D,Associate degree,Standard,,75.0,42.0,70.0,63.14,62.333333333333336,Medium
681,Female,Group D,Master's degree,Standard,Completed,80.0,47.0,97.0,89.34,74.66666666666667,Medium
682,Male,Group A,Bachelor's degree,Free/Reduced,,11.0,42.0,97.0,95.68,50.0,Medium
683,Male,Group A,Master's degree,Standard,Completed,78.0,92.0,93.0,66.52,87.66666666666667,High
684,Female,Group B,Bachelor's degree,Free/Reduced,,49.0,65.0,67.0,89.02,60.333333333333336,Medium
685,Male,Group A,Master's degree,Free/Reduced,,31.0,52.0,50.0,77.8,44.333333333333336,Low
686,Female,Group B,Master's degree,Standard,Completed,31.0,71.0,88.0,90.15,63.333333333333336,Medium
687,Female,Group E,Master's degree,Standard,,89.0,77.0,77.0,88.56,81.0,High
688,Male,Group B,Some college,Standard,Completed,77.0,33.0,23.0,61.06,44.333333333333336,Low
689,Male,Group A,Some college,Free/Reduced,,89.0,76.0,42.0,67.15,69.0,Medium
690,Female,Group E,Master's degree,Free/Reduced,Completed,60.0,73.0,94.0,78.84,75.66666666666667,High
691,Female,Group A,Bachelor's degree,Standard,Completed,68.0,71.0,38.0,97.34,59.0,Medium
692,Female,Group B,Associate degree,Free/Reduced,,60.0,70.0,91.0,73.68,73.66666666666667,Medium
693,Male,Group C,Master's degree,Free/Reduced,,45.0,12.0,24.0,85.15,27.0,Low
694,Female,Group D,Some college,Standard,,67.0,89.0,82.0,60.48,79.33333333333333,High
695,Female,Group A,Master's degree,Free/Reduced,,91.0,55.0,67.0,88.45,71.0,Medium
696,Female,Group B,High school,Free/Reduced,Completed,54.0,58.0,33.0,84.12,48.333333333333336,Low
697,Male,Group E,Some college,Free/Reduced,Completed,0.0,51.0,95.0,88.62,48.666666666666664,Low
698,Female,Group A,Associate degree,Standard,Completed,76.0,51.0,88.0,96.19,71.66666666666667,Medium
699,Female,Group A,Bachelor's degree,Standard,Completed,66.0,78.0,50.0,65.86,64.66666666666667,Medium
700,Male,Group D,Master's degree,Free/Reduced,Completed,48.0,53.0,52.0,70.46,51.0,Medium
701,Female,Group B,Associate degree,Standard,Completed,24.0,1.0,91.0,99.83,38.666666666666664,Low
702,Female,Group C,Some college,Free/Reduced,Completed,15.0,36.0,54.0,66.25,35.0,Low
703,Male,Group E,Master's degree,Standard,,84.0,82.0,52.0,88.83,72.66666666666667,Medium
704,Female,Group B,High school,Free/Reduced,,12.0,96.0,17.0,89.0,41.666666666666664,Low
705,Male,Group E,Bachelor's degree,Free/Reduced,,51.0,32.0,6.0,87.32,29.666666666666668,Low
706,Male,Group A,Some college,Free/Reduced,,35.0,0.0,62.0,69.1,32.333333333333336,Low
707,Female,Group D,Bachelor's degree,Free/Reduced,,71.0,27.0,74.0,68.61,57.333333333333336,Medium
708,Female,Group D,Master's degree,Standard,,43.0,16.0,41.0,86.65,33.333333333333336,Low
709,Female,Group C,Associate degree,Free/Reduced,,82.0,56.0,10.0,67.45,49.333333333333336,Low
710,Female,Group D,Bachelor's degree,Free/Reduced,,46.0,69.0,8.0,86.46,41.0,Low
711,Male,Group A,High school,Standard,Completed,79.0,51.0,34.0,79.7,54.666666666666664,Medium
712,Female,Group C,Some college,Standard,,75.0,43.0,100.0,75.47,72.66666666666667,Medium
713,Male,Group B,High school,Free/Reduced,,19.0,83.0,86.0,72.01,62.666666666666664,Medium
714,Female,Group D,Bachelor's degree,Free/Reduced,,17.0,46.0,96.0,97.9,53.0,Medium
715,Female,Group C,Associate degree,Standard,Completed,53.0,12.0,64.0,80.32,43.0,Low
716,Female,Group A,Associate degree,Free/Reduced,,11.0,75.0,83.0,82.45,56.333333333333336,Medium
717,Male,Group E,High school,Free/Reduced,Completed,24.0,29.0,4.0,97.97,19.0,Low
718,Female,Group E,Master's degree,Free/Reduced,Completed,49.0,84.0,92.0,86.16,75.0,High
719,Female,Group A,Master's degree,Free/Reduced,,74.0,65.0,25.0,98.31,54.666666666666664,Medium
720,Female,Group A,Associate degree,Free/Reduced,Completed,85.0,51.0,50.0,64.25,62.0,Medium
721,Female,Group E,High school,Free/Reduced,,33.0,17.0,37.0,93.87,29.0,Low
722,Male,Group C,Master's degree,Free/Reduced,,12.0,27.0,2.0,73.42,13.666666666666666,Low
723,Female,Group E,High school,Free/Reduced,,37.0,3.0,84.0,92.42,41.333333333333336,Low
724,Male,Group A,Bachelor's degree,Free/Reduced,Completed,11.0,41.0,58.0,94.23,36.666666666666664,Low
725,Male,Group D,Master's degree,Standard,,35.0,5.0,12.0,70.86,17.333333333333332,Low
726,Male,Group B,Master's degree,Standard,,27.0,8.0,94.0,76.35,43.0,Low
727,Male,Group D,Bachelor's degree,Standard,,90.0,19.0,80.0,89.04,63.0,Medium
728,Male,Group D,Some college,Free/Reduced,Completed,38.0,93.0,34.0,63.96,55.0,Medium
729,Male,Group A,Bachelor's degree,Free/Reduced,Completed,76.0,100.0,86.0,90.22,87.33333333333333,High
730,Female,Group E,High school,Free/Reduced,Completed,42.0,37.0,2.0,64.42,27.0,Low
731,Male,Group C,Bachelor's degree,Standard,Completed,90.0,67.0,52.0,96.58,69.66666666666667,Medium
732,Male,Group D,High school,Standard,,30.0,49.0,54.0,71.05,44.333333333333336,Low
733,Male,Group E,Associate degree,Free/Reduced,,1.0,59.0,44.0,83.02,34.666666666666664,Low
734,Female,Group C,High school,Standard,Completed,81.0,12.0,65.0,64.69,52.666666666666664,Medium
735,Female,Group D,Master's degree,Standard,,89.0,98.0,66.0,70.78,84.33333333333333,High
736,Male,Group C,Bachelor's degree,Free/Reduced,Completed,41.0,93.0,83.0,76.16,72.33333333333333,Medium
737,Female,Group E,High school,Free/Reduced,,30.0,41.0,43.0,79.48,38.0,Low
738,Male,Group B,Some college,Standard,,60.0,67.0,72.0,60.0,66.33333333333333,Medium
739,Male,Group E,Associate degree,Free/Reduced,Completed,55.0,24.0,67.0,95.55,48.666666666666664,Low
740,Female,Group A,Some college,Standard,Completed,85.0,30.0,61.0,60.31,58.666666666666664,Medium
741,Male,Group C,Some college,Standard,,99.0,51.0,24.0,90.95,58.0,Medium
742,Female,Group B,Some college,Standard,Completed,82.0,63.0,51.0,78.82,65.33333333333333,Medium
743,Female,Group C,Associate degree,Free/Reduced,,13.0,78.0,49.0,80.96,46.666666666666664,Low
744,Male,Group C,Associate degree,Standard,,13.0,60.0,0.0,68.33,24.333333333333332,Low
745,Male,Group D,Associate degree,Standard,,28.0,52.0,38.0,84.29,39.333333333333336,Low
746,Female,Group A,Associate degree,Free/Reduced,,80.0,25.0,51.0,81.49,52.0,Medium
747,Male,Group C,Some college,Free/Reduced,Completed,49.0,60.0,75.0,66.57,61.333333333333336,Medium
748,Male,Group E,Master's degree,Standard,,49.0,9.0,39.0,69.52,32.333333333333336,Low
749,Male,Group E,Master's degree,Free/Reduced,,62.0,11.0,59.0,62.68,44.0,Low
750,Female,Group D,Associate degree,Free/Reduced,,100.0,21.0,87.0,62.65,69.33333333333333,Medium
751,Female,Group A,Bachelor's degree,Standard,Completed,72.0,52.0,72.0,60.55,65.33333333333333,Medium
752,Male,Group A,High school,Free/Reduced,,64.0,20.0,83.0,68.82,55.666666666666664,Medium
753,Female,Group E,Bachelor's degree,Standard,Completed,67.0,34.0,68.0,87.19,56.333333333333336,Medium
754,Female,Group B,Bachelor's degree,Free/Reduced,Completed,70.0,70.0,19.0,72.65,53.0,Medium
755,Female,Group D,Bachelor's degree,Free/Reduced,Completed,10.0,81.0,84.0,73.71,58.333333333333336,Medium
756,Female,Group D,Master's degree,Standard,Completed,13.0,26.0,1.0,65.28,13.333333333333334,Low
757,Female,Group E,High school,Standard,Completed,82.0,59.0,84.0,83.02,75.0,High
758,Male,Group E,Bachelor's degree,Free/Reduced,Completed,49.0,98.0,87.0,73.69,78.0,High
759,Male,Group B,Associate degree,Free/Reduced,Completed,7.0,46.0,50.0,87.05,34.333333333333336,Low
760,Male,Group B,Master's degree,Free/Reduced,,92.0,65.0,38.0,89.66,65.0,Medium
761,Female,Group A,Associate degree,Standard,,100.0,95.0,29.0,83.39,74.66666666666667,Medium
762,Female,Group D,Associate degree,Free/Reduced,Completed,42.0,14.0,53.0,71.04,36.333333333333336,Low
763,Male,Group D,Bachelor's degree,Standard,Completed,8.0,23.0,81.0,80.34,37.333333333333336,Low
764,Female,Group E,Associate degree,Free/Reduced,Completed,18.0,83.0,57.0,70.08,52.666666666666664,Medium
765,Male,Group A,High school,Free/Reduced,,11.0,51.0,43.0,96.12,35.0,Low
766,Male,Group D,Associate degree,Free/Reduced,Completed,26.0,87.0,42.0,90.66,51.666666666666664,Medium
767,Male,Group A,Bachelor's degree,Free/Reduced,,100.0,23.0,9.0,79.72,44.0,Low
768,Female,Group A,Associate degree,Free/Reduced,,57.0,87.0,47.0,98.62,63.666666666666664,Medium
769,Female,Group E,Master's degree,Standard,Completed,24.0,56.0,84.0,81.87,54.666666666666664,Medium
770,Male,Group A,Master's degree,Standard,,44.0,33.0,85.0,73.14,54.0,Medium
771,Male,Group B,Master's degree,Standard,Completed,47.0,40.0,16.0,63.82,34.333333333333336,Low
772,Male,Group B,Some college,Free/Reduced,Completed,49.0,39.0,4.0,81.75,30.666666666666668,Low
773,Male,Group C,Master's degree,Standard,Completed,80.0,10.0,69.0,94.42,53.0,Medium
774,Female,Group E,Master's degree,Standard,,43.0,51.0,73.0,94.67,55.666666666666664,Medium
775,Female,Group C,Some college,Free/Reduced,Completed,58.0,0.0,50.0,84.18,36.0,Low
776,Male,Group B,Master's degree,Free/Reduced,,32.0,29.0,65.0,75.74,42.0,Low
777,Male,Group C,Bachelor's degree,Standard,Completed,77.0,42.0,70.0,86.01,63.0,Medium
778,Female,Group E,Master's degree,Standard,Completed,27.0,51.0,3.0,90.49,27.0,Low
779,Female,Group E,Master's degree,Standard,Completed,17.0,25.0,100.0,76.46,47.333333333333336,Low
780,Male,Group A,Some college,Standard,Completed,49.0,52.0,82.0,79.05,61.0,Medium
781,Male,Group D,Master's degree,Standard,Completed,32.0,46.0,27.0,87.22,35.0,Low
782,Male,Group A,Associate degree,Standard,,14.0,8.0,83.0,95.07,35.0,Low
783,Female,Group E,High school,Standard,Completed,60.0,8.0,93.0,91.64,53.666666666666664,Medium
784,Female,Group B,Bachelor's degree,Free/Reduced,Completed,10.0,0.0,37.0,60.9,15.666666666666666,Low
785,Female,Group B,Associate degree,Standard,Completed,35.0,70.0,50.0,64.97,51.666666666666664,Medium
786,Male,Group A,Bachelor's degree,Free/Reduced,,14.0,43.0,66.0,94.11,41.0,Low
787,Male,Group E,Associate degree,Free/Reduced,Completed,52.0,58.0,59.0,93.35,56.333333333333336,Medium
788,Female,Group B,Associate degree,Free/Reduced,Completed,61.0,55.0,46.0,75.55,54.0,Medium
789,Female,Group E,Bachelor's degree,Standard,Completed,47.0,50.0,24.0,83.37,40.333333333333336,Low
790,Male,Group B,Some college,Standard,Completed,93.0,15.0,65.0,96.23,57.666666666666664,Medium
791,Female,Group E,Master's degree,Free/Reduced,,14.0,37.0,78.0,96.46,43.0,Low
792,Female,Group C,Bachelor's degree,Standard,Completed,49.0,10.0,66.0,91.32,41.666666666666664,Low
793,Male,Group E,Associate degree,Standard,,86.0,24.0,68.0,68.38,59.333333333333336,Medium
794,Female,Group E,High school,Free/Reduced,,42.0,92.0,39.0,89.21,57.666666666666664,Medium
795,Male,Group A,Associate degree,Standard,,49.0,82.0,99.0,64.04,76.66666666666667,High
796,Male,Group C,Master's degree,Free/Reduced,,59.0,81.0,49.0,95.76,63.0,Medium
797,Male,Group D,Master's degree,Free/Reduced,Completed,58.0,58.0,39.0,65.97,51.666666666666664,Medium
798,Male,Group A,Bachelor's degree,Free/Reduced,Completed,14.0,28.0,36.0,86.49,26.0,Low
799,Male,Group D,Some college,Free/Reduced,,28.0,79.0,90.0,84.41,65.66666666666667,Medium
800,Male,Group B,Associate degree,Standard,,74.0,39.0,68.0,91.08,60.333333333333336,Medium
801,Male,Group D,Some college,Free/Reduced,,81.0,7.0,16.0,82.06,34.666666666666664,Low
802,Female,Group E,Bachelor's degree,Standard,Completed,39.0,97.0,61.0,62.38,65.66666666666667,Medium
803,Male,Group D,Associate degree,Standard,,30.0,5.0,40.0,88.23,25.0,Low
804,Male,Group A,Associate degree,Standard,,72.0,44.0,75.0,75.33,63.666666666666664,Medium
805,Female,Group A,Master's degree,Standard,,85.0,52.0,41.0,72.81,59.333333333333336,Medium
806,Female,Group D,Master's degree,Free/Reduced,,10.0,93.0,30.0,99.67,44.333333333333336,Low
807,Female,Group A,High school,Free/Reduced,,80.0,97.0,32.0,83.62,69.66666666666667,Medium
808,Male,Group A,Master's degree,Free/Reduced,Completed,96.0,20.0,42.0,88.43,52.666666666666664,Medium
809,Female,Group D,Associate degree,Free/Reduced,,49.0,56.0,92.0,81.05,65.66666666666667,Medium
810,Male,Group C,Master's degree,Free/Reduced,Completed,74.0,75.0,66.0,90.8,71.66666666666667,Medium
811,Male,Group C,High school,Standard,Completed,7.0,5.0,37.0,90.08,16.333333333333332,Low
812,Male,Group B,Bachelor's degree,Free/Reduced,Completed,50.0,62.0,40.0,86.29,50.666666666666664,Medium
813,Male,Group A,Master's degree,Standard,Completed,56.0,5.0,62.0,99.91,41.0,Low
814,Female,Group D,Associate degree,Standard,Completed,3.0,52.0,39.0,78.39,31.333333333333332,Low
815,Female,Group A,Bachelor's degree,Free/Reduced,,35.0,3.0,29.0,88.25,22.333333333333332,Low
816,Male,Group E,Associate degree,Standard,Completed,18.0,8.0,46.0,91.91,24.0,Low
817,Male,Group A,Bachelor's degree,Standard,Completed,23.0,68.0,21.0,75.04,37.333333333333336,Low
818,Male,Group A,Associate degree,Free/Reduced,,40.0,73.0,95.0,78.29,69.33333333333333,Medium
819,Female,Group C,Master's degree,Free/Reduced,Completed,48.0,71.0,54.0,98.77,57.666666666666664,Medium
820,Male,Group D,Master's degree,Free/Reduced,,81.0,86.0,42.0,61.29,69.66666666666667,Medium
821,Male,Group A,High school,Standard,,96.0,51.0,60.0,73.41,69.0,Medium
822,Female,Group C,Bachelor's degree,Free/Reduced,,45.0,57.0,73.0,79.45,58.333333333333336,Medium
823,Female,Group B,High school,Free/Reduced,,35.0,36.0,31.0,60.06,34.0,Low
824,Male,Group C,Some college,Standard,,9.0,70.0,3.0,95.97,27.333333333333332,Low
825,Female,Group C,Master's degree,Free/Reduced,Completed,77.0,5.0,92.0,71.45,58.0,Medium
826,Female,Group C,Bachelor's degree,Standard,,6.0,50.0,44.0,70.31,33.333333333333336,Low
827,Male,Group A,High school,Standard,,11.0,78.0,71.0,92.81,53.333333333333336,Medium
828,Female,Group A,High school,Free/Reduced,Completed,85.0,98.0,19.0,71.12,67.33333333333333,Medium
829,Male,Group B,Some college,Standard,Completed,90.0,49.0,70.0,86.3,69.66666666666667,Medium
830,Female,Group E,High school,Standard,Completed,47.0,95.0,64.0,92.86,68.66666666666667,Medium
831,Male,Group E,Associate degree,Free/Reduced,Completed,36.0,13.0,50.0,91.7,33.0,Low
832,Male,Group E,Master's degree,Free/Reduced,,74.0,98.0,50.0,91.28,74.0,Medium
833,Male,Group B,High school,Free/Reduced,Completed,35.0,10.0,50.0,63.55,31.666666666666668,Low
834,Female,Group E,High school,Standard,,59.0,9.0,72.0,63.19,46.666666666666664,Low
835,Male,Group E,Master's degree,Standard,Completed,76.0,60.0,22.0,72.27,52.666666666666664,Medium
836,Female,Group C,Associate degree,Free/Reduced,Completed,95.0,80.0,50.0,61.44,75.0,High
837,Male,Group A,High school,Free/Reduced,Completed,7.0,12.0,1.0,80.02,6.666666666666667,Low
838,Male,Group A,Master's degree,Free/Reduced,Completed,6.0,33.0,25.0,75.79,21.333333333333332,Low
839,Female,Group C,Master's degree,Standard,Completed,42.0,51.0,77.0,82.28,56.666666666666664,Medium
840,Male,Group C,High school,Free/Reduced,,57.0,50.0,61.0,71.95,56.0,Medium
841,Male,Group C,Associate degree,Standard,,80.0,4.0,43.0,79.43,42.333333333333336,Low
842,Female,Group A,Master's degree,Free/Reduced,,85.0,73.0,30.0,73.39,62.666666666666664,Medium
843,Male,Group E,Master's degree,Standard,Completed,45.0,31.0,25.0,67.81,33.666666666666664,Low
844,Male,Group C,Associate degree,Standard,,33.0,11.0,82.0,85.97,42.0,Low
845,Male,Group B,Master's degree,Free/Reduced,Completed,83.0,51.0,4.0,86.94,46.0,Low
846,Male,Group C,High school,Standard,Completed,49.0,12.0,69.0,93.17,43.333333333333336,Low
847,Female,Group D,Bachelor's degree,Standard,,21.0,84.0,34.0,94.99,46.333333333333336,Low
848,Female,Group C,Some college,Free/Reduced,,90.0,53.0,15.0,88.18,52.666666666666664,Medium
849,Male,Group A,Bachelor's degree,Free/Reduced,Completed,97.0,96.0,30.0,87.5,74.33333333333333,Medium
850,Female,Group C,Bachelor's degree,Standard,Completed,20.0,53.0,81.0,62.27,51.333333333333336,Medium
851,Male,Group D,Master's degree,Standard,,14.0,40.0,13.0,64.39,22.333333333333332,Low
852,Female,Group B,Associate degree,Standard,Completed,4.0,47.0,24.0,92.5,25.0,Low
853,Male,Group E,Master's degree,Free/Reduced,,16.0,51.0,78.0,69.32,48.333333333333336,Low
854,Male,Group C,Some college,Standard,,71.0,46.0,89.0,74.22,68.66666666666667,Medium
855,Male,Group D,High school,Standard,Completed,18.0,49.0,99.0,65.81,55.333333333333336,Medium
856,Male,Group D,Some college,Free/Reduced,Completed,4.0,95.0,74.0,67.81,57.666666666666664,Medium
857,Male,Group B,Master's degree,Free/Reduced,Completed,22.0,75.0,100.0,91.02,65.66666666666667,Medium
858,Male,Group A,Master's degree,Free/Reduced,Completed,82.0,45.0,100.0,70.47,75.66666666666667,High
859,Female,Group C,Master's degree,Free/Reduced,,13.0,98.0,50.0,77.96,53.666666666666664,Medium
860,Male,Group D,Master's degree,Free/Reduced,Completed,9.0,99.0,17.0,66.07,41.666666666666664,Low
861,Female,Group B,Bachelor's degree,Standard,,30.0,37.0,49.0,87.12,38.666666666666664,Low
862,Male,Group E,High school,Standard,,12.0,51.0,19.0,89.13,27.333333333333332,Low
863,Female,Group D,Bachelor's degree,Standard,Completed,21.0,12.0,55.0,74.47,29.333333333333332,Low
864,Female,Group B,Master's degree,Free/Reduced,,36.0,51.0,1.0,91.39,29.333333333333332,Low
865,Female,Group A,Associate degree,Free/Reduced,Completed,49.0,21.0,25.0,69.6,31.666666666666668,Low
866,Male,Group A,Bachelor's degree,Free/Reduced,Completed,9.0,1.0,22.0,87.68,10.666666666666666,Low
867,Male,Group D,Master's degree,Standard,,30.0,92.0,31.0,89.2,51.0,Medium
868,Female,Group D,Master's degree,Free/Reduced,,49.0,76.0,12.0,98.75,45.666666666666664,Low
869,Male,Group C,High school,Free/Reduced,,98.0,98.0,12.0,69.29,69.33333333333333,Medium
870,Female,Group B,Some college,Free/Reduced,Completed,76.0,51.0,16.0,63.75,47.666666666666664,Low
871,Male,Group D,Bachelor's degree,Standard,Completed,93.0,56.0,88.0,70.52,79.0,High
872,Female,Group C,Bachelor's degree,Free/Reduced,,97.0,33.0,57.0,64.91,62.333333333333336,Medium
873,Female,Group C,Bachelor's degree,Free/Reduced,Completed,35.0,18.0,85.0,66.79,46.0,Low
874,Male,Group D,Master's degree,Standard,Completed,34.0,8.0,26.0,73.36,22.666666666666668,Low
875,Female,Group A,High school,Free/Reduced,,67.0,94.0,16.0,76.56,59.0,Medium
876,Male,Group B,Master's degree,Free/Reduced,Completed,54.0,32.0,89.0,96.15,58.333333333333336,Medium
877,Female,Group B,Master's degree,Free/Reduced,,67.0,26.0,37.0,67.82,43.333333333333336,Low
878,Female,Group A,Associate degree,Standard,,46.0,44.0,13.0,98.87,34.333333333333336,Low
879,Male,Group D,High school,Free/Reduced,,5.0,1.0,13.0,92.41,6.333333333333333,Low
880,Male,Group B,Bachelor's degree,Free/Reduced,Completed,27.0,78.0,11.0,95.26,38.666666666666664,Low
881,Male,Group D,Some college,Standard,,29.0,82.0,68.0,97.18,59.666666666666664,Medium
882,Female,Group D,Bachelor's degree,Standard,,26.0,56.0,100.0,90.13,60.666666666666664,Medium
883,Male,Group C,Master's degree,Free/Reduced,,68.0,94.0,50.0,91.55,70.66666666666667,Medium
884,Female,Group A,High school,Standard,,38.0,56.0,54.0,77.51,49.333333333333336,Low
885,Female,Group D,High school,Free/Reduced,Completed,34.0,15.0,62.0,80.42,37.0,Low
886,Male,Group E,High school,Standard,,43.0,78.0,28.0,97.3,49.666666666666664,Low
887,Male,Group A,Associate degree,Free/Reduced,Completed,14.0,5.0,88.0,75.13,35.666666666666664,Low
888,Female,Group B,Bachelor's degree,Free/Reduced,,82.0,13.0,44.0,61.68,46.333333333333336,Low
889,Female,Group C,Associate degree,Free/Reduced,Completed,93.0,26.0,3.0,90.51,40.666666666666664,Low
890,Male,Group B,Some college,Standard,Completed,31.0,37.0,15.0,82.93,27.666666666666668,Low
891,Male,Group B,Master's degree,Standard,Completed,28.0,18.0,65.0,92.6,37.0,Low
892,Male,Group A,Associate degree,Free/Reduced,Completed,49.0,36.0,22.0,63.02,35.666666666666664,Low
893,Male,Group B,Associate degree,Free/Reduced,,5.0,3.0,67.0,84.85,25.0,Low
894,Male,Group D,Master's degree,Free/Reduced,,89.0,57.0,19.0,69.91,55.0,Medium
895,Female,Group B,High school,Free/Reduced,Completed,26.0,89.0,16.0,96.13,43.666666666666664,Low
896,Female,Group C,Master's degree,Standard,Completed,98.0,8.0,51.0,64.4,52.333333333333336,Medium
897,Female,Group C,Bachelor's degree,Standard,Completed,27.0,39.0,5.0,93.72,23.666666666666668,Low
898,Female,Group E,Master's degree,Free/Reduced,,49.0,14.0,81.0,63.54,48.0,Low
899,Male,Group C,High school,Standard,Completed,40.0,100.0,83.0,61.0,74.33333333333333,Medium
900,Male,Group B,Master's degree,Standard,Completed,55.0,3.0,38.0,69.4,32.0,Low
901,Male,Group C,Associate degree,Standard,,53.0,89.0,33.0,73.32,58.333333333333336,Medium
902,Female,Group A,Some college,Free/Reduced,,79.0,51.0,53.0,85.06,61.0,Medium
903,Female,Group C,Associate degree,Free/Reduced,,17.0,17.0,87.0,65.27,40.333333333333336,Low
904,Male,Group D,Some college,Standard,,76.0,52.0,81.0,77.49,69.66666666666667,Medium
905,Male,Group A,Master's degree,Standard,,42.0,58.0,93.0,68.17,64.33333333333333,Medium
906,Female,Group E,Bachelor's degree,Free/Reduced,,88.0,98.0,64.0,94.21,83.33333333333333,High
907,Female,Group D,Master's degree,Free/Reduced,Completed,73.0,53.0,86.0,61.8,70.66666666666667,Medium
908,Male,Group B,High school,Free/Reduced,Completed,28.0,40.0,28.0,74.24,32.0,Low
909,Male,Group B,Master's degree,Standard,,9.0,59.0,40.0,85.25,36.0,Low
910,Female,Group B,Some college,Standard,Completed,5.0,92.0,62.0,96.52,53.0,Medium
911,Male,Group D,Associate degree,Standard,,79.0,87.0,31.0,94.72,65.66666666666667,Medium
912,Male,Group D,Bachelor's degree,Free/Reduced,Completed,88.0,3.0,65.0,95.81,52.0,Medium
913,Male,Group D,Master's degree,Free/Reduced,,3.0,84.0,99.0,62.51,62.0,Medium
914,Female,Group A,Master's degree,Free/Reduced,,100.0,38.0,44.0,93.64,60.666666666666664,Medium
915,Female,Group A,Associate degree,Free/Reduced,Completed,49.0,6.0,16.0,91.2,23.666666666666668,Low
916,Female,Group B,Bachelor's degree,Free/Reduced,Completed,49.0,22.0,42.0,96.1,37.666666666666664,Low
917,Female,Group C,Master's degree,Standard,,32.0,84.0,65.0,72.46,60.333333333333336,Medium
918,Female,Group B,Master's degree,Standard,,3.0,62.0,50.0,96.47,38.333333333333336,Low
919,Female,Group E,Some college,Standard,,43.0,64.0,33.0,76.11,46.666666666666664,Low
920,Female,Group A,Some college,Free/Reduced,,97.0,40.0,0.0,85.36,45.666666666666664,Low
921,Male,Group D,High school,Standard,,75.0,88.0,22.0,76.97,61.666666666666664,Medium
922,Male,Group A,Associate degree,Free/Reduced,,30.0,94.0,5.0,77.11,43.0,Low
923,Male,Group D,Bachelor's degree,Standard,Completed,79.0,43.0,15.0,81.87,45.666666666666664,Low
924,Male,Group E,Master's degree,Standard,Completed,65.0,51.0,1.0,74.24,39.0,Low
925,Male,Group E,Master's degree,Free/Reduced,Completed,49.0,68.0,75.0,91.71,64.0,Medium
926,Male,Group A,High school,Standard,Completed,59.0,94.0,26.0,85.35,59.666666666666664,Medium
927,Male,Group D,Master's degree,Standard,Completed,1.0,50.0,18.0,87.59,23.0,Low
928,Female,Group E,Associate degree,Standard,,35.0,64.0,50.0,69.24,49.666666666666664,Low
929,Female,Group B,High school,Standard,,69.0,53.0,34.0,98.78,52.0,Medium
930,Male,Group B,Associate degree,Standard,Completed,49.0,55.0,67.0,86.41,57.0,Medium
931,Male,Group D,High school,Standard,,22.0,93.0,48.0,67.89,54.333333333333336,Medium
932,Female,Group A,Master's degree,Standard,Completed,46.0,81.0,6.0,90.02,44.333333333333336,Low
933,Male,Group E,High school,Free/Reduced,Completed,100.0,71.0,36.0,66.95,69.0,Medium
934,Male,Group A,Some college,Standard,,45.0,89.0,24.0,62.54,52.666666666666664,Medium
935,Female,Group B,Bachelor's degree,Free/Reduced,,79.0,39.0,40.0,81.1,52.666666666666664,Medium
936,Male,Group E,Master's degree,Standard,Completed,43.0,57.0,80.0,82.14,60.0,Medium
937,Female,Group A,Bachelor's degree,Free/Reduced,Completed,18.0,14.0,61.0,67.56,31.0,Low
938,Male,Group C,Master's degree,Free/Reduced,Completed,48.0,18.0,40.0,73.94,35.333333333333336,Low
939,Female,Group D,Bachelor's degree,Standard,Completed,87.0,9.0,13.0,97.83,36.333333333333336,Low
940,Female,Group D,Some college,Free/Reduced,,57.0,87.0,100.0,71.4,81.33333333333333,High
941,Female,Group C,Bachelor's degree,Free/Reduced,Completed,90.0,15.0,53.0,66.22,52.666666666666664,Medium
942,Male,Group B,High school,Standard,,6.0,42.0,1.0,99.7,16.333333333333332,Low
943,Female,Group E,Bachelor's degree,Free/Reduced,Completed,93.0,30.0,87.0,72.09,70.0,Medium
944,Male,Group D,Master's degree,Standard,Completed,40.0,15.0,78.0,87.21,44.333333333333336,Low
945,Male,Group C,Associate degree,Free/Reduced,,77.0,79.0,47.0,69.26,67.66666666666667,Medium
946,Male,Group C,Bachelor's degree,Free/Reduced,,14.0,27.0,50.0,82.0,30.333333333333332,Low
947,Male,Group B,Bachelor's degree,Free/Reduced,,75.0,61.0,96.0,75.45,77.33333333333333,High
948,Female,Group B,Bachelor's degree,Free/Reduced,,52.0,19.0,54.0,98.46,41.666666666666664,Low
949,Female,Group A,Master's degree,Standard,,92.0,34.0,11.0,77.31,45.666666666666664,Low
950,Male,Group D,Bachelor's degree,Standard,Completed,22.0,58.0,82.0,83.37,54.0,Medium
951,Male,Group A,Master's degree,Standard,Completed,76.0,8.0,68.0,97.79,50.666666666666664,Medium
952,Female,Group C,Master's degree,Standard,Completed,72.0,9.0,0.0,99.57,27.0,Low
953,Male,Group E,Associate degree,Standard,,87.0,44.0,58.0,64.07,63.0,Medium
954,Female,Group E,High school,Free/Reduced,,93.0,81.0,72.0,93.37,82.0,High
955,Male,Group B,Master's degree,Standard,,64.0,14.0,33.0,75.28,37.0,Low
956,Male,Group E,Some college,Free/Reduced,Completed,59.0,29.0,92.0,83.79,60.0,Medium
957,Female,Group E,Bachelor's degree,Standard,,9.0,47.0,45.0,75.0,33.666666666666664,Low
958,Male,Group E,Some college,Standard,Completed,57.0,95.0,58.0,76.04,70.0,Medium
959,Female,Group C,Bachelor's degree,Standard,Completed,46.0,39.0,65.0,66.35,50.0,Medium
960,Male,Group E,Associate degree,Standard,Completed,14.0,90.0,18.0,82.91,40.666666666666664,Low
961,Male,Group E,Master's degree,Free/Reduced,,8.0,90.0,27.0,81.87,41.666666666666664,Low
962,Male,Group E,High school,Standard,Completed,12.0,82.0,98.0,67.57,64.0,Medium
963,Female,Group A,Master's degree,Free/Reduced,Completed,22.0,73.0,39.0,81.67,44.666666666666664,Low
964,Male,Group C,Bachelor's degree,Free/Reduced,Completed,32.0,43.0,56.0,98.92,43.666666666666664,Low
965,Male,Group B,High school,Standard,,8.0,45.0,50.0,88.58,34.333333333333336,Low
966,Male,Group A,Master's degree,Free/Reduced,Completed,2.0,5.0,21.0,79.24,9.333333333333334,Low
967,Male,Group D,High school,Free/Reduced,,93.0,23.0,67.0,96.64,61.0,Medium
968,Female,Group C,Bachelor's degree,Standard,,72.0,72.0,7.0,83.01,50.333333333333336,Medium
969,Female,Group C,Associate degree,Free/Reduced,Completed,24.0,90.0,59.0,65.4,57.666666666666664,Medium
970,Male,Group D,Associate degree,Standard,Completed,87.0,6.0,64.0,81.9,52.333333333333336,Medium
971,Female,Group D,Master's degree,Standard,,95.0,5.0,35.0,67.24,45.0,Low
972,Male,Group D,Some college,Free/Reduced,Completed,70.0,32.0,70.0,90.7,57.333333333333336,Medium
973,Male,Group B,Bachelor's degree,Free/Reduced,,35.0,84.0,88.0,98.69,69.0,Medium
974,Male,Group E,Master's degree,Free/Reduced,,88.0,37.0,28.0,74.43,51.0,Medium
975,Female,Group C,Master's degree,Free/Reduced,,19.0,43.0,64.0,77.4,42.0,Low
976,Female,Group E,Associate degree,Free/Reduced,Completed,80.0,16.0,55.0,76.86,50.333333333333336,Medium
977,Female,Group E,High school,Free/Reduced,,53.0,30.0,81.0,71.41,54.666666666666664,Medium
978,Female,Group D,Bachelor's degree,Free/Reduced,,99.0,36.0,3.0,91.77,46.0,Low
979,Female,Group B,High school,Standard,Completed,89.0,10.0,83.0,84.71,60.666666666666664,Medium
980,Female,Group A,Bachelor's degree,Standard,Completed,18.0,91.0,71.0,62.56,60.0,Medium
981,Female,Group B,Some college,Standard,,59.0,4.0,90.0,93.55,51.0,Medium
982,Female,Group E,Associate degree,Free/Reduced,,36.0,63.0,49.0,67.48,49.333333333333336,Low
983,Female,Group B,Some college,Free/Reduced,,2.0,75.0,38.0,99.17,38.333333333333336,Low
984,Male,Group D,Master's degree,Free/Reduced,Completed,91.0,2.0,34.0,75.07,42.333333333333336,Low
985,Female,Group A,Associate degree,Standard,,85.0,55.0,24.0,84.66,54.666666666666664,Medium
986,Female,Group D,Master's degree,Standard,,18.0,62.0,77.0,63.11,52.333333333333336,Medium
987,Female,Group A,Some college,Standard,Completed,52.0,37.0,43.0,73.79,44.0,Low
988,Female,Group E,Bachelor's degree,Free/Reduced,Completed,45.0,51.0,46.0,92.09,47.333333333333336,Low
989,Female,Group A,Master's degree,Standard,,79.0,1.0,39.0,79.09,39.666666666666664,Low
990,Female,Group A,High school,Standard,Completed,55.0,89.0,30.0,96.18,58.0,Medium
991,Female,Group A,Bachelor's degree,Free/Reduced,,69.0,1.0,68.0,83.01,46.0,Low
992,Female,Group B,Bachelor's degree,Standard,,100.0,11.0,80.0,97.14,63.666666666666664,Medium
993,Female,Group B,Some college,Standard,Completed,30.0,39.0,73.0,99.3,47.333333333333336,Low
994,Female,Group E,Some college,Standard,,52.0,1.0,42.0,78.16,31.666666666666668,Low
995,Female,Group A,Associate degree,Free/Reduced,,33.0,79.0,54.0,82.61,55.333333333333336,Medium
996,Male,Group C,Associate degree,Standard,Completed,30.0,93.0,15.0,93.4,46.0,Low
997,Male,Group E,High school,Free/Reduced,,59.0,56.0,67.0,68.86,60.666666666666664,Medium
998,Female,Group A,Bachelor's degree,Free/Reduced,Completed,10.0,46.0,68.0,94.47,41.333333333333336,Low
999,Female,Group A,High school,Standard,,99.0,35.0,41.0,83.68,58.333333333333336,Medium
1000,Male,Group B,High school,Standard,Completed,5.0,3.0,50.0,89.02,19.333333333333332,Low
1001,Female,Group E,Some college,Free/Reduced,Completed,26.0,74.0,49.0,63.19,49.666666666666664,Low
1002,Male,Group A,High school,Free/Reduced,Completed,6.0,23.0,83.0,90.65,37.333333333333336,Low
1003,Male,Group A,High school,Free/Reduced,Completed,48.0,81.0,5.0,72.43,44.666666666666664,Low
1004,Male,Group E,Master's degree,Free/Reduced,Completed,95.0,51.0,74.0,92.21,73.33333333333333,Medium
1005,Male,Group C,Associate degree,Free/Reduced,Completed,71.0,100.0,52.0,80.37,74.33333333333333,Medium
1006,Male,Group E,Associate degree,Standard,,59.0,61.0,16.0,70.98,45.333333333333336,Low
1007,Female,Group E,Bachelor's degree,Free/Reduced,,32.0,1.0,56.0,98.11,29.666666666666668,Low
1008,Male,Group C,Associate degree,Standard,Completed,46.0,14.0,66.0,90.6,42.0,Low
1009,Female,Group E,Bachelor's degree,Free/Reduced,,43.0,74.0,15.0,99.43,44.0,Low
1010,Female,Group A,Master's degree,Standard,Completed,78.0,90.0,51.0,74.58,73.0,Medium
1011,Male,Group E,Associate degree,Free/Reduced,Completed,49.0,48.0,99.0,85.97,65.33333333333333,Medium
1012,Male,Group C,Master's degree,Standard,,93.0,86.0,89.0,84.46,89.33333333333333,High
1013,Female,Group D,Associate degree,Standard,Completed,21.0,34.0,87.0,87.5,47.333333333333336,Low
1014,Male,Group E,Associate degree,Free/Reduced,,46.0,93.0,33.0,61.53,57.333333333333336,Medium
1015,Male,Group B,Master's degree,Free/Reduced,Completed,92.0,46.0,83.0,71.67,73.66666666666667,Medium
1016,Female,Group A,High school,Standard,Completed,47.0,51.0,80.0,96.37,59.333333333333336,Medium
1017,Female,Group A,High school,Standard,,29.0,82.0,19.0,76.95,43.333333333333336,Low
1018,Male,Group B,High school,Standard,Completed,1.0,59.0,50.0,98.43,36.666666666666664,Low
1019,Female,Group B,High school,Free/Reduced,Completed,49.0,51.0,55.0,68.54,51.666666666666664,Medium
1020,Male,Group E,Associate degree,Free/Reduced,Completed,46.0,76.0,50.0,99.9,57.333333333333336,Medium
1021,Male,Group B,Some college,Free/Reduced,,26.0,47.0,52.0,87.9,41.666666666666664,Low
1022,Male,Group D,Master's degree,Free/Reduced,,70.0,22.0,48.0,91.06,46.666666666666664,Low
1023,Female,Group C,Some college,Standard,,26.0,11.0,3.0,75.87,13.333333333333334,Low
1024,Female,Group B,Some college,Free/Reduced,,84.0,40.0,17.0,96.28,47.0,Low
1025,Female,Group B,Bachelor's degree,Free/Reduced,,12.0,28.0,35.0,81.82,25.0,Low
1026,Female,Group D,High school,Free/Reduced,Completed,54.0,69.0,34.0,87.24,52.333333333333336,Medium
1027,Female,Group A,Associate degree,Free/Reduced,,16.0,50.0,29.0,63.79,31.666666666666668,Low
1028,Male,Group A,High school,Free/Reduced,,74.0,22.0,62.0,85.27,52.666666666666664,Medium
1029,Male,Group E,High school,Standard,Completed,58.0,30.0,81.0,95.16,56.333333333333336,Medium
1030,Male,Group D,Some college,Free/Reduced,Completed,9.0,20.0,20.0,67.13,16.333333333333332,Low
1031,Male,Group C,Bachelor's degree,Standard,,32.0,23.0,51.0,89.51,35.333333333333336,Low
1032,Female,Group C,High school,Free/Reduced,Completed,77.0,71.0,95.0,61.02,81.0,High
1033,Male,Group D,Master's degree,Free/Reduced,Completed,36.0,8.0,68.0,97.05,37.333333333333336,Low
1034,Female,Group C,Master's degree,Free/Reduced,Completed,7.0,21.0,40.0,99.32,22.666666666666668,Low
1035,Male,Group A,High school,Free/Reduced,,32.0,3.0,53.0,74.17,29.333333333333332,Low
1036,Female,Group C,Some college,Standard,Completed,6.0,76.0,86.0,64.28,56.0,Medium
1037,Female,Group C,Some college,Standard,Completed,33.0,97.0,29.0,86.34,53.0,Medium
1038,Male,Group D,Associate degree,Free/Reduced,,70.0,51.0,90.0,61.19,70.33333333333333,Medium
1039,Male,Group D,Bachelor's degree,Standard,Completed,6.0,100.0,55.0,79.3,53.666666666666664,Medium
1040,Male,Group C,Some college,Standard,Completed,40.0,27.0,78.0,70.87,48.333333333333336,Low
1041,Male,Group B,Associate degree,Free/Reduced,,99.0,89.0,40.0,78.93,76.0,High
1042,Female,Group D,Master's degree,Standard,,54.0,97.0,13.0,60.73,54.666666666666664,Medium
1043,Male,Group E,Master's degree,Standard,,6.0,14.0,20.0,62.06,13.333333333333334,Low
1044,Male,Group E,Master's degree,Free/Reduced,Completed,83.0,7.0,97.0,60.64,62.333333333333336,Medium
1045,Female,Group A,High school,Free/Reduced,,17.0,47.0,89.0,84.77,51.0,Medium
1046,Male,Group C,Bachelor's degree,Standard,,42.0,98.0,24.0,82.4,54.666666666666664,Medium
1047,Male,Group B,Associate degree,Free/Reduced,Completed,77.0,87.0,49.0,69.33,71.0,Medium
1048,Male,Group A,Bachelor's degree,Free/Reduced,Completed,39.0,51.0,94.0,85.87,61.333333333333336,Medium
1049,Male,Group C,High school,Free/Reduced,Completed,52.0,54.0,52.0,95.37,52.666666666666664,Medium
1050,Male,Group D,Master's degree,Standard,Completed,13.0,36.0,47.0,71.09,32.0,Low
1051,Female,Group E,Associate degree,Free/Reduced,Completed,20.0,51.0,69.0,93.28,46.666666666666664,Low
1052,Male,Group B,Some college,Free/Reduced,,56.0,54.0,47.0,86.5,52.333333333333336,Medium
1053,Male,Group E,Bachelor's degree,Standard,,49.0,11.0,3.0,61.35,21.0,Low
1054,Male,Group D,Bachelor's degree,Standard,,45.0,18.0,23.0,75.01,28.666666666666668,Low
1055,Male,Group C,Some college,Standard,Completed,25.0,78.0,30.0,80.31,44.333333333333336,Low
1056,Male,Group D,Master's degree,Standard,,90.0,56.0,82.0,89.27,76.0,High
1057,Female,Group D,High school,Standard,Completed,23.0,93.0,74.0,71.49,63.333333333333336,Medium
1058,Male,Group E,Bachelor's degree,Free/Reduced,Completed,49.0,36.0,28.0,99.31,37.666666666666664,Low
1059,Female,Group B,Some college,Standard,,41.0,75.0,4.0,87.38,40.0,Low
1060,Female,Group D,Associate degree,Free/Reduced,,91.0,82.0,81.0,74.91,84.66666666666667,High
1061,Male,Group E,Some college,Standard,Completed,42.0,97.0,50.0,63.88,63.0,Medium
1062,Male,Group B,Master's degree,Free/Reduced,Completed,31.0,6.0,74.0,67.25,37.0,Low
1063,Male,Group C,Master's degree,Free/Reduced,,87.0,91.0,84.0,79.5,87.33333333333333,High
1064,Male,Group C,Master's degree,Standard,,5.0,54.0,50.0,79.79,36.333333333333336,Low
1065,Female,Group A,Associate degree,Standard,Completed,73.0,27.0,82.0,90.71,60.666666666666664,Medium
1066,Male,Group E,Associate degree,Standard,Completed,49.0,92.0,52.0,89.05,64.33333333333333,Medium
1067,Male,Group B,Associate degree,Standard,Completed,6.0,51.0,88.0,68.05,48.333333333333336,Low
1068,Male,Group D,Associate degree,Standard,Completed,28.0,83.0,63.0,83.8,58.0,Medium
1069,Male,Group C,Some college,Standard,,33.0,60.0,34.0,60.82,42.333333333333336,Low
1070,Male,Group B,Associate degree,Free/Reduced,,6.0,74.0,11.0,75.94,30.333333333333332,Low
1071,Male,Group E,Associate degree,Free/Reduced,Completed,80.0,38.0,50.0,90.56,56.0,Medium
1072,Female,Group A,Some college,Free/Reduced,Completed,76.0,22.0,89.0,75.98,62.333333333333336,Medium
1073,Female,Group C,Associate degree,Free/Reduced,,57.0,51.0,54.0,93.42,54.0,Medium
1074,Male,Group B,Master's degree,Free/Reduced,Completed,84.0,51.0,68.0,99.05,67.66666666666667,Medium
1075,Male,Group B,Master's degree,Standard,Completed,49.0,83.0,82.0,84.29,71.33333333333333,Medium
1076,Male,Group B,Bachelor's degree,Standard,Completed,72.0,10.0,90.0,65.8,57.333333333333336,Medium
1077,Female,Group E,Master's degree,Free/Reduced,Completed,44.0,65.0,37.0,75.19,48.666666666666664,Low
1078,Male,Group E,High school,Free/Reduced,Completed,46.0,12.0,28.0,60.38,28.666666666666668,Low
1079,Female,Group E,High school,Standard,Completed,76.0,76.0,11.0,84.11,54.333333333333336,Medium
1080,Male,Group D,High school,Standard,,80.0,40.0,18.0,92.86,46.0,Low
1081,Male,Group B,Some college,Standard,Completed,71.0,51.0,8.0,85.2,43.333333333333336,Low
1082,Male,Group C,Master's degree,Standard,,72.0,14.0,81.0,91.44,55.666666666666664,Medium
1083,Male,Group E,High school,Free/Reduced,,72.0,55.0,28.0,92.0,51.666666666666664,Medium
1084,Female,Group E,Bachelor's degree,Free/Reduced,,39.0,53.0,2.0,94.04,31.333333333333332,Low
1085,Female,Group B,Some college,Standard,Completed,29.0,30.0,86.0,70.67,48.333333333333336,Low
1086,Male,Group E,Bachelor's degree,Standard,Completed,61.0,60.0,29.0,94.85,50.0,Medium
1087,Male,Group D,Master's degree,Free/Reduced,Completed,70.0,57.0,57.0,86.16,61.333333333333336,Medium
1088,Female,Group D,Associate degree,Free/Reduced,,16.0,86.0,87.0,71.59,63.0,Medium
1089,Female,Group E,Bachelor's degree,Free/Reduced,,4.0,59.0,52.0,99.49,38.333333333333336,Low
1090,Female,Group B,Associate degree,Standard,Completed,80.0,52.0,100.0,98.01,77.33333333333333,High
1091,Female,Group B,Master's degree,Free/Reduced,Completed,0.0,85.0,100.0,82.98,61.666666666666664,Medium
1092,Male,Group B,Bachelor's degree,Standard,,79.0,60.0,3.0,93.73,47.333333333333336,Low
1093,Female,Group A,Bachelor's degree,Standard,,80.0,79.0,50.0,70.46,69.66666666666667,Medium
1094,Male,Group E,Some college,Standard,,93.0,41.0,53.0,76.64,62.333333333333336,Medium
1095,Female,Group B,Some college,Free/Reduced,Completed,30.0,28.0,50.0,67.36,36.0,Low
1096,Female,Group D,High school,Free/Reduced,,34.0,83.0,15.0,80.8,44.0,Low
1097,Female,Group C,Master's degree,Standard,,71.0,91.0,12.0,79.84,58.0,Medium
1098,Female,Group C,Bachelor's degree,Free/Reduced,,29.0,26.0,50.0,68.51,35.0,Low
1099,Female,Group B,Bachelor's degree,Standard,Completed,49.0,43.0,55.0,86.91,49.0,Low
1100,Male,Group C,Some college,Free/Reduced,Completed,14.0,92.0,52.0,64.71,52.666666666666664,Medium
1101,Male,Group C,Some college,Standard,Completed,97.0,4.0,50.0,62.47,50.333333333333336,Medium
1102,Female,Group A,Master's degree,Standard,,55.0,51.0,24.0,75.4,43.333333333333336,Low
1103,Female,Group D,Some college,Free/Reduced,,59.0,52.0,65.0,76.39,58.666666666666664,Medium
1104,Male,Group D,Associate degree,Free/Reduced,,26.0,51.0,29.0,72.79,35.333333333333336,Low
1105,Female,Group A,Associate degree,Standard,,1.0,37.0,2.0,70.32,13.333333333333334,Low
1106,Female,Group A,Associate degree,Free/Reduced,Completed,73.0,43.0,22.0,73.55,46.0,Low
1107,Male,Group C,Associate degree,Standard,,63.0,52.0,28.0,66.54,47.666666666666664,Low
1108,Female,Group E,Master's degree,Standard,,4.0,1.0,40.0,76.14,15.0,Low
1109,Female,Group C,Bachelor's degree,Standard,Completed,90.0,53.0,93.0,96.18,78.66666666666667,High
1110,Male,Group A,Associate degree,Standard,,67.0,83.0,50.0,68.98,66.66666666666667,Medium
1111,Male,Group D,Some college,Standard,,12.0,76.0,20.0,87.38,36.0,Low
1112,Male,Group C,Associate degree,Standard,,80.0,89.0,90.0,65.67,86.33333333333333,High
1113,Female,Group E,Master's degree,Standard,Completed,84.0,34.0,23.0,74.16,47.0,Low
1114,Male,Group C,Some college,Standard,,22.0,45.0,94.0,72.85,53.666666666666664,Medium
1115,Male,Group B,Associate degree,Free/Reduced,Completed,49.0,71.0,50.0,97.48,56.666666666666664,Medium
1116,Male,Group C,Bachelor's degree,Free/Reduced,,49.0,91.0,64.0,77.12,68.0,Medium
1117,Male,Group A,Some college,Standard,Completed,78.0,78.0,0.0,87.62,52.0,Medium
1118,Male,Group D,Some college,Standard,Completed,77.0,54.0,53.0,84.1,61.333333333333336,Medium
1119,Male,Group D,Bachelor's degree,Standard,Completed,72.0,71.0,71.0,65.64,71.33333333333333,Medium
1120,Female,Group A,Some college,Free/Reduced,,36.0,10.0,33.0,97.58,26.333333333333332,Low
1121,Female,Group B,Associate degree,Standard,,29.0,28.0,79.0,73.83,45.333333333333336,Low
1122,Male,Group A,Some college,Standard,Completed,92.0,68.0,90.0,61.79,83.33333333333333,High
1123,Male,Group C,Associate degree,Standard,Completed,22.0,62.0,67.0,72.02,50.333333333333336,Medium
1124,Male,Group A,Bachelor's degree,Free/Reduced,,33.0,46.0,82.0,73.43,53.666666666666664,Medium
1125,Female,Group A,High school,Free/Reduced,Completed,63.0,51.0,28.0,63.71,47.333333333333336,Low
1126,Female,Group B,Bachelor's degree,Free/Reduced,,54.0,63.0,2.0,84.8,39.666666666666664,Low
1127,Female,Group C,Associate degree,Standard,,70.0,81.0,10.0,73.87,53.666666666666664,Medium
1128,Female,Group E,Master's degree,Standard,Completed,8.0,63.0,7.0,85.17,26.0,Low
1129,Female,Group E,Bachelor's degree,Free/Reduced,Completed,3.0,91.0,61.0,60.27,51.666666666666664,Medium
1130,Female,Group D,Master's degree,Standard,,65.0,11.0,32.0,99.28,36.0,Low
1131,Female,Group A,Master's degree,Free/Reduced,,90.0,11.0,7.0,66.82,36.0,Low
1132,Female,Group D,Associate degree,Free/Reduced,,32.0,35.0,24.0,86.37,30.333333333333332,Low
1133,Female,Group B,Associate degree,Standard,Completed,31.0,28.0,87.0,88.63,48.666666666666664,Low
1134,Male,Group E,High school,Standard,,43.0,10.0,25.0,66.86,26.0,Low
1135,Male,Group A,Some college,Standard,Completed,36.0,52.0,25.0,64.47,37.666666666666664,Low
1136,Male,Group B,Bachelor's degree,Standard,Completed,90.0,51.0,16.0,66.1,52.333333333333336,Medium
1137,Male,Group B,Master's degree,Free/Reduced,,91.0,84.0,90.0,69.87,88.33333333333333,High
1138,Female,Group A,Bachelor's degree,Free/Reduced,Completed,66.0,73.0,28.0,66.73,55.666666666666664,Medium
1139,Female,Group B,Master's degree,Free/Reduced,Completed,59.0,95.0,42.0,86.96,65.33333333333333,Medium
1140,Male,Group A,Some college,Free/Reduced,Completed,58.0,46.0,72.0,76.83,58.666666666666664,Medium
1141,Female,Group A,High school,Free/Reduced,Completed,35.0,32.0,77.0,81.51,48.0,Low
1142,Male,Group C,Bachelor's degree,Free/Reduced,,48.0,80.0,4.0,61.89,44.0,Low
1143,Female,Group D,Some college,Standard,,50.0,66.0,49.0,94.45,55.0,Medium
1144,Male,Group B,High school,Free/Reduced,Completed,7.0,42.0,93.0,66.82,47.333333333333336,Low
1145,Female,Group B,Bachelor's degree,Standard,Completed,49.0,17.0,55.0,74.41,40.333333333333336,Low
1146,Female,Group C,Some college,Standard,Completed,40.0,73.0,62.0,62.88,58.333333333333336,Medium
1147,Male,Group C,Associate degree,Free/Reduced,Completed,100.0,52.0,56.0,65.47,69.33333333333333,Medium
1148,Female,Group C,Bachelor's degree,Free/Reduced,Completed,37.0,38.0,91.0,86.63,55.333333333333336,Medium
1149,Male,Group E,Some college,Standard,,85.0,71.0,44.0,87.7,66.66666666666667,Medium
1150,Male,Group E,High school,Standard,,77.0,33.0,36.0,87.08,48.666666666666664,Low
1151,Male,Group E,Some college,Free/Reduced,,78.0,36.0,71.0,82.09,61.666666666666664,Medium
1152,Male,Group A,Associate degree,Free/Reduced,,49.0,40.0,78.0,98.1,55.666666666666664,Medium
1153,Female,Group B,Bachelor's degree,Standard,Completed,67.0,96.0,91.0,80.29,84.66666666666667,High
1154,Female,Group D,Bachelor's degree,Free/Reduced,Completed,17.0,48.0,35.0,77.98,33.333333333333336,Low
1155,Female,Group A,Bachelor's degree,Free/Reduced,,64.0,9.0,32.0,69.9,35.0,Low
1156,Male,Group B,Associate degree,Free/Reduced,,63.0,39.0,5.0,63.95,35.666666666666664,Low
1157,Female,Group B,High school,Free/Reduced,,11.0,17.0,75.0,81.93,34.333333333333336,Low
1158,Male,Group C,Bachelor's degree,Free/Reduced,Completed,40.0,24.0,70.0,72.6,44.666666666666664,Low
1159,Female,Group C,High school,Standard,Completed,41.0,40.0,44.0,80.96,41.666666666666664,Low
1160,Female,Group A,Some college,Free/Reduced,Completed,59.0,35.0,91.0,68.24,61.666666666666664,Medium
1161,Female,Group C,High school,Free/Reduced,,49.0,1.0,6.0,93.53,18.666666666666668,Low
1162,Male,Group B,High school,Standard,,80.0,82.0,64.0,99.99,75.33333333333333,High
1163,Female,Group C,Bachelor's degree,Standard,Completed,82.0,73.0,23.0,72.9,59.333333333333336,Medium
1164,Female,Group E,Master's degree,Free/Reduced,Completed,35.0,48.0,44.0,93.69,42.333333333333336,Low
1165,Male,Group C,Master's degree,Free/Reduced,Completed,47.0,66.0,60.0,94.92,57.666666666666664,Medium
1166,Female,Group B,Associate degree,Standard,,70.0,52.0,18.0,99.84,46.666666666666664,Low
1167,Male,Group A,Associate degree,Free/Reduced,Completed,72.0,18.0,31.0,73.71,40.333333333333336,Low
1168,Female,Group D,Master's degree,Free/Reduced,Completed,7.0,25.0,29.0,90.24,20.333333333333332,Low
1169,Male,Group C,Some college,Free/Reduced,,24.0,53.0,64.0,69.15,47.0,Low
1170,Male,Group B,Bachelor's degree,Standard,Completed,6.0,50.0,31.0,84.99,29.0,Low
1171,Female,Group D,Bachelor's degree,Free/Reduced,Completed,7.0,24.0,56.0,88.19,29.0,Low
1172,Male,Group D,Some college,Free/Reduced,Completed,87.0,16.0,19.0,89.64,40.666666666666664,Low
1173,Male,Group E,Some college,Standard,Completed,80.0,73.0,84.0,68.29,79.0,High
1174,Male,Group D,Master's degree,Free/Reduced,,75.0,60.0,82.0,93.95,72.33333333333333,Medium
1175,Male,Group B,Associate degree,Free/Reduced,Completed,30.0,45.0,93.0,76.84,56.0,Medium
1176,Male,Group B,Some college,Free/Reduced,,11.0,54.0,91.0,68.65,52.0,Medium
1177,Male,Group C,Master's degree,Free/Reduced,Completed,56.0,49.0,95.0,81.7,66.66666666666667,Medium
1178,Female,Group C,High school,Standard,,65.0,74.0,29.0,94.53,56.0,Medium
1179,Male,Group C,Bachelor's degree,Standard,Completed,11.0,10.0,86.0,98.68,35.666666666666664,Low
1180,Male,Group D,Master's degree,Free/Reduced,Completed,26.0,11.0,90.0,89.93,42.333333333333336,Low
1181,Female,Group D,Bachelor's degree,Free/Reduced,,45.0,39.0,100.0,60.22,61.333333333333336,Medium
1182,Female,Group E,Master's degree,Free/Reduced,Completed,6.0,47.0,58.0,65.39,37.0,Low
1183,Female,Group C,High school,Free/Reduced,Completed,60.0,55.0,89.0,63.05,68.0,Medium
1184,Female,Group A,Bachelor's degree,Standard,,57.0,7.0,61.0,64.05,41.666666666666664,Low
1185,Female,Group E,High school,Standard,Completed,57.0,87.0,66.0,75.32,70.0,Medium
1186,Female,Group A,Master's degree,Standard,Completed,12.0,13.0,30.0,73.54,18.333333333333332,Low
1187,Female,Group D,Some college,Free/Reduced,Completed,52.0,86.0,65.0,64.55,67.66666666666667,Medium
1188,Male,Group E,Bachelor's degree,Free/Reduced,Completed,99.0,55.0,53.0,95.29,69.0,Medium
1189,Male,Group E,High school,Free/Reduced,Completed,64.0,53.0,9.0,84.62,42.0,Low
1190,Female,Group B,Bachelor's degree,Standard,,49.0,99.0,37.0,91.86,61.666666666666664,Medium
1191,Male,Group D,Bachelor's degree,Standard,,34.0,16.0,82.0,74.86,44.0,Low
1192,Male,Group D,Bachelor's degree,Standard,Completed,93.0,44.0,30.0,76.41,55.666666666666664,Medium
1193,Male,Group E,Associate degree,Standard,Completed,94.0,4.0,28.0,72.7,42.0,Low
1194,Female,Group D,High school,Standard,,16.0,2.0,24.0,77.54,14.0,Low
1195,Female,Group E,High school,Free/Reduced,,71.0,8.0,31.0,84.42,36.666666666666664,Low
1196,Male,Group B,Bachelor's degree,Free/Reduced,,66.0,83.0,50.0,79.72,66.33333333333333,Medium
1197,Female,Group E,Some college,Free/Reduced,,9.0,19.0,44.0,93.52,24.0,Low
1198,Male,Group D,Bachelor's degree,Standard,,33.0,82.0,48.0,96.01,54.333333333333336,Medium
1199,Male,Group D,Associate degree,Free/Reduced,,85.0,20.0,86.0,78.79,63.666666666666664,Medium
1200,Male,Group E,Master's degree,Free/Reduced,Completed,3.0,79.0,17.0,69.59,33.0,Low
1201,Male,Group E,Associate degree,Standard,Completed,95.0,32.0,74.0,97.81,67.0,Medium
1202,Female,Group E,Some college,Standard,Completed,28.0,4.0,51.0,89.4,27.666666666666668,Low
1203,Female,Group C,Bachelor's degree,Standard,Completed,45.0,23.0,19.0,85.61,29.0,Low
1204,Female,Group D,High school,Free/Reduced,Completed,74.0,62.0,61.0,89.82,65.66666666666667,Medium
1205,Male,Group D,Bachelor's degree,Standard,,45.0,78.0,12.0,63.04,45.0,Low
1206,Female,Group C,Some college,Free/Reduced,,76.0,25.0,87.0,62.71,62.666666666666664,Medium
1207,Male,Group E,Master's degree,Free/Reduced,,58.0,88.0,42.0,66.12,62.666666666666664,Medium
1208,Female,Group B,Associate degree,Standard,,60.0,91.0,83.0,65.9,78.0,High
1209,Male,Group E,Master's degree,Free/Reduced,,67.0,32.0,91.0,76.83,63.333333333333336,Medium
1210,Male,Group E,Master's degree,Standard,,65.0,17.0,98.0,66.3,60.0,Medium
1211,Male,Group C,Bachelor's degree,Standard,Completed,33.0,17.0,20.0,94.18,23.333333333333332,Low
1212,Female,Group D,Associate degree,Free/Reduced,Completed,85.0,37.0,5.0,83.12,42.333333333333336,Low
1213,Female,Group E,Some college,Free/Reduced,,4.0,32.0,70.0,74.73,35.333333333333336,Low
1214,Female,Group D,Master's degree,Free/Reduced,Completed,8.0,51.0,92.0,62.78,50.333333333333336,Medium
1215,Female,Group A,Associate degree,Standard,,19.0,48.0,52.0,83.64,39.666666666666664,Low
1216,Male,Group D,Bachelor's degree,Free/Reduced,Completed,20.0,49.0,86.0,64.66,51.666666666666664,Medium
1217,Female,Group B,High school,Standard,,16.0,14.0,51.0,89.73,27.0,Low
1218,Female,Group B,Bachelor's degree,Standard,,11.0,76.0,68.0,92.11,51.666666666666664,Medium
1219,Male,Group E,Bachelor's degree,Free/Reduced,Completed,91.0,51.0,85.0,81.76,75.66666666666667,High
1220,Male,Group D,Associate degree,Free/Reduced,,81.0,97.0,8.0,65.98,62.0,Medium
1221,Male,Group E,Master's degree,Free/Reduced,Completed,66.0,67.0,95.0,91.47,76.0,High
1222,Female,Group C,Associate degree,Free/Reduced,Completed,4.0,98.0,73.0,72.31,58.333333333333336,Medium
1223,Male,Group B,High school,Standard,,59.0,18.0,45.0,68.91,40.666666666666664,Low
1224,Male,Group E,Associate degree,Free/Reduced,,52.0,94.0,50.0,78.82,65.33333333333333,Medium
1225,Male,Group C,Some college,Standard,,51.0,24.0,74.0,96.91,49.666666666666664,Low
1226,Female,Group E,Bachelor's degree,Free/Reduced,Completed,77.0,75.0,70.0,71.89,74.0,Medium
1227,Male,Group D,Master's degree,Free/Reduced,Completed,47.0,75.0,29.0,96.22,50.333333333333336,Medium
1228,Female,Group D,High school,Free/Reduced,,89.0,24.0,42.0,62.15,51.666666666666664,Medium
1229,Female,Group D,Bachelor's degree,Standard,,18.0,32.0,58.0,63.34,36.0,Low
1230,Male,Group D,Associate degree,Free/Reduced,,16.0,59.0,37.0,87.94,37.333333333333336,Low
1231,Male,Group A,Some college,Standard,,53.0,36.0,33.0,67.62,40.666666666666664,Low
1232,Female,Group C,Associate degree,Free/Reduced,,67.0,91.0,45.0,72.66,67.66666666666667,Medium
1233,Male,Group C,Bachelor's degree,Free/Reduced,,34.0,42.0,91.0,65.45,55.666666666666664,Medium
1234,Male,Group D,High school,Standard,,87.0,8.0,50.0,73.29,48.333333333333336,Low
1235,Female,Group A,Master's degree,Standard,Completed,40.0,13.0,15.0,71.22,22.666666666666668,Low
1236,Female,Group D,Bachelor's degree,Free/Reduced,Completed,12.0,2.0,38.0,89.45,17.333333333333332,Low
1237,Male,Group A,High school,Free/Reduced,,32.0,68.0,0.0,88.08,33.333333333333336,Low
1238,Female,Group D,Bachelor's degree,Standard,,14.0,55.0,97.0,98.2,55.333333333333336,Medium
1239,Male,Group B,Some college,Free/Reduced,Completed,62.0,25.0,56.0,88.98,47.666666666666664,Low
1240,Male,Group B,Associate degree,Standard,,49.0,52.0,86.0,87.79,62.333333333333336,Medium
1241,Male,Group E,Master's degree,Free/Reduced,Completed,30.0,40.0,19.0,87.77,29.666666666666668,Low
1242,Female,Group D,High school,Standard,Completed,27.0,81.0,81.0,95.32,63.0,Medium
1243,Male,Group C,Master's degree,Standard,,9.0,20.0,81.0,71.85,36.666666666666664,Low
1244,Male,Group E,Master's degree,Standard,Completed,56.0,38.0,41.0,72.0,45.0,Low
1245,Male,Group B,Master's degree,Standard,Completed,70.0,79.0,50.0,89.65,66.33333333333333,Medium
1246,Female,Group D,High school,Standard,,32.0,22.0,71.0,69.15,41.666666666666664,Low
1247,Female,Group E,High school,Free/Reduced,,6.0,92.0,33.0,96.48,43.666666666666664,Low
1248,Female,Group D,Master's degree,Free/Reduced,Completed,4.0,73.0,49.0,81.39,42.0,Low
1249,Female,Group B,Associate degree,Free/Reduced,,89.0,57.0,10.0,72.0,52.0,Medium
1250,Female,Group E,Bachelor's degree,Free/Reduced,Completed,79.0,68.0,42.0,91.04,63.0,Medium
1251,Male,Group B,Master's degree,Free/Reduced,Completed,56.0,74.0,9.0,72.49,46.333333333333336,Low
1252,Female,Group A,Some college,Free/Reduced,Completed,71.0,28.0,7.0,98.53,35.333333333333336,Low
1253,Female,Group B,Master's degree,Free/Reduced,Completed,85.0,61.0,71.0,99.32,72.33333333333333,Medium
1254,Female,Group D,High school,Free/Reduced,Completed,97.0,52.0,18.0,86.67,55.666666666666664,Medium
1255,Male,Group C,Bachelor's degree,Free/Reduced,Completed,39.0,44.0,64.0,64.55,49.0,Low
1256,Female,Group B,Some college,Standard,,27.0,26.0,54.0,70.53,35.666666666666664,Low
1257,Female,Group C,Bachelor's degree,Standard,,35.0,33.0,51.0,80.62,39.666666666666664,Low
1258,Male,Group A,Bachelor's degree,Free/Reduced,,55.0,13.0,2.0,94.06,23.333333333333332,Low
1259,Female,Group E,Some college,Standard,,46.0,40.0,52.0,67.4,46.0,Low
1260,Male,Group E,Master's degree,Free/Reduced,Completed,70.0,73.0,43.0,64.18,62.0,Medium
1261,Male,Group C,Master's degree,Standard,Completed,39.0,59.0,95.0,62.98,64.33333333333333,Medium
1262,Male,Group E,Master's degree,Standard,Completed,58.0,41.0,47.0,80.28,48.666666666666664,Low
1263,Male,Group B,Associate degree,Standard,Completed,42.0,50.0,53.0,95.39,48.333333333333336,Low
1264,Male,Group C,Master's degree,Free/Reduced,Completed,91.0,74.0,15.0,61.69,60.0,Medium
1265,Female,Group D,Some college,Free/Reduced,,65.0,10.0,29.0,68.49,34.666666666666664,Low
1266,Male,Group B,Associate degree,Free/Reduced,,8.0,34.0,91.0,87.73,44.333333333333336,Low
1267,Male,Group B,Master's degree,Free/Reduced,,5.0,18.0,27.0,93.03,16.666666666666668,Low
1268,Female,Group B,Associate degree,Standard,Completed,64.0,87.0,15.0,92.3,55.333333333333336,Medium
1269,Male,Group D,Some college,Free/Reduced,Completed,2.0,64.0,50.0,91.4,38.666666666666664,Low
1270,Female,Group A,Master's degree,Standard,,73.0,75.0,32.0,65.19,60.0,Medium
1271,Female,Group E,High school,Free/Reduced,Completed,36.0,60.0,24.0,75.89,40.0,Low
1272,Female,Group C,Some college,Standard,Completed,86.0,46.0,17.0,99.39,49.666666666666664,Low
1273,Male,Group A,Bachelor's degree,Standard,,32.0,13.0,50.0,99.56,31.666666666666668,Low
1274,Male,Group C,Bachelor's degree,Standard,Completed,8.0,66.0,5.0,84.1,26.333333333333332,Low
1275,Male,Group E,Some college,Standard,,52.0,51.0,37.0,88.37,46.666666666666664,Low
1276,Female,Group D,Bachelor's degree,Free/Reduced,,76.0,31.0,43.0,98.05,50.0,Medium
1277,Male,Group B,Some college,Free/Reduced,,91.0,79.0,66.0,78.0,78.66666666666667,High
1278,Male,Group B,High school,Standard,,50.0,51.0,42.0,65.47,47.666666666666664,Low
1279,Male,Group D,Some college,Free/Reduced,Completed,70.0,16.0,5.0,86.76,30.333333333333332,Low
1280,Female,Group A,Master's degree,Free/Reduced,Completed,49.0,39.0,77.0,98.4,55.0,Medium
1281,Female,Group A,Master's degree,Standard,Completed,15.0,67.0,63.0,87.89,48.333333333333336,Low
1282,Male,Group C,Associate degree,Free/Reduced,,49.0,62.0,81.0,92.13,64.0,Medium
1283,Male,Group D,Bachelor's degree,Free/Reduced,Completed,89.0,14.0,79.0,76.91,60.666666666666664,Medium
1284,Male,Group A,Bachelor's degree,Free/Reduced,,50.0,96.0,87.0,63.86,77.66666666666667,High
1285,Male,Group D,Some college,Standard,Completed,38.0,38.0,12.0,66.76,29.333333333333332,Low
1286,Female,Group E,Bachelor's degree,Free/Reduced,Completed,54.0,56.0,64.0,99.31,58.0,Medium
1287,Female,Group B,Master's degree,Standard,,95.0,9.0,37.0,79.73,47.0,Low
1288,Female,Group B,High school,Standard,Completed,35.0,70.0,63.0,60.48,56.0,Medium
1289,Female,Group B,Some college,Standard,,64.0,96.0,13.0,98.21,57.666666666666664,Medium
1290,Male,Group D,Bachelor's degree,Free/Reduced,,84.0,16.0,16.0,79.91,38.666666666666664,Low
1291,Male,Group D,Master's degree,Free/Reduced,Completed,76.0,75.0,76.0,93.45,75.66666666666667,High
1292,Male,Group C,Associate degree,Free/Reduced,Completed,89.0,16.0,12.0,81.94,39.0,Low
1293,Female,Group B,Bachelor's degree,Standard,Completed,44.0,15.0,72.0,64.07,43.666666666666664,Low
1294,Male,Group C,High school,Free/Reduced,Completed,8.0,51.0,5.0,84.62,21.333333333333332,Low
1295,Female,Group B,High school,Standard,,36.0,2.0,5.0,99.9,14.333333333333334,Low
1296,Female,Group C,Bachelor's degree,Free/Reduced,,86.0,50.0,93.0,61.39,76.33333333333333,High
1297,Male,Group C,Bachelor's degree,Standard,Completed,0.0,93.0,36.0,93.67,43.0,Low
1298,Male,Group E,Master's degree,Free/Reduced,Completed,65.0,45.0,56.0,69.42,55.333333333333336,Medium
1299,Male,Group C,Bachelor's degree,Free/Reduced,Completed,62.0,54.0,52.0,75.75,56.0,Medium
1300,Female,Group D,Associate degree,Free/Reduced,,42.0,98.0,45.0,74.91,61.666666666666664,Medium
1301,Male,Group C,Master's degree,Standard,Completed,27.0,25.0,77.0,95.95,43.0,Low
1302,Female,Group B,Some college,Standard,,99.0,75.0,3.0,80.18,59.0,Medium
1303,Male,Group C,Associate degree,Free/Reduced,Completed,30.0,30.0,33.0,77.89,31.0,Low
1304,Female,Group A,Master's degree,Standard,Completed,68.0,80.0,65.0,92.72,71.0,Medium
1305,Female,Group B,Master's degree,Standard,,100.0,100.0,62.0,61.96,87.33333333333333,High
1306,Male,Group A,High school,Standard,,88.0,71.0,60.0,63.46,73.0,Medium
1307,Female,Group B,Master's degree,Free/Reduced,Completed,7.0,18.0,80.0,60.87,35.0,Low
1308,Female,Group D,Associate degree,Free/Reduced,,33.0,89.0,41.0,87.52,54.333333333333336,Medium
1309,Male,Group D,Bachelor's degree,Free/Reduced,,48.0,67.0,77.0,81.02,64.0,Medium
1310,Female,Group D,Associate degree,Standard,Completed,95.0,14.0,63.0,95.04,57.333333333333336,Medium
1311,Male,Group A,Some college,Free/Reduced,,49.0,57.0,16.0,79.94,40.666666666666664,Low
1312,Female,Group E,Master's degree,Standard,,74.0,77.0,60.0,68.87,70.33333333333333,Medium
1313,Male,Group B,Master's degree,Standard,Completed,46.0,29.0,29.0,92.21,34.666666666666664,Low
1314,Male,Group D,Master's degree,Free/Reduced,Completed,24.0,47.0,42.0,71.77,37.666666666666664,Low
1315,Female,Group B,Master's degree,Free/Reduced,,2.0,55.0,92.0,97.43,49.666666666666664,Low
1316,Female,Group A,High school,Free/Reduced,Completed,44.0,41.0,6.0,70.02,30.333333333333332,Low
1317,Female,Group E,High school,Standard,,51.0,23.0,72.0,66.71,48.666666666666664,Low
1318,Female,Group A,Bachelor's degree,Standard,,95.0,51.0,45.0,79.73,63.666666666666664,Medium
1319,Female,Group B,Master's degree,Free/Reduced,,98.0,42.0,22.0,62.02,54.0,Medium
1320,Male,Group E,Some college,Standard,Completed,95.0,33.0,35.0,61.46,54.333333333333336,Medium
1321,Female,Group E,Bachelor's degree,Free/Reduced,,49.0,59.0,13.0,79.84,40.333333333333336,Low
1322,Male,Group A,Master's degree,Free/Reduced,,100.0,82.0,19.0,68.6,67.0,Medium
1323,Male,Group D,High school,Free/Reduced,,68.0,2.0,55.0,60.37,41.666666666666664,Low
1324,Female,Group B,Some college,Free/Reduced,Completed,91.0,67.0,80.0,71.84,79.33333333333333,High
1325,Male,Group C,Bachelor's degree,Free/Reduced,Completed,91.0,10.0,31.0,79.09,44.0,Low
1326,Male,Group C,Some college,Free/Reduced,Completed,7.0,12.0,24.0,75.77,14.333333333333334,Low
1327,Male,Group A,Master's degree,Standard,,26.0,49.0,93.0,65.42,56.0,Medium
1328,Male,Group B,Associate degree,Standard,,79.0,81.0,48.0,83.19,69.33333333333333,Medium
1329,Female,Group B,Some college,Free/Reduced,Completed,62.0,18.0,56.0,88.41,45.333333333333336,Low
1330,Male,Group A,Some college,Free/Reduced,,49.0,43.0,26.0,87.02,39.333333333333336,Low
1331,Female,Group B,High school,Standard,,24.0,51.0,26.0,75.75,33.666666666666664,Low
1332,Female,Group D,Master's degree,Standard,,57.0,37.0,45.0,65.5,46.333333333333336,Low
1333,Male,Group A,Some college,Free/Reduced,,47.0,2.0,94.0,79.98,47.666666666666664,Low
1334,Female,Group D,Master's degree,Free/Reduced,Completed,0.0,98.0,44.0,95.62,47.333333333333336,Low
1335,Female,Group B,Master's degree,Standard,Completed,7.0,64.0,25.0,78.75,32.0,Low
1336,Female,Group A,Master's degree,Free/Reduced,Completed,49.0,34.0,13.0,67.83,32.0,Low
1337,Male,Group B,High school,Standard,,97.0,35.0,47.0,63.72,59.666666666666664,Medium
1338,Female,Group A,Master's degree,Free/Reduced,,49.0,37.0,84.0,97.76,56.666666666666664,Medium
1339,Female,Group B,Bachelor's degree,Standard,Completed,100.0,38.0,91.0,89.72,76.33333333333333,High
1340,Female,Group D,Master's degree,Free/Reduced,Completed,49.0,24.0,14.0,72.52,29.0,Low
1341,Male,Group D,Associate degree,Free/Reduced,Completed,77.0,63.0,93.0,71.81,77.66666666666667,High
1342,Female,Group B,Bachelor's degree,Free/Reduced,,28.0,12.0,88.0,95.81,42.666666666666664,Low
1343,Male,Group A,High school,Standard,Completed,29.0,67.0,50.0,67.1,48.666666666666664,Low
1344,Male,Group C,Associate degree,Free/Reduced,,2.0,69.0,53.0,81.4,41.333333333333336,Low
1345,Male,Group D,Some college,Standard,Completed,6.0,74.0,10.0,88.54,30.0,Low
1346,Male,Group D,Some college,Standard,,99.0,0.0,74.0,75.86,57.666666666666664,Medium
1347,Male,Group C,Bachelor's degree,Standard,,10.0,71.0,27.0,61.6,36.0,Low
1348,Male,Group B,Associate degree,Standard,Completed,31.0,53.0,54.0,69.11,46.0,Low
1349,Female,Group A,Master's degree,Free/Reduced,,58.0,97.0,68.0,96.07,74.33333333333333,Medium
1350,Male,Group B,Associate degree,Free/Reduced,,11.0,8.0,91.0,80.92,36.666666666666664,Low
1351,Female,Group E,Bachelor's degree,Free/Reduced,Completed,78.0,35.0,71.0,92.62,61.333333333333336,Medium
1352,Female,Group D,Master's degree,Standard,Completed,37.0,36.0,25.0,82.23,32.666666666666664,Low
1353,Male,Group E,Master's degree,Free/Reduced,Completed,23.0,58.0,69.0,97.74,50.0,Medium
1354,Female,Group D,Some college,Standard,,64.0,20.0,31.0,96.37,38.333333333333336,Low
1355,Female,Group D,Associate degree,Standard,,17.0,19.0,47.0,79.32,27.666666666666668,Low
1356,Female,Group E,Master's degree,Standard,Completed,45.0,0.0,95.0,72.73,46.666666666666664,Low
1357,Female,Group E,Bachelor's degree,Free/Reduced,Completed,55.0,98.0,11.0,84.07,54.666666666666664,Medium
1358,Male,Group B,Some college,Standard,,62.0,58.0,69.0,87.0,63.0,Medium
1359,Female,Group E,Master's degree,Free/Reduced,Completed,6.0,27.0,76.0,79.93,36.333333333333336,Low
1360,Male,Group B,Associate degree,Free/Reduced,Completed,49.0,70.0,60.0,92.89,59.666666666666664,Medium
1361,Female,Group B,Some college,Free/Reduced,,39.0,55.0,33.0,67.33,42.333333333333336,Low
1362,Female,Group B,Associate degree,Standard,,53.0,8.0,86.0,73.38,49.0,Low
1363,Male,Group D,Associate degree,Free/Reduced,Completed,30.0,64.0,80.0,87.46,58.0,Medium
1364,Female,Group D,Associate degree,Standard,,96.0,35.0,44.0,69.87,58.333333333333336,Medium
1365,Female,Group E,Some college,Standard,,51.0,97.0,50.0,77.59,66.0,Medium
1366,Female,Group D,Master's degree,Standard,Completed,93.0,33.0,64.0,98.55,63.333333333333336,Medium
1367,Male,Group E,High school,Standard,Completed,30.0,80.0,70.0,85.04,60.0,Medium
1368,Female,Group D,Master's degree,Free/Reduced,Completed,33.0,31.0,12.0,97.96,25.333333333333332,Low
1369,Male,Group A,Some college,Free/Reduced,,6.0,65.0,77.0,88.9,49.333333333333336,Low
1370,Female,Group A,High school,Free/Reduced,Completed,88.0,99.0,80.0,88.99,89.0,High
1371,Male,Group E,High school,Free/Reduced,,15.0,24.0,93.0,83.67,44.0,Low
1372,Male,Group D,High school,Standard,Completed,21.0,51.0,47.0,65.69,39.666666666666664,Low
1373,Female,Group D,Bachelor's degree,Standard,,99.0,62.0,48.0,80.79,69.66666666666667,Medium
1374,Female,Group B,Some college,Standard,,52.0,89.0,97.0,70.11,79.33333333333333,High
1375,Male,Group C,Bachelor's degree,Standard,Completed,90.0,44.0,90.0,99.95,74.66666666666667,Medium
1376,Male,Group E,High school,Free/Reduced,,16.0,25.0,57.0,70.68,32.666666666666664,Low
1377,Female,Group C,Bachelor's degree,Free/Reduced,Completed,3.0,20.0,88.0,69.23,37.0,Low
1378,Male,Group C,Bachelor's degree,Standard,Completed,60.0,81.0,98.0,84.96,79.66666666666667,High
1379,Female,Group E,Some college,Standard,,98.0,92.0,50.0,80.44,80.0,High
1380,Female,Group D,Associate degree,Standard,,85.0,50.0,69.0,60.85,68.0,Medium
1381,Female,Group E,Bachelor's degree,Standard,,51.0,23.0,60.0,65.18,44.666666666666664,Low
1382,Female,Group C,Master's degree,Free/Reduced,Completed,34.0,91.0,25.0,92.44,50.0,Medium
1383,Male,Group D,High school,Standard,Completed,43.0,11.0,38.0,79.35,30.666666666666668,Low
1384,Female,Group A,High school,Free/Reduced,Completed,14.0,10.0,57.0,65.84,27.0,Low
1385,Male,Group E,High school,Free/Reduced,Completed,60.0,26.0,26.0,78.61,37.333333333333336,Low
1386,Female,Group E,Master's degree,Standard,Completed,43.0,22.0,39.0,70.13,34.666666666666664,Low
1387,Male,Group D,Bachelor's degree,Standard,Completed,20.0,32.0,30.0,68.94,27.333333333333332,Low
1388,Female,Group A,High school,Free/Reduced,,76.0,79.0,2.0,98.31,52.333333333333336,Medium
1389,Male,Group A,Some college,Free/Reduced,Completed,46.0,91.0,50.0,74.48,62.333333333333336,Medium
1390,Male,Group D,Master's degree,Standard,Completed,74.0,91.0,14.0,61.86,59.666666666666664,Medium
1391,Female,Group B,Associate degree,Free/Reduced,Completed,49.0,37.0,53.0,98.81,46.333333333333336,Low
1392,Female,Group E,Bachelor's degree,Standard,Completed,52.0,54.0,69.0,91.79,58.333333333333336,Medium
1393,Female,Group E,Bachelor's degree,Standard,,26.0,69.0,10.0,70.18,35.0,Low
1394,Female,Group C,Some college,Free/Reduced,,30.0,41.0,29.0,76.36,33.333333333333336,Low
1395,Male,Group D,Associate degree,Free/Reduced,,43.0,28.0,34.0,94.49,35.0,Low
1396,Female,Group C,Associate degree,Standard,Completed,31.0,33.0,42.0,74.3,35.333333333333336,Low
1397,Male,Group C,Master's degree,Standard,Completed,29.0,56.0,60.0,82.7,48.333333333333336,Low
1398,Male,Group A,Bachelor's degree,Free/Reduced,Completed,17.0,2.0,39.0,81.39,19.333333333333332,Low
1399,Female,Group E,Master's degree,Free/Reduced,,62.0,5.0,92.0,76.05,53.0,Medium
1400,Male,Group C,Some college,Free/Reduced,Completed,15.0,47.0,86.0,85.58,49.333333333333336,Low
1401,Male,Group A,Some college,Free/Reduced,Completed,34.0,63.0,41.0,78.93,46.0,Low
1402,Male,Group D,Some college,Standard,,61.0,51.0,41.0,60.85,51.0,Medium
1403,Male,Group C,Some college,Standard,,8.0,35.0,2.0,92.58,15.0,Low
1404,Female,Group E,High school,Standard,Completed,61.0,78.0,89.0,64.53,76.0,High
1405,Female,Group C,High school,Free/Reduced,,49.0,69.0,77.0,78.56,65.0,Medium
1406,Female,Group D,Master's degree,Free/Reduced,Completed,50.0,32.0,82.0,83.2,54.666666666666664,Medium
1407,Female,Group C,Bachelor's degree,Standard,Completed,100.0,75.0,84.0,88.22,86.33333333333333,High
1408,Male,Group E,High school,Free/Reduced,,9.0,56.0,20.0,76.43,28.333333333333332,Low
1409,Male,Group A,Master's degree,Free/Reduced,Completed,51.0,54.0,72.0,89.42,59.0,Medium
1410,Female,Group E,Associate degree,Free/Reduced,,11.0,12.0,76.0,65.25,33.0,Low
1411,Female,Group A,Bachelor's degree,Free/Reduced,,71.0,51.0,52.0,86.14,58.0,Medium
1412,Female,Group B,High school,Free/Reduced,Completed,61.0,50.0,43.0,93.05,51.333333333333336,Medium
1413,Male,Group E,Associate degree,Free/Reduced,,2.0,91.0,45.0,95.58,46.0,Low
1414,Female,Group E,Master's degree,Standard,Completed,82.0,52.0,36.0,83.18,56.666666666666664,Medium
1415,Female,Group D,High school,Standard,Completed,49.0,35.0,37.0,72.52,40.333333333333336,Low
1416,Female,Group C,High school,Standard,,7.0,4.0,87.0,66.53,32.666666666666664,Low
1417,Male,Group A,Master's degree,Standard,,89.0,24.0,37.0,73.82,50.0,Medium
1418,Male,Group A,High school,Free/Reduced,,22.0,80.0,10.0,81.6,37.333333333333336,Low
1419,Male,Group D,Some college,Standard,Completed,9.0,36.0,92.0,67.85,45.666666666666664,Low
1420,Male,Group D,High school,Standard,Completed,17.0,18.0,44.0,98.1,26.333333333333332,Low
1421,Male,Group C,Bachelor's degree,Standard,Completed,75.0,34.0,63.0,95.89,57.333333333333336,Medium
1422,Male,Group C,Associate degree,Standard,Completed,38.0,33.0,43.0,61.32,38.0,Low
1423,Male,Group E,Bachelor's degree,Free/Reduced,Completed,25.0,53.0,80.0,82.48,52.666666666666664,Medium
1424,Male,Group B,Master's degree,Free/Reduced,Completed,10.0,45.0,61.0,91.57,38.666666666666664,Low
1425,Female,Group C,Bachelor's degree,Standard,Completed,9.0,5.0,89.0,69.82,34.333333333333336,Low
1426,Female,Group D,Some college,Standard,,2.0,82.0,50.0,80.96,44.666666666666664,Low
1427,Male,Group C,Master's degree,Free/Reduced,Completed,61.0,0.0,89.0,76.24,50.0,Medium
1428,Male,Group A,Bachelor's degree,Free/Reduced,Completed,70.0,70.0,11.0,67.86,50.333333333333336,Medium
1429,Female,Group B,Master's degree,Standard,,60.0,33.0,81.0,84.59,58.0,Medium
1430,Male,Group E,High school,Free/Reduced,Completed,3.0,55.0,8.0,99.75,22.0,Low
1431,Male,Group A,Some college,Free/Reduced,Completed,60.0,82.0,66.0,74.61,69.33333333333333,Medium
1432,Male,Group A,Bachelor's degree,Standard,,7.0,96.0,73.0,82.1,58.666666666666664,Medium
1433,Female,Group B,Master's degree,Free/Reduced,Completed,12.0,25.0,1.0,73.11,12.666666666666666,Low
1434,Female,Group E,Bachelor's degree,Standard,,11.0,41.0,7.0,95.08,19.666666666666668,Low
1435,Female,Group D,High school,Standard,Completed,34.0,90.0,42.0,94.58,55.333333333333336,Medium
1436,Female,Group E,Associate degree,Free/Reduced,Completed,53.0,37.0,17.0,67.15,35.666666666666664,Low
1437,Female,Group C,Master's degree,Free/Reduced,,50.0,25.0,51.0,96.0,42.0,Low
1438,Male,Group A,Associate degree,Free/Reduced,,42.0,98.0,38.0,66.06,59.333333333333336,Medium
1439,Female,Group C,Master's degree,Free/Reduced,Completed,99.0,58.0,30.0,63.82,62.333333333333336,Medium
1440,Male,Group D,Master's degree,Free/Reduced,Completed,65.0,83.0,13.0,86.12,53.666666666666664,Medium
1441,Male,Group C,Bachelor's degree,Free/Reduced,,14.0,23.0,50.0,75.44,29.0,Low
1442,Female,Group E,Some college,Standard,Completed,48.0,20.0,96.0,81.23,54.666666666666664,Medium
1443,Female,Group C,Bachelor's degree,Free/Reduced,,33.0,59.0,92.0,86.1,61.333333333333336,Medium
1444,Male,Group D,High school,Standard,,38.0,89.0,43.0,62.11,56.666666666666664,Medium
1445,Male,Group D,Master's degree,Free/Reduced,,25.0,19.0,59.0,71.72,34.333333333333336,Low
1446,Male,Group D,Some college,Free/Reduced,Completed,68.0,5.0,96.0,78.44,56.333333333333336,Medium
1447,Female,Group E,Master's degree,Free/Reduced,Completed,47.0,66.0,98.0,70.66,70.33333333333333,Medium
1448,Female,Group D,Master's degree,Free/Reduced,Completed,88.0,9.0,1.0,61.96,32.666666666666664,Low
1449,Female,Group A,Bachelor's degree,Free/Reduced,,50.0,11.0,98.0,63.47,53.0,Medium
1450,Female,Group D,Some college,Standard,Completed,97.0,96.0,31.0,92.07,74.66666666666667,Medium
1451,Female,Group C,Some college,Standard,,3.0,21.0,35.0,96.46,19.666666666666668,Low
1452,Male,Group C,Master's degree,Standard,,97.0,61.0,54.0,66.09,70.66666666666667,Medium
1453,Female,Group C,Some college,Free/Reduced,Completed,49.0,60.0,86.0,69.97,65.0,Medium
1454,Male,Group E,Some college,Free/Reduced,Completed,41.0,79.0,62.0,86.09,60.666666666666664,Medium
1455,Male,Group C,Bachelor's degree,Free/Reduced,,55.0,16.0,68.0,98.17,46.333333333333336,Low
1456,Male,Group E,Associate degree,Standard,Completed,49.0,9.0,79.0,71.98,45.666666666666664,Low
1457,Female,Group E,High school,Standard,,68.0,11.0,39.0,94.21,39.333333333333336,Low
1458,Female,Group D,Associate degree,Free/Reduced,Completed,17.0,82.0,23.0,80.24,40.666666666666664,Low
1459,Female,Group A,Some college,Standard,,60.0,39.0,57.0,98.26,52.0,Medium
1460,Male,Group D,Master's degree,Free/Reduced,Completed,49.0,22.0,27.0,65.45,32.666666666666664,Low
1461,Male,Group D,High school,Free/Reduced,,49.0,39.0,61.0,98.95,49.666666666666664,Low
1462,Male,Group E,High school,Standard,Completed,49.0,73.0,24.0,77.64,48.666666666666664,Low
1463,Male,Group E,Master's degree,Standard,,83.0,73.0,6.0,98.12,54.0,Medium
1464,Male,Group C,High school,Standard,,69.0,49.0,37.0,78.35,51.666666666666664,Medium
1465,Male,Group C,Master's degree,Standard,,19.0,9.0,70.0,81.2,32.666666666666664,Low
1466,Female,Group D,High school,Free/Reduced,,19.0,93.0,85.0,92.19,65.66666666666667,Medium
1467,Female,Group B,Master's degree,Free/Reduced,,45.0,3.0,85.0,88.91,44.333333333333336,Low
1468,Female,Group B,High school,Standard,,26.0,0.0,50.0,84.78,25.333333333333332,Low
1469,Female,Group C,Bachelor's degree,Standard,Completed,25.0,42.0,50.0,76.68,39.0,Low
1470,Male,Group B,Master's degree,Standard,,31.0,82.0,44.0,91.7,52.333333333333336,Medium
1471,Male,Group C,High school,Standard,,9.0,4.0,31.0,97.93,14.666666666666666,Low
1472,Female,Group E,Master's degree,Free/Reduced,Completed,81.0,93.0,31.0,60.39,68.33333333333333,Medium
1473,Male,Group D,Bachelor's degree,Free/Reduced,Completed,11.0,89.0,0.0,83.51,33.333333333333336,Low
1474,Female,Group A,High school,Free/Reduced,,73.0,33.0,73.0,94.64,59.666666666666664,Medium
1475,Female,Group D,Master's degree,Free/Reduced,Completed,87.0,65.0,44.0,86.12,65.33333333333333,Medium
1476,Female,Group C,Bachelor's degree,Free/Reduced,Completed,23.0,23.0,63.0,92.03,36.333333333333336,Low
1477,Male,Group C,Bachelor's degree,Free/Reduced,,50.0,13.0,50.0,95.8,37.666666666666664,Low
1478,Female,Group D,Bachelor's degree,Free/Reduced,,37.0,40.0,92.0,90.04,56.333333333333336,Medium
1479,Female,Group C,Master's degree,Standard,Completed,49.0,41.0,6.0,88.68,32.0,Low
1480,Female,Group B,Bachelor's degree,Free/Reduced,Completed,88.0,12.0,37.0,98.59,45.666666666666664,Low
1481,Male,Group B,Master's degree,Standard,Completed,7.0,28.0,69.0,94.55,34.666666666666664,Low
1482,Male,Group C,Associate degree,Standard,Completed,54.0,64.0,52.0,92.62,56.666666666666664,Medium
1483,Female,Group C,High school,Standard,Completed,77.0,45.0,74.0,63.46,65.33333333333333,Medium
1484,Male,Group B,High school,Free/Reduced,Completed,30.0,51.0,72.0,69.56,51.0,Medium
1485,Male,Group C,Some college,Free/Reduced,,87.0,62.0,29.0,82.27,59.333333333333336,Medium
1486,Male,Group C,Associate degree,Free/Reduced,Completed,15.0,3.0,21.0,88.38,13.0,Low
1487,Male,Group D,Bachelor's degree,Free/Reduced,,19.0,27.0,57.0,72.13,34.333333333333336,Low
1488,Male,Group A,Bachelor's degree,Standard,,37.0,82.0,72.0,63.73,63.666666666666664,Medium
1489,Male,Group B,Associate degree,Free/Reduced,Completed,14.0,0.0,54.0,72.44,22.666666666666668,Low
1490,Male,Group D,Bachelor's degree,Standard,,77.0,35.0,45.0,90.84,52.333333333333336,Medium
1491,Male,Group A,Some college,Free/Reduced,Completed,75.0,12.0,96.0,95.1,61.0,Medium
1492,Male,Group C,Master's degree,Free/Reduced,,33.0,4.0,25.0,96.52,20.666666666666668,Low
1493,Male,Group C,High school,Standard,Completed,71.0,96.0,63.0,75.15,76.66666666666667,High
1494,Female,Group D,Associate degree,Standard,,18.0,13.0,79.0,74.9,36.666666666666664,Low
1495,Female,Group C,High school,Standard,Completed,68.0,79.0,8.0,76.27,51.666666666666664,Medium
1496,Male,Group E,Master's degree,Free/Reduced,,90.0,31.0,86.0,75.03,69.0,Medium
1497,Female,Group D,Associate degree,Free/Reduced,Completed,62.0,49.0,14.0,86.65,41.666666666666664,Low
1498,Female,Group A,Master's degree,Standard,,76.0,26.0,18.0,74.33,40.0,Low
1499,Male,Group D,Bachelor's degree,Free/Reduced,,31.0,34.0,15.0,60.81,26.666666666666668,Low
1500,Male,Group B,Bachelor's degree,Standard,,94.0,2.0,24.0,77.56,40.0,Low
1501,Male,Group D,Bachelor's degree,Free/Reduced,Completed,36.0,3.0,98.0,68.97,45.666666666666664,Low
1502,Female,Group C,Master's degree,Standard,Completed,65.0,6.0,50.0,61.15,40.333333333333336,Low
1503,Female,Group C,Master's degree,Standard,Completed,6.0,76.0,76.0,78.83,52.666666666666664,Medium
1504,Male,Group E,Master's degree,Free/Reduced,Completed,47.0,2.0,50.0,68.24,33.0,Low
1505,Male,Group E,High school,Standard,Completed,10.0,80.0,6.0,78.11,32.0,Low
1506,Male,Group E,Master's degree,Free/Reduced,,74.0,58.0,33.0,71.11,55.0,Medium
1507,Female,Group A,Bachelor's degree,Free/Reduced,Completed,86.0,73.0,50.0,84.15,69.66666666666667,Medium
1508,Female,Group E,Some college,Standard,Completed,30.0,0.0,77.0,99.64,35.666666666666664,Low
1509,Female,Group A,Master's degree,Standard,,43.0,27.0,22.0,81.89,30.666666666666668,Low
1510,Female,Group E,Some college,Free/Reduced,Completed,44.0,58.0,22.0,85.88,41.333333333333336,Low
1511,Male,Group A,Bachelor's degree,Free/Reduced,Completed,71.0,52.0,16.0,96.77,46.333333333333336,Low
1512,Male,Group D,Master's degree,Standard,Completed,55.0,9.0,12.0,74.96,25.333333333333332,Low
1513,Male,Group D,High school,Standard,Completed,31.0,70.0,50.0,66.66,50.333333333333336,Medium
1514,Male,Group C,High school,Standard,Completed,20.0,2.0,65.0,71.31,29.0,Low
1515,Female,Group A,Some college,Free/Reduced,Completed,30.0,6.0,100.0,76.11,45.333333333333336,Low
1516,Female,Group B,High school,Free/Reduced,,0.0,8.0,29.0,85.8,12.333333333333334,Low
1517,Male,Group C,High school,Free/Reduced,Completed,49.0,98.0,3.0,60.18,50.0,Medium
1518,Male,Group D,High school,Standard,Completed,10.0,89.0,93.0,94.14,64.0,Medium
1519,Female,Group A,Master's degree,Standard,Completed,92.0,68.0,66.0,63.04,75.33333333333333,High
1520,Male,Group E,High school,Free/Reduced,,67.0,12.0,13.0,96.03,30.666666666666668,Low
1521,Female,Group B,Associate degree,Free/Reduced,,35.0,93.0,10.0,97.98,46.0,Low
1522,Male,Group D,Master's degree,Standard,,78.0,39.0,39.0,99.6,52.0,Medium
1523,Male,Group C,High school,Free/Reduced,,58.0,61.0,86.0,92.38,68.33333333333333,Medium
1524,Male,Group A,Master's degree,Standard,Completed,66.0,51.0,95.0,65.67,70.66666666666667,Medium
1525,Male,Group B,High school,Standard,,55.0,9.0,2.0,88.25,22.0,Low
1526,Male,Group A,Associate degree,Standard,Completed,50.0,86.0,0.0,68.13,45.333333333333336,Low
1527,Male,Group E,High school,Free/Reduced,Completed,28.0,10.0,8.0,95.89,15.333333333333334,Low
1528,Male,Group C,High school,Free/Reduced,Completed,84.0,75.0,72.0,72.66,77.0,High
1529,Female,Group A,Master's degree,Standard,,1.0,61.0,75.0,73.07,45.666666666666664,Low
1530,Female,Group D,Associate degree,Standard,Completed,5.0,76.0,0.0,96.71,27.0,Low
1531,Female,Group C,Associate degree,Free/Reduced,,30.0,55.0,15.0,60.53,33.333333333333336,Low
1532,Female,Group D,High school,Standard,Completed,53.0,48.0,93.0,67.76,64.66666666666667,Medium
1533,Female,Group A,Associate degree,Free/Reduced,,87.0,15.0,71.0,76.88,57.666666666666664,Medium
1534,Male,Group C,Some college,Free/Reduced,,39.0,72.0,45.0,88.03,52.0,Medium
1535,Male,Group D,Associate degree,Free/Reduced,Completed,16.0,73.0,9.0,85.9,32.666666666666664,Low
1536,Female,Group E,Associate degree,Standard,Completed,4.0,51.0,32.0,86.78,29.0,Low
1537,Male,Group E,Associate degree,Standard,Completed,1.0,8.0,40.0,95.2,16.333333333333332,Low
1538,Female,Group A,Bachelor's degree,Standard,,57.0,32.0,50.0,64.84,46.333333333333336,Low
1539,Female,Group C,Bachelor's degree,Standard,,11.0,87.0,21.0,80.89,39.666666666666664,Low
1540,Male,Group B,Bachelor's degree,Free/Reduced,,4.0,34.0,15.0,89.02,17.666666666666668,Low
1541,Male,Group C,Associate degree,Standard,Completed,59.0,74.0,82.0,85.44,71.66666666666667,Medium
1542,Male,Group E,Some college,Free/Reduced,,40.0,38.0,74.0,77.93,50.666666666666664,Medium
1543,Female,Group D,Associate degree,Standard,Completed,19.0,76.0,61.0,60.68,52.0,Medium
1544,Male,Group B,High school,Standard,,71.0,86.0,52.0,62.42,69.66666666666667,Medium
1545,Female,Group A,Some college,Standard,,0.0,24.0,74.0,64.76,32.666666666666664,Low
1546,Female,Group B,Bachelor's degree,Standard,,55.0,79.0,13.0,73.73,49.0,Low
1547,Female,Group A,Master's degree,Standard,Completed,69.0,55.0,58.0,64.71,60.666666666666664,Medium
1548,Male,Group B,Some college,Free/Reduced,Completed,55.0,47.0,25.0,77.04,42.333333333333336,Low
1549,Male,Group A,Bachelor's degree,Standard,Completed,49.0,84.0,43.0,67.15,58.666666666666664,Medium
1550,Female,Group A,Some college,Standard,,10.0,9.0,19.0,91.17,12.666666666666666,Low
1551,Male,Group B,Some college,Standard,,2.0,40.0,83.0,94.86,41.666666666666664,Low
1552,Male,Group B,Associate degree,Standard,,94.0,82.0,4.0,75.59,60.0,Medium
1553,Male,Group A,High school,Standard,,27.0,98.0,64.0,80.45,63.0,Medium
1554,Female,Group E,Master's degree,Free/Reduced,Completed,4.0,58.0,10.0,98.14,24.0,Low
1555,Female,Group B,Bachelor's degree,Standard,,89.0,27.0,46.0,81.42,54.0,Medium
1556,Male,Group C,Some college,Free/Reduced,,15.0,40.0,50.0,99.8,35.0,Low
1557,Female,Group D,Master's degree,Standard,Completed,30.0,65.0,60.0,65.69,51.666666666666664,Medium
1558,Male,Group A,Some college,Free/Reduced,Completed,27.0,50.0,91.0,94.49,56.0,Medium
1559,Male,Group A,High school,Standard,Completed,6.0,61.0,44.0,79.89,37.0,Low
1560,Male,Group D,Master's degree,Standard,,8.0,29.0,46.0,60.91,27.666666666666668,Low
1561,Male,Group E,Bachelor's degree,Free/Reduced,Completed,38.0,39.0,33.0,98.89,36.666666666666664,Low
1562,Female,Group D,Some college,Standard,,98.0,39.0,12.0,98.6,49.666666666666664,Low
1563,Female,Group B,High school,Free/Reduced,Completed,42.0,68.0,88.0,75.33,66.0,Medium
1564,Female,Group D,Master's degree,Standard,,26.0,61.0,22.0,98.17,36.333333333333336,Low
1565,Male,Group A,Some college,Free/Reduced,,75.0,14.0,35.0,65.64,41.333333333333336,Low
1566,Male,Group D,Some college,Free/Reduced,,88.0,99.0,62.0,87.2,83.0,High
1567,Male,Group C,Bachelor's degree,Free/Reduced,,49.0,2.0,75.0,67.68,42.0,Low
1568,Female,Group B,High school,Standard,,94.0,23.0,46.0,69.87,54.333333333333336,Medium
1569,Male,Group D,Associate degree,Free/Reduced,,97.0,40.0,65.0,91.17,67.33333333333333,Medium
1570,Female,Group A,Some college,Standard,Completed,32.0,62.0,83.0,75.09,59.0,Medium
1571,Female,Group B,Master's degree,Free/Reduced,,90.0,47.0,79.0,60.29,72.0,Medium
1572,Female,Group A,Bachelor's degree,Free/Reduced,,55.0,60.0,13.0,76.57,42.666666666666664,Low
1573,Female,Group E,Bachelor's degree,Free/Reduced,,1.0,47.0,52.0,69.12,33.333333333333336,Low
1574,Female,Group C,Some college,Standard,,49.0,46.0,65.0,87.33,53.333333333333336,Medium
1575,Female,Group E,Some college,Standard,Completed,12.0,55.0,48.0,67.78,38.333333333333336,Low
1576,Male,Group C,Some college,Standard,,49.0,75.0,15.0,93.69,46.333333333333336,Low
1577,Male,Group D,Associate degree,Free/Reduced,,68.0,7.0,67.0,70.68,47.333333333333336,Low
1578,Female,Group B,Some college,Standard,Completed,33.0,77.0,42.0,75.72,50.666666666666664,Medium
1579,Female,Group D,High school,Standard,,86.0,17.0,76.0,71.92,59.666666666666664,Medium
1580,Male,Group C,Master's degree,Free/Reduced,Completed,18.0,83.0,64.0,85.76,55.0,Medium
1581,Female,Group C,Some college,Free/Reduced,,29.0,22.0,8.0,64.05,19.666666666666668,Low
1582,Female,Group C,Associate degree,Standard,,48.0,68.0,20.0,79.12,45.333333333333336,Low
1583,Male,Group A,Master's degree,Standard,Completed,42.0,64.0,81.0,73.38,62.333333333333336,Medium
1584,Female,Group B,Bachelor's degree,Standard,Completed,15.0,45.0,95.0,95.37,51.666666666666664,Medium
1585,Female,Group D,Some college,Free/Reduced,Completed,51.0,65.0,50.0,62.94,55.333333333333336,Medium
1586,Female,Group D,Master's degree,Free/Reduced,,97.0,79.0,50.0,93.19,75.33333333333333,High
1587,Male,Group E,Bachelor's degree,Free/Reduced,Completed,48.0,68.0,42.0,66.71,52.666666666666664,Medium
1588,Male,Group C,Associate degree,Free/Reduced,Completed,10.0,21.0,65.0,63.54,32.0,Low
1589,Male,Group C,High school,Free/Reduced,,77.0,64.0,3.0,68.09,48.0,Low
1590,Female,Group C,Some college,Standard,,46.0,51.0,6.0,64.11,34.333333333333336,Low
1591,Female,Group D,High school,Standard,,78.0,18.0,85.0,80.84,60.333333333333336,Medium
1592,Male,Group E,Associate degree,Standard,Completed,34.0,21.0,83.0,99.53,46.0,Low
1593,Female,Group A,Master's degree,Free/Reduced,,70.0,54.0,57.0,61.37,60.333333333333336,Medium
1594,Female,Group B,Master's degree,Free/Reduced,Completed,28.0,61.0,98.0,78.45,62.333333333333336,Medium
1595,Female,Group A,Associate degree,Standard,Completed,53.0,51.0,3.0,75.44,35.666666666666664,Low
1596,Female,Group D,Associate degree,Standard,Completed,85.0,47.0,19.0,73.58,50.333333333333336,Medium
1597,Female,Group C,Some college,Standard,Completed,22.0,16.0,34.0,73.27,24.0,Low
1598,Male,Group B,Bachelor's degree,Free/Reduced,,23.0,12.0,96.0,95.8,43.666666666666664,Low
1599,Female,Group D,High school,Free/Reduced,,98.0,27.0,58.0,60.76,61.0,Medium
1600,Male,Group D,High school,Free/Reduced,Completed,9.0,66.0,84.0,91.0,53.0,Medium
1601,Female,Group D,Master's degree,Free/Reduced,Completed,60.0,4.0,44.0,70.12,36.0,Low
1602,Male,Group B,Master's degree,Free/Reduced,,7.0,99.0,13.0,75.33,39.666666666666664,Low
1603,Female,Group B,Master's degree,Standard,,47.0,59.0,94.0,76.81,66.66666666666667,Medium
1604,Male,Group E,Associate degree,Standard,Completed,75.0,14.0,21.0,72.19,36.666666666666664,Low
1605,Female,Group E,High school,Free/Reduced,Completed,92.0,80.0,47.0,63.74,73.0,Medium
1606,Male,Group A,Some college,Free/Reduced,Completed,28.0,43.0,29.0,64.57,33.333333333333336,Low
1607,Female,Group B,Master's degree,Standard,Completed,86.0,45.0,28.0,71.93,53.0,Medium
1608,Male,Group B,Master's degree,Free/Reduced,Completed,25.0,28.0,35.0,92.87,29.333333333333332,Low
1609,Female,Group B,High school,Free/Reduced,,36.0,67.0,41.0,65.39,48.0,Low
1610,Male,Group E,Master's degree,Standard,Completed,95.0,95.0,28.0,89.71,72.66666666666667,Medium
1611,Male,Group D,Master's degree,Free/Reduced,,51.0,48.0,6.0,71.55,35.0,Low
1612,Female,Group C,Bachelor's degree,Free/Reduced,Completed,37.0,42.0,31.0,95.34,36.666666666666664,Low
1613,Female,Group E,Associate degree,Standard,,5.0,67.0,12.0,77.13,28.0,Low
1614,Male,Group B,Master's degree,Free/Reduced,Completed,7.0,76.0,12.0,66.87,31.666666666666668,Low
1615,Female,Group E,Bachelor's degree,Free/Reduced,,16.0,19.0,53.0,99.43,29.333333333333332,Low
1616,Male,Group A,Some college,Standard,,75.0,17.0,13.0,67.07,35.0,Low
1617,Male,Group B,Master's degree,Standard,Completed,61.0,63.0,5.0,82.7,43.0,Low
1618,Male,Group A,Some college,Free/Reduced,Completed,85.0,48.0,15.0,82.77,49.333333333333336,Low
1619,Female,Group B,Master's degree,Standard,,77.0,41.0,40.0,74.91,52.666666666666664,Medium
1620,Male,Group E,High school,Standard,,49.0,100.0,51.0,98.06,66.66666666666667,Medium
1621,Male,Group D,Bachelor's degree,Free/Reduced,,18.0,11.0,84.0,93.75,37.666666666666664,Low
1622,Female,Group C,Bachelor's degree,Standard,Completed,69.0,88.0,15.0,93.19,57.333333333333336,Medium
1623,Female,Group A,High school,Free/Reduced,,81.0,93.0,4.0,98.97,59.333333333333336,Medium
1624,Female,Group E,Associate degree,Standard,Completed,99.0,78.0,23.0,78.28,66.66666666666667,Medium
1625,Female,Group D,Bachelor's degree,Standard,Completed,36.0,35.0,42.0,63.89,37.666666666666664,Low
1626,Male,Group E,Some college,Free/Reduced,Completed,37.0,7.0,64.0,90.62,36.0,Low
1627,Male,Group A,Bachelor's degree,Free/Reduced,Completed,14.0,27.0,9.0,75.23,16.666666666666668,Low
1628,Male,Group C,Associate degree,Free/Reduced,Completed,39.0,85.0,58.0,67.61,60.666666666666664,Medium
1629,Male,Group E,Master's degree,Standard,Completed,8.0,59.0,50.0,79.33,39.0,Low
1630,Female,Group B,Some college,Free/Reduced,,52.0,48.0,30.0,97.03,43.333333333333336,Low
1631,Male,Group D,High school,Free/Reduced,,69.0,37.0,78.0,66.85,61.333333333333336,Medium
1632,Male,Group E,Master's degree,Standard,Completed,65.0,79.0,10.0,93.95,51.333333333333336,Medium
1633,Female,Group D,High school,Standard,,49.0,57.0,8.0,76.73,38.0,Low
1634,Male,Group B,Master's degree,Standard,,51.0,4.0,65.0,65.47,40.0,Low
1635,Male,Group C,High school,Free/Reduced,Completed,0.0,45.0,43.0,93.94,29.333333333333332,Low
1636,Male,Group C,Master's degree,Standard,,29.0,97.0,50.0,98.78,58.666666666666664,Medium
1637,Male,Group B,Bachelor's degree,Standard,Completed,96.0,74.0,15.0,71.65,61.666666666666664,Medium
1638,Male,Group D,Some college,Free/Reduced,Completed,0.0,1.0,47.0,72.14,16.0,Low
1639,Male,Group E,Master's degree,Standard,Completed,38.0,88.0,52.0,75.62,59.333333333333336,Medium
1640,Female,Group B,Bachelor's degree,Standard,Completed,15.0,24.0,64.0,92.57,34.333333333333336,Low
1641,Female,Group A,Associate degree,Free/Reduced,,16.0,0.0,47.0,60.42,21.0,Low
1642,Male,Group D,High school,Standard,,81.0,94.0,69.0,68.96,81.33333333333333,High
1643,Male,Group C,Associate degree,Free/Reduced,Completed,21.0,68.0,45.0,88.24,44.666666666666664,Low
1644,Female,Group B,Bachelor's degree,Free/Reduced,,85.0,39.0,74.0,76.23,66.0,Medium
1645,Male,Group C,Associate degree,Free/Reduced,Completed,98.0,67.0,32.0,73.21,65.66666666666667,Medium
1646,Male,Group D,Associate degree,Free/Reduced,Completed,30.0,68.0,51.0,94.89,49.666666666666664,Low
1647,Male,Group C,Bachelor's degree,Free/Reduced,,39.0,68.0,80.0,96.69,62.333333333333336,Medium
1648,Female,Group B,Some college,Standard,,26.0,15.0,54.0,97.92,31.666666666666668,Low
1649,Male,Group D,Master's degree,Free/Reduced,Completed,35.0,53.0,50.0,70.9,46.0,Low
1650,Female,Group A,High school,Free/Reduced,,3.0,62.0,97.0,96.5,54.0,Medium
1651,Male,Group B,Master's degree,Free/Reduced,Completed,68.0,17.0,50.0,89.48,45.0,Low
1652,Female,Group E,High school,Free/Reduced,Completed,24.0,16.0,24.0,66.17,21.333333333333332,Low
1653,Female,Group B,Master's degree,Standard,,94.0,98.0,50.0,84.41,80.66666666666667,High
1654,Male,Group D,Associate degree,Standard,Completed,77.0,81.0,21.0,61.05,59.666666666666664,Medium
1655,Female,Group B,Some college,Standard,,29.0,3.0,89.0,88.34,40.333333333333336,Low
1656,Male,Group A,Associate degree,Free/Reduced,Completed,46.0,94.0,90.0,89.34,76.66666666666667,High
1657,Female,Group A,Some college,Standard,Completed,11.0,94.0,37.0,91.57,47.333333333333336,Low
1658,Male,Group E,Bachelor's degree,Standard,Completed,26.0,51.0,50.0,66.9,42.333333333333336,Low
1659,Male,Group C,High school,Free/Reduced,Completed,44.0,30.0,36.0,85.13,36.666666666666664,Low
1660,Female,Group D,High school,Free/Reduced,Completed,87.0,4.0,4.0,67.15,31.666666666666668,Low
1661,Male,Group D,Bachelor's degree,Standard,,62.0,99.0,81.0,97.87,80.66666666666667,High
1662,Male,Group C,Master's degree,Standard,Completed,54.0,15.0,21.0,87.0,30.0,Low
1663,Female,Group A,Bachelor's degree,Standard,,29.0,41.0,11.0,63.81,27.0,Low
1664,Male,Group A,Bachelor's degree,Standard,,81.0,40.0,59.0,67.48,60.0,Medium
1665,Male,Group B,Some college,Free/Reduced,,13.0,79.0,43.0,86.54,45.0,Low
1666,Female,Group E,Bachelor's degree,Free/Reduced,Completed,55.0,83.0,21.0,79.07,53.0,Medium
1667,Female,Group E,Master's degree,Free/Reduced,,18.0,29.0,5.0,89.45,17.333333333333332,Low
1668,Male,Group E,Associate degree,Free/Reduced,,85.0,51.0,99.0,71.23,78.33333333333333,High
1669,Male,Group B,Some college,Free/Reduced,,25.0,48.0,26.0,86.32,33.0,Low
1670,Female,Group E,Some college,Standard,Completed,49.0,30.0,54.0,67.08,44.333333333333336,Low
1671,Female,Group C,Master's degree,Free/Reduced,Completed,91.0,49.0,14.0,81.75,51.333333333333336,Medium
1672,Male,Group B,Associate degree,Free/Reduced,Completed,37.0,14.0,63.0,98.31,38.0,Low
1673,Female,Group C,Some college,Standard,Completed,68.0,51.0,16.0,85.13,45.0,Low
1674,Male,Group B,Bachelor's degree,Free/Reduced,,35.0,37.0,2.0,62.0,24.666666666666668,Low
1675,Male,Group E,Some college,Standard,Completed,17.0,37.0,9.0,99.55,21.0,Low
1676,Male,Group C,Some college,Free/Reduced,,56.0,59.0,62.0,66.27,59.0,Medium
1677,Male,Group C,Some college,Free/Reduced,Completed,77.0,19.0,62.0,88.72,52.666666666666664,Medium
1678,Male,Group C,Master's degree,Free/Reduced,,49.0,98.0,88.0,81.3,78.33333333333333,High
1679,Female,Group B,Some college,Standard,Completed,13.0,86.0,50.0,71.77,49.666666666666664,Low
1680,Female,Group D,Some college,Free/Reduced,Completed,95.0,43.0,84.0,67.09,74.0,Medium
1681,Female,Group E,Master's degree,Standard,Completed,68.0,88.0,8.0,67.11,54.666666666666664,Medium
1682,Female,Group C,Associate degree,Free/Reduced,Completed,49.0,62.0,23.0,94.34,44.666666666666664,Low
1683,Male,Group D,High school,Free/Reduced,,27.0,49.0,31.0,94.92,35.666666666666664,Low
1684,Male,Group E,Master's degree,Standard,Completed,42.0,21.0,2.0,78.61,21.666666666666668,Low
1685,Male,Group E,Master's degree,Standard,Completed,75.0,71.0,32.0,64.14,59.333333333333336,Medium
1686,Male,Group C,Some college,Free/Reduced,Completed,17.0,53.0,42.0,95.37,37.333333333333336,Low
1687,Female,Group C,Some college,Standard,,99.0,8.0,50.0,79.48,52.333333333333336,Medium
1688,Male,Group B,High school,Free/Reduced,Completed,94.0,51.0,92.0,77.55,79.0,High
1689,Male,Group D,Some college,Free/Reduced,Completed,76.0,51.0,84.0,76.29,70.33333333333333,Medium
1690,Female,Group D,Bachelor's degree,Standard,,83.0,19.0,97.0,74.6,66.33333333333333,Medium
1691,Female,Group C,Some college,Standard,,35.0,34.0,96.0,81.04,55.0,Medium
1692,Female,Group E,Some college,Standard,,6.0,100.0,31.0,84.18,45.666666666666664,Low
1693,Female,Group C,Bachelor's degree,Free/Reduced,Completed,22.0,66.0,19.0,78.66,35.666666666666664,Low
1694,Male,Group E,High school,Standard,,33.0,59.0,66.0,95.87,52.666666666666664,Medium
1695,Male,Group E,Bachelor's degree,Free/Reduced,Completed,95.0,97.0,67.0,72.71,86.33333333333333,High
1696,Female,Group C,Master's degree,Standard,,20.0,33.0,16.0,83.13,23.0,Low
1697,Male,Group A,Bachelor's degree,Standard,Completed,69.0,99.0,50.0,72.0,72.66666666666667,Medium
1698,Male,Group D,Associate degree,Standard,,79.0,98.0,18.0,90.13,65.0,Medium
1699,Male,Group E,Master's degree,Standard,,98.0,72.0,3.0,64.08,57.666666666666664,Medium
1700,Female,Group E,Some college,Standard,,46.0,93.0,92.0,67.55,77.0,High
1701,Male,Group A,Master's degree,Free/Reduced,Completed,52.0,53.0,16.0,92.05,40.333333333333336,Low
1702,Female,Group B,High school,Standard,,83.0,89.0,63.0,67.33,78.33333333333333,High
1703,Male,Group A,High school,Standard,Completed,40.0,11.0,21.0,85.03,24.0,Low
1704,Male,Group A,Bachelor's degree,Free/Reduced,,74.0,51.0,65.0,98.81,63.333333333333336,Medium
1705,Male,Group E,Master's degree,Free/Reduced,,31.0,18.0,41.0,80.92,30.0,Low
1706,Female,Group D,Some college,Free/Reduced,,13.0,79.0,75.0,67.5,55.666666666666664,Medium
1707,Male,Group A,High school,Free/Reduced,Completed,49.0,25.0,44.0,72.83,39.333333333333336,Low
1708,Female,Group B,Some college,Standard,Completed,94.0,22.0,50.0,92.94,55.333333333333336,Medium
1709,Female,Group C,Associate degree,Standard,Completed,16.0,32.0,52.0,74.07,33.333333333333336,Low
1710,Female,Group A,High school,Free/Reduced,,24.0,56.0,59.0,88.94,46.333333333333336,Low
1711,Male,Group A,Bachelor's degree,Standard,Completed,63.0,29.0,28.0,91.09,40.0,Low
1712,Male,Group B,Associate degree,Free/Reduced,Completed,72.0,22.0,19.0,80.05,37.666666666666664,Low
1713,Male,Group D,Master's degree,Free/Reduced,,85.0,73.0,4.0,91.33,54.0,Medium
1714,Male,Group A,Some college,Standard,,47.0,35.0,24.0,72.68,35.333333333333336,Low
1715,Female,Group A,High school,Standard,Completed,34.0,94.0,33.0,80.65,53.666666666666664,Medium
1716,Female,Group D,Associate degree,Free/Reduced,Completed,36.0,85.0,11.0,87.46,44.0,Low
1717,Female,Group B,Master's degree,Standard,,54.0,42.0,27.0,66.72,41.0,Low
1718,Male,Group A,High school,Free/Reduced,Completed,16.0,65.0,97.0,70.94,59.333333333333336,Medium
1719,Female,Group D,Master's degree,Free/Reduced,,27.0,52.0,5.0,86.08,28.0,Low
1720,Male,Group A,Master's degree,Free/Reduced,,0.0,86.0,18.0,86.21,34.666666666666664,Low
1721,Female,Group C,Bachelor's degree,Free/Reduced,Completed,52.0,98.0,11.0,79.73,53.666666666666664,Medium
1722,Male,Group E,Master's degree,Standard,Completed,72.0,59.0,24.0,91.82,51.666666666666664,Medium
1723,Male,Group C,Bachelor's degree,Free/Reduced,,49.0,36.0,12.0,79.28,32.333333333333336,Low
1724,Female,Group A,Associate degree,Free/Reduced,Completed,60.0,60.0,80.0,95.25,66.66666666666667,Medium
1725,Female,Group B,High school,Free/Reduced,,12.0,95.0,75.0,89.44,60.666666666666664,Medium
1726,Female,Group E,Master's degree,Standard,Completed,46.0,52.0,2.0,72.59,33.333333333333336,Low
1727,Female,Group C,Bachelor's degree,Free/Reduced,,63.0,11.0,23.0,75.81,32.333333333333336,Low
1728,Male,Group D,Associate degree,Free/Reduced,Completed,31.0,51.0,7.0,86.71,29.666666666666668,Low
1729,Female,Group B,Master's degree,Standard,Completed,27.0,66.0,50.0,95.78,47.666666666666664,Low
1730,Female,Group C,Some college,Free/Reduced,,52.0,97.0,89.0,67.15,79.33333333333333,High
1731,Female,Group D,Associate degree,Free/Reduced,Completed,30.0,37.0,44.0,80.59,37.0,Low
1732,Male,Group A,Master's degree,Free/Reduced,,7.0,23.0,50.0,64.75,26.666666666666668,Low
1733,Male,Group D,Associate degree,Free/Reduced,Completed,71.0,51.0,95.0,71.18,72.33333333333333,Medium
1734,Female,Group C,High school,Standard,Completed,97.0,39.0,50.0,87.44,62.0,Medium
1735,Male,Group C,High school,Standard,Completed,86.0,64.0,0.0,63.11,50.0,Medium
1736,Female,Group A,High school,Standard,Completed,73.0,56.0,2.0,86.49,43.666666666666664,Low
1737,Male,Group D,Some college,Free/Reduced,,100.0,71.0,64.0,96.03,78.33333333333333,High
1738,Male,Group D,High school,Standard,,24.0,78.0,14.0,98.77,38.666666666666664,Low
1739,Male,Group A,Some college,Standard,Completed,32.0,44.0,49.0,68.67,41.666666666666664,Low
1740,Male,Group D,High school,Free/Reduced,,67.0,88.0,19.0,89.96,58.0,Medium
1741,Female,Group A,Associate degree,Standard,,6.0,71.0,2.0,97.05,26.333333333333332,Low
1742,Female,Group B,Master's degree,Standard,Completed,96.0,95.0,60.0,63.65,83.66666666666667,High
1743,Female,Group C,Master's degree,Standard,,65.0,12.0,14.0,76.56,30.333333333333332,Low
1744,Male,Group B,High school,Free/Reduced,,45.0,78.0,58.0,96.78,60.333333333333336,Medium
1745,Female,Group E,Master's degree,Free/Reduced,Completed,95.0,5.0,53.0,68.11,51.0,Medium
1746,Female,Group E,High school,Standard,Completed,4.0,96.0,50.0,97.35,50.0,Medium
1747,Female,Group E,High school,Standard,Completed,16.0,70.0,36.0,81.09,40.666666666666664,Low
1748,Male,Group A,Bachelor's degree,Free/Reduced,Completed,75.0,96.0,20.0,64.0,63.666666666666664,Medium
1749,Male,Group D,Bachelor's degree,Free/Reduced,,51.0,46.0,22.0,78.0,39.666666666666664,Low
1750,Male,Group B,Bachelor's degree,Free/Reduced,Completed,11.0,92.0,98.0,73.05,67.0,Medium
1751,Female,Group B,Some college,Free/Reduced,,61.0,100.0,17.0,71.29,59.333333333333336,Medium
1752,Female,Group B,Bachelor's degree,Standard,,34.0,43.0,16.0,81.66,31.0,Low
1753,Female,Group B,High school,Free/Reduced,Completed,61.0,31.0,30.0,79.34,40.666666666666664,Low
1754,Male,Group E,Associate degree,Standard,,20.0,2.0,50.0,79.28,24.0,Low
1755,Male,Group B,Bachelor's degree,Free/Reduced,,84.0,53.0,47.0,63.53,61.333333333333336,Medium
1756,Female,Group D,Bachelor's degree,Free/Reduced,,65.0,83.0,25.0,92.09,57.666666666666664,Medium
1757,Male,Group E,Associate degree,Free/Reduced,Completed,52.0,77.0,21.0,79.26,50.0,Medium
1758,Male,Group B,High school,Free/Reduced,,20.0,91.0,44.0,92.84,51.666666666666664,Medium
1759,Male,Group A,Some college,Standard,Completed,14.0,37.0,35.0,92.98,28.666666666666668,Low
1760,Male,Group C,Bachelor's degree,Standard,Completed,74.0,3.0,63.0,72.69,46.666666666666664,Low
1761,Female,Group C,Associate degree,Standard,,73.0,78.0,34.0,60.17,61.666666666666664,Medium
1762,Male,Group C,High school,Free/Reduced,,81.0,51.0,74.0,96.45,68.66666666666667,Medium
1763,Male,Group E,Master's degree,Standard,Completed,22.0,36.0,90.0,90.43,49.333333333333336,Low
1764,Male,Group B,Some college,Free/Reduced,Completed,30.0,87.0,97.0,64.29,71.33333333333333,Medium
1765,Male,Group E,Associate degree,Free/Reduced,Completed,53.0,35.0,81.0,88.07,56.333333333333336,Medium
1766,Female,Group D,Associate degree,Standard,Completed,54.0,57.0,26.0,60.8,45.666666666666664,Low
1767,Female,Group A,Associate degree,Free/Reduced,Completed,25.0,40.0,67.0,61.11,44.0,Low
1768,Male,Group A,Bachelor's degree,Free/Reduced,,52.0,7.0,16.0,81.03,25.0,Low
1769,Male,Group C,Master's degree,Standard,Completed,65.0,66.0,69.0,63.84,66.66666666666667,Medium
1770,Male,Group C,Some college,Free/Reduced,,38.0,29.0,10.0,98.57,25.666666666666668,Low
1771,Male,Group C,High school,Free/Reduced,Completed,6.0,85.0,4.0,95.75,31.666666666666668,Low
1772,Male,Group B,High school,Standard,,87.0,51.0,57.0,85.99,65.0,Medium
1773,Male,Group D,Master's degree,Standard,Completed,38.0,96.0,81.0,62.55,71.66666666666667,Medium
1774,Female,Group D,Associate degree,Free/Reduced,,31.0,24.0,56.0,72.99,37.0,Low
1775,Male,Group D,Associate degree,Standard,,25.0,51.0,88.0,74.87,54.666666666666664,Medium
1776,Female,Group D,Associate degree,Free/Reduced,Completed,86.0,58.0,73.0,79.24,72.33333333333333,Medium
1777,Female,Group C,Associate degree,Standard,,77.0,29.0,79.0,66.76,61.666666666666664,Medium
1778,Male,Group A,Associate degree,Free/Reduced,Completed,28.0,51.0,73.0,83.1,50.666666666666664,Medium
1779,Female,Group C,Master's degree,Standard,Completed,24.0,66.0,73.0,77.43,54.333333333333336,Medium
1780,Female,Group D,Bachelor's degree,Standard,,55.0,3.0,99.0,97.89,52.333333333333336,Medium
1781,Female,Group C,Some college,Free/Reduced,,49.0,92.0,84.0,97.45,75.0,High
1782,Female,Group D,Associate degree,Standard,Completed,65.0,56.0,13.0,82.62,44.666666666666664,Low
1783,Female,Group E,Master's degree,Standard,Completed,1.0,62.0,71.0,85.77,44.666666666666664,Low
1784,Female,Group A,High school,Free/Reduced,Completed,86.0,31.0,0.0,65.51,39.0,Low
1785,Male,Group E,Master's degree,Standard,,46.0,86.0,15.0,68.93,49.0,Low
1786,Female,Group B,Bachelor's degree,Standard,,74.0,82.0,25.0,96.03,60.333333333333336,Medium
1787,Female,Group C,Associate degree,Standard,Completed,28.0,78.0,48.0,87.97,51.333333333333336,Medium
1788,Female,Group B,Associate degree,Free/Reduced,,98.0,50.0,41.0,67.58,63.0,Medium
1789,Male,Group C,Associate degree,Standard,,48.0,62.0,69.0,82.81,59.666666666666664,Medium
1790,Female,Group E,Bachelor's degree,Free/Reduced,,72.0,79.0,65.0,97.39,72.0,Medium
1791,Male,Group D,Associate degree,Free/Reduced,Completed,31.0,86.0,52.0,73.81,56.333333333333336,Medium
1792,Female,Group D,Bachelor's degree,Standard,Completed,29.0,100.0,8.0,67.43,45.666666666666664,Low
1793,Male,Group C,Associate degree,Free/Reduced,,14.0,0.0,68.0,97.68,27.333333333333332,Low
1794,Male,Group D,High school,Free/Reduced,,61.0,18.0,39.0,78.45,39.333333333333336,Low
1795,Female,Group E,High school,Free/Reduced,Completed,49.0,100.0,55.0,76.69,68.0,Medium
1796,Female,Group D,Some college,Free/Reduced,,16.0,34.0,4.0,70.7,18.0,Low
1797,Male,Group E,Associate degree,Standard,Completed,21.0,62.0,55.0,95.66,46.0,Low
1798,Female,Group B,Associate degree,Standard,Completed,29.0,93.0,71.0,93.82,64.33333333333333,Medium
1799,Male,Group E,Bachelor's degree,Standard,Completed,80.0,51.0,4.0,76.12,45.0,Low
1800,Male,Group A,Bachelor's degree,Free/Reduced,Completed,15.0,25.0,68.0,61.22,36.0,Low
1801,Male,Group A,Associate degree,Free/Reduced,Completed,51.0,12.0,51.0,77.87,38.0,Low
1802,Male,Group A,Some college,Standard,Completed,7.0,85.0,80.0,67.23,57.333333333333336,Medium
1803,Male,Group C,Associate degree,Free/Reduced,Completed,63.0,22.0,72.0,65.71,52.333333333333336,Medium
1804,Female,Group C,Bachelor's degree,Standard,,38.0,96.0,97.0,75.72,77.0,High
1805,Male,Group C,Associate degree,Free/Reduced,Completed,30.0,90.0,32.0,63.96,50.666666666666664,Medium
1806,Male,Group E,Bachelor's degree,Standard,,11.0,34.0,21.0,98.3,22.0,Low
1807,Female,Group C,Associate degree,Standard,,32.0,11.0,84.0,61.9,42.333333333333336,Low
1808,Male,Group B,Master's degree,Standard,,57.0,8.0,14.0,76.05,26.333333333333332,Low
1809,Female,Group A,Bachelor's degree,Free/Reduced,Completed,11.0,97.0,64.0,66.51,57.333333333333336,Medium
1810,Female,Group E,Some college,Standard,,24.0,77.0,70.0,87.55,57.0,Medium
1811,Female,Group A,Master's degree,Free/Reduced,Completed,37.0,100.0,22.0,63.15,53.0,Medium
1812,Male,Group C,Associate degree,Free/Reduced,Completed,47.0,66.0,5.0,81.87,39.333333333333336,Low
1813,Male,Group E,Bachelor's degree,Standard,,81.0,51.0,83.0,90.92,71.66666666666667,Medium
1814,Male,Group D,Master's degree,Standard,,82.0,60.0,57.0,98.0,66.33333333333333,Medium
1815,Female,Group B,Some college,Free/Reduced,,54.0,20.0,25.0,87.94,33.0,Low
1816,Male,Group C,Bachelor's degree,Free/Reduced,,2.0,6.0,11.0,63.98,6.333333333333333,Low
1817,Female,Group C,Master's degree,Standard,Completed,98.0,96.0,76.0,63.54,90.0,High
1818,Male,Group B,Master's degree,Standard,,68.0,98.0,76.0,89.26,80.66666666666667,High
1819,Female,Group B,Master's degree,Free/Reduced,,34.0,10.0,1.0,68.61,15.0,Low
1820,Male,Group D,High school,Standard,,50.0,44.0,31.0,77.89,41.666666666666664,Low
1821,Male,Group C,Associate degree,Standard,,26.0,31.0,49.0,99.06,35.333333333333336,Low
1822,Male,Group C,Bachelor's degree,Standard,,36.0,85.0,94.0,92.8,71.66666666666667,Medium
1823,Female,Group A,Bachelor's degree,Standard,Completed,84.0,82.0,60.0,93.86,75.33333333333333,High
1824,Female,Group E,Bachelor's degree,Free/Reduced,Completed,15.0,35.0,10.0,94.43,20.0,Low
1825,Male,Group E,Master's degree,Free/Reduced,Completed,91.0,51.0,100.0,84.78,80.66666666666667,High
1826,Male,Group A,Associate degree,Standard,,24.0,74.0,67.0,89.76,55.0,Medium
1827,Female,Group E,Some college,Standard,,32.0,40.0,33.0,74.36,35.0,Low
1828,Female,Group B,Bachelor's degree,Free/Reduced,Completed,61.0,76.0,79.0,99.94,72.0,Medium
1829,Female,Group E,Associate degree,Free/Reduced,Completed,49.0,91.0,94.0,71.18,78.0,High
1830,Male,Group E,Associate degree,Free/Reduced,Completed,42.0,48.0,88.0,83.6,59.333333333333336,Medium
1831,Female,Group A,High school,Free/Reduced,Completed,29.0,14.0,7.0,71.28,16.666666666666668,Low
1832,Male,Group D,Bachelor's degree,Free/Reduced,,40.0,12.0,7.0,64.48,19.666666666666668,Low
1833,Female,Group E,Master's degree,Standard,,3.0,51.0,97.0,82.7,50.333333333333336,Medium
1834,Male,Group E,Associate degree,Standard,,65.0,32.0,14.0,74.13,37.0,Low
1835,Female,Group D,Associate degree,Free/Reduced,Completed,59.0,71.0,4.0,83.33,44.666666666666664,Low
1836,Female,Group A,Some college,Free/Reduced,Completed,8.0,31.0,18.0,82.35,19.0,Low
1837,Female,Group D,High school,Standard,Completed,30.0,100.0,73.0,81.69,67.66666666666667,Medium
1838,Female,Group A,Associate degree,Free/Reduced,,88.0,47.0,8.0,64.93,47.666666666666664,Low
1839,Female,Group B,Associate degree,Free/Reduced,,100.0,51.0,50.0,77.61,67.0,Medium
1840,Male,Group A,Master's degree,Standard,Completed,99.0,56.0,53.0,92.48,69.33333333333333,Medium
1841,Female,Group B,Master's degree,Standard,,68.0,61.0,28.0,72.61,52.333333333333336,Medium
1842,Female,Group B,Some college,Standard,Completed,23.0,81.0,100.0,77.75,68.0,Medium
1843,Female,Group A,Some college,Standard,Completed,23.0,86.0,18.0,79.75,42.333333333333336,Low
1844,Male,Group C,Master's degree,Free/Reduced,Completed,92.0,92.0,76.0,94.51,86.66666666666667,High
1845,Female,Group A,Master's degree,Standard,,44.0,1.0,45.0,86.22,30.0,Low
1846,Male,Group E,Master's degree,Free/Reduced,Completed,94.0,76.0,79.0,64.01,83.0,High
1847,Female,Group E,High school,Free/Reduced,Completed,36.0,15.0,61.0,94.61,37.333333333333336,Low
1848,Female,Group C,Bachelor's degree,Free/Reduced,,57.0,7.0,93.0,93.28,52.333333333333336,Medium
1849,Male,Group B,Bachelor's degree,Free/Reduced,Completed,82.0,18.0,59.0,90.15,53.0,Medium
1850,Female,Group C,High school,Standard,Completed,22.0,31.0,4.0,78.64,19.0,Low
1851,Male,Group E,Bachelor's degree,Free/Reduced,,34.0,66.0,32.0,90.3,44.0,Low
1852,Male,Group C,Master's degree,Free/Reduced,Completed,62.0,31.0,82.0,79.15,58.333333333333336,Medium
1853,Female,Group A,Bachelor's degree,Free/Reduced,Completed,5.0,84.0,54.0,89.46,47.666666666666664,Low
1854,Male,Group C,Master's degree,Standard,Completed,5.0,24.0,50.0,95.2,26.333333333333332,Low
1855,Female,Group B,High school,Standard,,100.0,51.0,16.0,95.62,55.666666666666664,Medium
1856,Female,Group A,Some college,Standard,Completed,29.0,80.0,87.0,78.18,65.33333333333333,Medium
1857,Male,Group D,High school,Standard,Completed,49.0,24.0,91.0,94.37,54.666666666666664,Medium
1858,Male,Group E,Bachelor's degree,Standard,Completed,49.0,32.0,50.0,64.06,43.666666666666664,Low
1859,Male,Group E,Master's degree,Free/Reduced,,7.0,30.0,100.0,64.07,45.666666666666664,Low
1860,Male,Group C,Bachelor's degree,Standard,,27.0,35.0,21.0,81.93,27.666666666666668,Low
1861,Female,Group A,Bachelor's degree,Free/Reduced,,88.0,86.0,38.0,86.07,70.66666666666667,Medium
1862,Female,Group D,Some college,Standard,Completed,32.0,88.0,79.0,66.12,66.33333333333333,Medium
1863,Male,Group A,Bachelor's degree,Free/Reduced,,52.0,48.0,98.0,78.89,66.0,Medium
1864,Female,Group E,Some college,Standard,Completed,37.0,43.0,26.0,63.77,35.333333333333336,Low
1865,Female,Group A,Master's degree,Free/Reduced,,51.0,51.0,75.0,84.08,59.0,Medium
1866,Female,Group D,Master's degree,Standard,,77.0,29.0,45.0,94.2,50.333333333333336,Medium
1867,Female,Group C,Some college,Free/Reduced,,10.0,12.0,27.0,89.51,16.333333333333332,Low
1868,Male,Group B,High school,Free/Reduced,,1.0,42.0,51.0,75.13,31.333333333333332,Low
1869,Male,Group A,Master's degree,Free/Reduced,Completed,52.0,92.0,64.0,99.75,69.33333333333333,Medium
1870,Female,Group B,High school,Free/Reduced,,93.0,15.0,38.0,86.52,48.666666666666664,Low
1871,Male,Group E,Master's degree,Free/Reduced,Completed,93.0,90.0,17.0,92.61,66.66666666666667,Medium
1872,Male,Group C,Master's degree,Free/Reduced,Completed,67.0,25.0,86.0,86.79,59.333333333333336,Medium
1873,Male,Group C,Associate degree,Standard,Completed,76.0,51.0,21.0,99.58,49.333333333333336,Low
1874,Female,Group A,Bachelor's degree,Standard,,6.0,51.0,67.0,92.85,41.333333333333336,Low
1875,Female,Group C,Bachelor's degree,Free/Reduced,,49.0,36.0,10.0,80.78,31.666666666666668,Low
1876,Female,Group A,High school,Free/Reduced,Completed,49.0,2.0,81.0,74.68,44.0,Low
1877,Male,Group A,Bachelor's degree,Free/Reduced,,77.0,25.0,63.0,87.29,55.0,Medium
1878,Female,Group B,High school,Free/Reduced,Completed,62.0,97.0,70.0,83.61,76.33333333333333,High
1879,Female,Group C,Master's degree,Free/Reduced,,10.0,96.0,84.0,85.17,63.333333333333336,Medium
1880,Male,Group A,Associate degree,Free/Reduced,,36.0,14.0,56.0,73.72,35.333333333333336,Low
1881,Female,Group B,Associate degree,Free/Reduced,Completed,13.0,65.0,34.0,77.15,37.333333333333336,Low
1882,Female,Group D,Master's degree,Standard,,18.0,27.0,36.0,82.32,27.0,Low
1883,Male,Group B,Some college,Free/Reduced,Completed,7.0,83.0,49.0,93.57,46.333333333333336,Low
1884,Male,Group B,Some college,Free/Reduced,Completed,6.0,37.0,29.0,90.52,24.0,Low
1885,Male,Group A,Bachelor's degree,Standard,,58.0,43.0,16.0,64.75,39.0,Low
1886,Female,Group E,High school,Standard,,62.0,52.0,32.0,69.82,48.666666666666664,Low
1887,Female,Group E,Associate degree,Free/Reduced,,6.0,79.0,15.0,61.07,33.333333333333336,Low
1888,Female,Group E,Bachelor's degree,Standard,Completed,54.0,3.0,14.0,60.32,23.666666666666668,Low
1889,Male,Group B,Master's degree,Standard,,2.0,71.0,12.0,68.98,28.333333333333332,Low
1890,Male,Group A,Associate degree,Standard,,66.0,43.0,2.0,91.97,37.0,Low
1891,Female,Group C,High school,Free/Reduced,,17.0,45.0,23.0,96.19,28.333333333333332,Low
1892,Female,Group B,High school,Free/Reduced,,44.0,83.0,22.0,75.67,49.666666666666664,Low
1893,Male,Group B,Some college,Standard,Completed,96.0,25.0,58.0,82.53,59.666666666666664,Medium
1894,Male,Group A,Bachelor's degree,Free/Reduced,,100.0,95.0,54.0,88.24,83.0,High
1895,Male,Group D,Master's degree,Free/Reduced,Completed,49.0,12.0,64.0,98.12,41.666666666666664,Low
1896,Male,Group B,Associate degree,Free/Reduced,,35.0,68.0,31.0,96.52,44.666666666666664,Low
1897,Female,Group D,High school,Standard,,15.0,43.0,50.0,62.29,36.0,Low
1898,Male,Group D,Associate degree,Standard,,49.0,52.0,59.0,69.93,53.333333333333336,Medium
1899,Female,Group E,Master's degree,Standard,Completed,28.0,50.0,50.0,61.97,42.666666666666664,Low
1900,Female,Group A,Associate degree,Standard,Completed,58.0,12.0,65.0,84.66,45.0,Low
1901,Female,Group D,Bachelor's degree,Free/Reduced,,17.0,40.0,17.0,88.42,24.666666666666668,Low
1902,Male,Group A,Some college,Free/Reduced,Completed,48.0,10.0,58.0,72.33,38.666666666666664,Low
1903,Male,Group E,Associate degree,Free/Reduced,Completed,45.0,36.0,52.0,94.15,44.333333333333336,Low
1904,Male,Group A,Some college,Standard,,82.0,59.0,63.0,78.11,68.0,Medium
1905,Male,Group B,Master's degree,Standard,,28.0,31.0,29.0,99.94,29.333333333333332,Low
1906,Female,Group D,Some college,Free/Reduced,,69.0,44.0,17.0,60.02,43.333333333333336,Low
1907,Male,Group A,Associate degree,Standard,,49.0,17.0,4.0,64.38,23.333333333333332,Low
1908,Male,Group C,Associate degree,Standard,,54.0,92.0,68.0,72.07,71.33333333333333,Medium
1909,Female,Group A,High school,Free/Reduced,,26.0,78.0,7.0,61.02,37.0,Low
1910,Male,Group D,Associate degree,Standard,Completed,6.0,19.0,8.0,91.29,11.0,Low
1911,Female,Group E,Some college,Standard,,90.0,43.0,50.0,62.11,61.0,Medium
1912,Female,Group E,High school,Free/Reduced,,82.0,35.0,13.0,89.96,43.333333333333336,Low
1913,Female,Group D,Associate degree,Standard,,80.0,68.0,12.0,62.1,53.333333333333336,Medium
1914,Female,Group B,Associate degree,Free/Reduced,,40.0,36.0,17.0,70.11,31.0,Low
1915,Female,Group B,Master's degree,Free/Reduced,Completed,10.0,32.0,67.0,93.65,36.333333333333336,Low
1916,Female,Group E,High school,Standard,Completed,4.0,81.0,21.0,98.04,35.333333333333336,Low
1917,Female,Group E,Master's degree,Free/Reduced,Completed,65.0,18.0,50.0,76.58,44.333333333333336,Low
1918,Female,Group D,Master's degree,Standard,,55.0,50.0,14.0,98.8,39.666666666666664,Low
1919,Male,Group B,Master's degree,Standard,,11.0,31.0,6.0,85.08,16.0,Low
1920,Male,Group E,Bachelor's degree,Standard,Completed,41.0,21.0,76.0,76.63,46.0,Low
1921,Male,Group B,Master's degree,Standard,Completed,74.0,0.0,97.0,92.11,57.0,Medium
1922,Male,Group E,Some college,Standard,,9.0,53.0,29.0,71.81,30.333333333333332,Low
1923,Female,Group A,Associate degree,Standard,,27.0,88.0,4.0,70.63,39.666666666666664,Low
1924,Male,Group C,Bachelor's degree,Standard,,6.0,19.0,0.0,86.26,8.333333333333334,Low
1925,Female,Group A,Master's degree,Standard,,13.0,57.0,59.0,75.62,43.0,Low
1926,Male,Group E,Associate degree,Standard,,76.0,34.0,30.0,65.44,46.666666666666664,Low
1927,Male,Group C,High school,Free/Reduced,Completed,68.0,69.0,19.0,62.68,52.0,Medium
1928,Male,Group C,High school,Free/Reduced,,60.0,69.0,82.0,91.51,70.33333333333333,Medium
1929,Female,Group E,Associate degree,Standard,Completed,50.0,60.0,63.0,87.04,57.666666666666664,Medium
1930,Male,Group E,Some college,Standard,,41.0,62.0,63.0,76.47,55.333333333333336,Medium
1931,Female,Group B,Associate degree,Standard,Completed,7.0,100.0,28.0,95.85,45.0,Low
1932,Female,Group E,Associate degree,Free/Reduced,Completed,49.0,60.0,9.0,76.43,39.333333333333336,Low
1933,Male,Group D,Bachelor's degree,Free/Reduced,Completed,0.0,56.0,28.0,88.41,28.0,Low
1934,Male,Group E,High school,Standard,,68.0,2.0,30.0,96.36,33.333333333333336,Low
1935,Male,Group D,High school,Standard,,10.0,100.0,74.0,93.63,61.333333333333336,Medium
1936,Female,Group E,Master's degree,Standard,,47.0,94.0,86.0,80.44,75.66666666666667,High
1937,Male,Group B,Associate degree,Free/Reduced,Completed,9.0,98.0,29.0,87.23,45.333333333333336,Low
1938,Female,Group D,Associate degree,Standard,Completed,14.0,44.0,24.0,76.55,27.333333333333332,Low
1939,Female,Group A,Some college,Free/Reduced,,46.0,14.0,79.0,85.89,46.333333333333336,Low
1940,Male,Group D,High school,Free/Reduced,Completed,92.0,16.0,50.0,70.3,52.666666666666664,Medium
1941,Male,Group B,Some college,Standard,Completed,24.0,14.0,56.0,77.39,31.333333333333332,Low
1942,Female,Group D,Bachelor's degree,Free/Reduced,Completed,5.0,4.0,86.0,68.38,31.666666666666668,Low
1943,Female,Group E,Master's degree,Standard,Completed,10.0,85.0,62.0,61.53,52.333333333333336,Medium
1944,Female,Group E,Some college,Free/Reduced,,16.0,45.0,96.0,83.54,52.333333333333336,Medium
1945,Male,Group B,High school,Free/Reduced,Completed,14.0,10.0,36.0,94.58,20.0,Low
1946,Female,Group C,Bachelor's degree,Standard,,15.0,63.0,57.0,61.02,45.0,Low
1947,Male,Group E,Associate degree,Standard,Completed,55.0,91.0,27.0,67.84,57.666666666666664,Medium
1948,Female,Group A,Bachelor's degree,Free/Reduced,Completed,65.0,13.0,26.0,78.41,34.666666666666664,Low
1949,Female,Group B,Some college,Free/Reduced,,35.0,38.0,69.0,86.64,47.333333333333336,Low
1950,Male,Group D,High school,Free/Reduced,Completed,82.0,66.0,36.0,66.85,61.333333333333336,Medium
1951,Female,Group D,Some college,Standard,,37.0,54.0,5.0,62.27,32.0,Low
1952,Male,Group A,Associate degree,Standard,,84.0,41.0,88.0,80.76,71.0,Medium
1953,Male,Group E,Associate degree,Standard,,74.0,74.0,76.0,92.75,74.66666666666667,Medium
1954,Female,Group B,High school,Standard,,2.0,93.0,61.0,61.41,52.0,Medium
1955,Male,Group A,Master's degree,Free/Reduced,,97.0,4.0,96.0,73.97,65.66666666666667,Medium
1956,Male,Group E,Bachelor's degree,Free/Reduced,,17.0,51.0,32.0,86.54,33.333333333333336,Low
1957,Female,Group B,Bachelor's degree,Free/Reduced,,49.0,21.0,88.0,65.23,52.666666666666664,Medium
1958,Male,Group D,Associate degree,Free/Reduced,Completed,88.0,76.0,77.0,69.44,80.33333333333333,High
1959,Male,Group B,Some college,Free/Reduced,,53.0,43.0,39.0,81.42,45.0,Low
1960,Male,Group C,Some college,Standard,Completed,78.0,84.0,40.0,98.13,67.33333333333333,Medium
1961,Female,Group B,Master's degree,Standard,Completed,93.0,58.0,41.0,71.49,64.0,Medium
1962,Male,Group C,Some college,Free/Reduced,Completed,16.0,100.0,50.0,79.5,55.333333333333336,Medium
1963,Female,Group B,Bachelor's degree,Free/Reduced,,81.0,24.0,17.0,76.0,40.666666666666664,Low
1964,Female,Group C,Some college,Free/Reduced,,94.0,20.0,14.0,95.9,42.666666666666664,Low
1965,Male,Group D,Master's degree,Free/Reduced,Completed,81.0,91.0,3.0,62.88,58.333333333333336,Medium
1966,Male,Group E,Bachelor's degree,Free/Reduced,,98.0,63.0,50.0,82.65,70.33333333333333,Medium
1967,Male,Group C,Some college,Free/Reduced,Completed,12.0,67.0,61.0,93.84,46.666666666666664,Low
1968,Female,Group C,Bachelor's degree,Free/Reduced,Completed,62.0,92.0,37.0,99.52,63.666666666666664,Medium
1969,Male,Group D,Associate degree,Free/Reduced,Completed,13.0,46.0,80.0,87.95,46.333333333333336,Low
1970,Male,Group C,Associate degree,Standard,,58.0,34.0,70.0,75.2,54.0,Medium
1971,Male,Group A,Associate degree,Free/Reduced,Completed,35.0,86.0,95.0,76.47,72.0,Medium
1972,Male,Group D,Some college,Free/Reduced,,17.0,6.0,22.0,74.07,15.0,Low
1973,Male,Group A,Master's degree,Standard,Completed,49.0,55.0,19.0,84.14,41.0,Low
1974,Female,Group D,Bachelor's degree,Standard,,49.0,51.0,55.0,89.58,51.666666666666664,Medium
1975,Female,Group C,High school,Free/Reduced,Completed,24.0,45.0,52.0,92.78,40.333333333333336,Low
1976,Male,Group A,Associate degree,Standard,,43.0,8.0,1.0,76.66,17.333333333333332,Low
1977,Male,Group C,Associate degree,Standard,Completed,38.0,57.0,20.0,88.67,38.333333333333336,Low
1978,Male,Group D,High school,Free/Reduced,,11.0,22.0,75.0,96.65,36.0,Low
1979,Male,Group C,High school,Standard,,60.0,2.0,41.0,96.83,34.333333333333336,Low
1980,Female,Group A,Some college,Free/Reduced,,61.0,60.0,56.0,88.16,59.0,Medium
1981,Male,Group A,Bachelor's degree,Free/Reduced,Completed,52.0,8.0,48.0,85.48,36.0,Low
1982,Female,Group C,Associate degree,Free/Reduced,Completed,52.0,52.0,50.0,81.26,51.333333333333336,Medium
1983,Female,Group B,Master's degree,Standard,Completed,49.0,67.0,9.0,67.33,41.666666666666664,Low
1984,Male,Group D,Some college,Standard,,34.0,48.0,71.0,64.95,51.0,Medium
1985,Female,Group D,Some college,Free/Reduced,,64.0,88.0,60.0,79.43,70.66666666666667,Medium
1986,Female,Group C,Master's degree,Free/Reduced,Completed,2.0,69.0,20.0,66.38,30.333333333333332,Low
1987,Female,Group B,Master's degree,Standard,Completed,42.0,47.0,59.0,83.08,49.333333333333336,Low
1988,Female,Group A,Master's degree,Free/Reduced,,49.0,81.0,85.0,85.83,71.66666666666667,Medium
1989,Male,Group E,High school,Standard,Completed,49.0,6.0,12.0,81.02,22.333333333333332,Low
1990,Male,Group E,Associate degree,Standard,,8.0,98.0,47.0,61.46,51.0,Medium
1991,Female,Group C,Master's degree,Standard,,35.0,30.0,39.0,62.31,34.666666666666664,Low
1992,Male,Group B,Master's degree,Standard,,22.0,55.0,62.0,64.53,46.333333333333336,Low
1993,Male,Group B,High school,Standard,Completed,87.0,95.0,75.0,66.15,85.66666666666667,High
1994,Male,Group D,Bachelor's degree,Standard,,73.0,98.0,80.0,99.6,83.66666666666667,High
1995,Male,Group A,Associate degree,Free/Reduced,Completed,49.0,60.0,8.0,73.78,39.0,Low
1996,Male,Group B,Some college,Free/Reduced,,54.0,91.0,56.0,71.68,67.0,Medium
1997,Female,Group E,Associate degree,Standard,Completed,11.0,4.0,50.0,62.09,21.666666666666668,Low
1998,Male,Group A,Associate degree,Standard,Completed,82.0,29.0,39.0,85.41,50.0,Medium
1999,Male,Group A,Associate degree,Free/Reduced,,31.0,21.0,75.0,86.09,42.333333333333336,Low
2000,Male,Group C,Bachelor's degree,Free/Reduced,,23.0,16.0,72.0,67.02,37.0,Low
2001,Male,Group B,High school,Free/Reduced,,85.0,9.0,63.0,96.77,52.333333333333336,Medium
2002,Female,Group C,Some college,Free/Reduced,,66.0,70.0,93.0,92.02,76.33333333333333,High
2003,Female,Group B,High school,Free/Reduced,Completed,49.0,67.0,69.0,69.21,61.666666666666664,Medium
2004,Female,Group D,High school,Free/Reduced,Completed,60.0,41.0,63.0,79.43,54.666666666666664,Medium
2005,Female,Group C,Master's degree,Free/Reduced,Completed,18.0,26.0,24.0,78.34,22.666666666666668,Low
2006,Male,Group C,Bachelor's degree,Free/Reduced,Completed,72.0,6.0,27.0,73.94,35.0,Low
2007,Female,Group E,Master's degree,Standard,Completed,50.0,22.0,9.0,92.71,27.0,Low
2008,Male,Group C,Bachelor's degree,Free/Reduced,,63.0,74.0,27.0,64.37,54.666666666666664,Medium
2009,Male,Group B,High school,Standard,,76.0,51.0,50.0,76.61,59.0,Medium
2010,Male,Group E,High school,Free/Reduced,Completed,1.0,7.0,35.0,77.12,14.333333333333334,Low
2011,Male,Group C,Bachelor's degree,Free/Reduced,,35.0,100.0,10.0,78.75,48.333333333333336,Low
2012,Male,Group C,High school,Free/Reduced,,92.0,4.0,20.0,94.45,38.666666666666664,Low
2013,Female,Group D,High school,Free/Reduced,,10.0,70.0,25.0,68.73,35.0,Low
2014,Female,Group C,Some college,Free/Reduced,,97.0,85.0,17.0,64.12,66.33333333333333,Medium
2015,Female,Group A,Master's degree,Standard,,67.0,99.0,67.0,84.71,77.66666666666667,High
2016,Female,Group E,Master's degree,Free/Reduced,,67.0,1.0,40.0,66.95,36.0,Low
2017,Male,Group A,Master's degree,Standard,Completed,63.0,87.0,14.0,63.0,54.666666666666664,Medium
2018,Female,Group E,Associate degree,Standard,,0.0,50.0,22.0,77.07,24.0,Low
2019,Male,Group D,Some college,Free/Reduced,,88.0,51.0,40.0,68.79,59.666666666666664,Medium
2020,Female,Group C,Master's degree,Standard,Completed,25.0,11.0,5.0,74.45,13.666666666666666,Low
2021,Male,Group C,Master's degree,Free/Reduced,Completed,10.0,46.0,50.0,70.39,35.333333333333336,Low
2022,Male,Group C,Some college,Free/Reduced,Completed,86.0,54.0,59.0,63.71,66.33333333333333,Medium
2023,Female,Group E,High school,Free/Reduced,,1.0,25.0,78.0,82.41,34.666666666666664,Low
2024,Male,Group C,Master's degree,Standard,Completed,82.0,44.0,51.0,61.08,59.0,Medium
2025,Male,Group A,High school,Free/Reduced,,92.0,61.0,8.0,98.66,53.666666666666664,Medium
2026,Female,Group C,Master's degree,Standard,Completed,39.0,69.0,50.0,73.65,52.666666666666664,Medium
2027,Male,Group D,Bachelor's degree,Free/Reduced,,3.0,86.0,43.0,87.81,44.0,Low
2028,Female,Group A,Associate degree,Free/Reduced,,79.0,1.0,61.0,92.41,47.0,Low
2029,Female,Group C,Master's degree,Standard,Completed,36.0,25.0,42.0,71.16,34.333333333333336,Low
2030,Female,Group C,Bachelor's degree,Standard,,60.0,13.0,27.0,89.95,33.333333333333336,Low
2031,Male,Group B,Some college,Standard,,90.0,81.0,93.0,93.3,88.0,High
2032,Male,Group E,Bachelor's degree,Standard,,4.0,56.0,7.0,69.65,22.333333333333332,Low
2033,Male,Group A,Some college,Standard,,14.0,31.0,98.0,99.7,47.666666666666664,Low
2034,Female,Group B,Master's degree,Standard,Completed,86.0,61.0,50.0,60.83,65.66666666666667,Medium
2035,Male,Group D,Some college,Free/Reduced,Completed,66.0,77.0,98.0,68.68,80.33333333333333,High
2036,Female,Group E,Bachelor's degree,Standard,Completed,81.0,29.0,89.0,91.2,66.33333333333333,Medium
2037,Female,Group A,Associate degree,Free/Reduced,,25.0,12.0,29.0,67.77,22.0,Low
2038,Male,Group C,High school,Free/Reduced,Completed,5.0,39.0,98.0,87.93,47.333333333333336,Low
2039,Female,Group A,Master's degree,Free/Reduced,Completed,43.0,30.0,10.0,94.22,27.666666666666668,Low
2040,Male,Group C,Associate degree,Free/Reduced,,57.0,36.0,19.0,98.37,37.333333333333336,Low
2041,Male,Group E,High school,Free/Reduced,Completed,80.0,44.0,30.0,78.97,51.333333333333336,Medium
2042,Male,Group C,Master's degree,Standard,Completed,45.0,85.0,33.0,98.84,54.333333333333336,Medium
2043,Male,Group D,Master's degree,Free/Reduced,Completed,41.0,58.0,11.0,76.46,36.666666666666664,Low
2044,Male,Group C,Bachelor's degree,Free/Reduced,,47.0,27.0,47.0,68.73,40.333333333333336,Low
2045,Female,Group D,Bachelor's degree,Free/Reduced,Completed,26.0,60.0,27.0,80.56,37.666666666666664,Low
2046,Female,Group E,Some college,Standard,Completed,19.0,18.0,66.0,85.99,34.333333333333336,Low
2047,Female,Group E,Bachelor's degree,Standard,Completed,69.0,42.0,62.0,78.32,57.666666666666664,Medium
2048,Male,Group A,Master's degree,Standard,,34.0,58.0,47.0,82.68,46.333333333333336,Low
2049,Male,Group D,Bachelor's degree,Standard,,75.0,51.0,41.0,76.66,55.666666666666664,Medium
2050,Male,Group D,High school,Free/Reduced,Completed,47.0,51.0,51.0,80.99,49.666666666666664,Low
2051,Female,Group B,Some college,Standard,Completed,66.0,43.0,4.0,98.1,37.666666666666664,Low
2052,Male,Group B,Some college,Free/Reduced,Completed,67.0,65.0,76.0,79.99,69.33333333333333,Medium
2053,Female,Group B,Master's degree,Standard,,51.0,9.0,11.0,70.13,23.666666666666668,Low
2054,Female,Group C,Bachelor's degree,Standard,,67.0,46.0,58.0,90.35,57.0,Medium
2055,Male,Group B,High school,Standard,Completed,49.0,18.0,64.0,73.5,43.666666666666664,Low
2056,Male,Group D,Bachelor's degree,Standard,Completed,38.0,83.0,51.0,92.65,57.333333333333336,Medium
2057,Female,Group C,Associate degree,Free/Reduced,,20.0,92.0,42.0,62.27,51.333333333333336,Medium
2058,Male,Group E,Bachelor's degree,Standard,,65.0,88.0,82.0,73.29,78.33333333333333,High
2059,Female,Group A,Master's degree,Free/Reduced,Completed,15.0,80.0,92.0,63.77,62.333333333333336,Medium
2060,Male,Group B,Bachelor's degree,Free/Reduced,,6.0,50.0,62.0,63.41,39.333333333333336,Low
2061,Male,Group E,Some college,Free/Reduced,Completed,82.0,12.0,49.0,86.34,47.666666666666664,Low
2062,Female,Group D,High school,Free/Reduced,Completed,96.0,62.0,38.0,75.41,65.33333333333333,Medium
2063,Male,Group A,Master's degree,Free/Reduced,,8.0,15.0,41.0,94.86,21.333333333333332,Low
2064,Female,Group E,Associate degree,Free/Reduced,Completed,100.0,52.0,88.0,80.66,80.0,High
2065,Male,Group A,High school,Free/Reduced,Completed,16.0,34.0,79.0,71.81,43.0,Low
2066,Female,Group B,High school,Standard,Completed,90.0,99.0,16.0,88.84,68.33333333333333,Medium
2067,Female,Group D,Some college,Free/Reduced,Completed,96.0,58.0,91.0,84.96,81.66666666666667,High
2068,Male,Group A,Some college,Standard,Completed,11.0,38.0,42.0,91.98,30.333333333333332,Low
2069,Female,Group E,Some college,Standard,Completed,56.0,66.0,48.0,85.74,56.666666666666664,Medium
2070,Male,Group B,Master's degree,Free/Reduced,Completed,44.0,72.0,4.0,66.68,40.0,Low
2071,Male,Group B,Bachelor's degree,Free/Reduced,,10.0,60.0,0.0,86.81,23.333333333333332,Low
2072,Male,Group E,High school,Standard,,12.0,49.0,66.0,75.66,42.333333333333336,Low
2073,Female,Group E,Bachelor's degree,Standard,Completed,30.0,52.0,23.0,78.53,35.0,Low
2074,Female,Group A,Bachelor's degree,Free/Reduced,,76.0,45.0,28.0,96.86,49.666666666666664,Low
2075,Male,Group C,Some college,Free/Reduced,Completed,25.0,51.0,14.0,74.4,30.0,Low
2076,Male,Group B,Bachelor's degree,Standard,Completed,62.0,28.0,3.0,84.48,31.0,Low
2077,Female,Group A,High school,Standard,,30.0,4.0,43.0,74.54,25.666666666666668,Low
2078,Male,Group E,High school,Free/Reduced,Completed,21.0,66.0,64.0,63.79,50.333333333333336,Medium
2079,Male,Group A,Associate degree,Standard,Completed,5.0,73.0,78.0,78.14,52.0,Medium
2080,Female,Group E,Master's degree,Standard,,49.0,51.0,87.0,83.88,62.333333333333336,Medium
2081,Male,Group D,Bachelor's degree,Free/Reduced,,84.0,74.0,30.0,76.3,62.666666666666664,Medium
2082,Female,Group E,Master's degree,Standard,,9.0,80.0,19.0,75.63,36.0,Low
2083,Male,Group E,Master's degree,Free/Reduced,,82.0,39.0,9.0,92.82,43.333333333333336,Low
2084,Female,Group E,Master's degree,Free/Reduced,,34.0,71.0,10.0,61.19,38.333333333333336,Low
2085,Male,Group C,Master's degree,Free/Reduced,,25.0,1.0,81.0,71.82,35.666666666666664,Low
2086,Male,Group E,High school,Standard,Completed,70.0,67.0,97.0,92.47,78.0,High
2087,Female,Group B,Master's degree,Free/Reduced,,36.0,61.0,50.0,96.82,49.0,Low
2088,Male,Group B,Associate degree,Standard,,7.0,79.0,37.0,76.49,41.0,Low
2089,Female,Group A,Master's degree,Free/Reduced,Completed,4.0,57.0,79.0,95.55,46.666666666666664,Low
2090,Male,Group C,Master's degree,Free/Reduced,Completed,43.0,84.0,23.0,67.96,50.0,Medium
2091,Female,Group A,High school,Standard,,99.0,68.0,38.0,68.86,68.33333333333333,Medium
2092,Female,Group B,High school,Standard,Completed,91.0,57.0,50.0,93.85,66.0,Medium
2093,Female,Group B,Some college,Standard,Completed,66.0,34.0,75.0,96.13,58.333333333333336,Medium
2094,Female,Group D,Master's degree,Free/Reduced,Completed,71.0,13.0,50.0,68.91,44.666666666666664,Low
2095,Male,Group E,Some college,Standard,Completed,78.0,14.0,6.0,62.37,32.666666666666664,Low
2096,Male,Group B,Associate degree,Free/Reduced,Completed,90.0,5.0,99.0,63.61,64.66666666666667,Medium
2097,Female,Group A,Bachelor's degree,Standard,Completed,48.0,15.0,80.0,70.46,47.666666666666664,Low
2098,Female,Group A,Some college,Free/Reduced,Completed,35.0,86.0,67.0,90.46,62.666666666666664,Medium
2099,Female,Group E,High school,Free/Reduced,,79.0,94.0,52.0,80.4,75.0,High
2100,Male,Group E,Master's degree,Free/Reduced,Completed,25.0,45.0,36.0,78.22,35.333333333333336,Low
2101,Male,Group D,Associate degree,Free/Reduced,,44.0,62.0,96.0,83.37,67.33333333333333,Medium
2102,Male,Group C,High school,Standard,Completed,60.0,11.0,82.0,95.61,51.0,Medium
2103,Male,Group A,Bachelor's degree,Standard,Completed,43.0,40.0,50.0,63.62,44.333333333333336,Low
2104,Female,Group E,Master's degree,Free/Reduced,,3.0,18.0,89.0,87.79,36.666666666666664,Low
2105,Female,Group A,Bachelor's degree,Free/Reduced,Completed,75.0,75.0,54.0,97.07,68.0,Medium
2106,Female,Group E,Bachelor's degree,Standard,Completed,80.0,76.0,74.0,68.53,76.66666666666667,High
2107,Male,Group B,Master's degree,Standard,,57.0,1.0,30.0,93.51,29.333333333333332,Low
2108,Male,Group A,Master's degree,Standard,Completed,25.0,19.0,64.0,87.92,36.0,Low
2109,Male,Group B,Bachelor's degree,Standard,Completed,49.0,94.0,99.0,60.58,80.66666666666667,High
2110,Female,Group A,Associate degree,Standard,,78.0,8.0,92.0,69.26,59.333333333333336,Medium
2111,Female,Group C,Master's degree,Standard,,97.0,20.0,88.0,84.23,68.33333333333333,Medium
2112,Male,Group D,High school,Free/Reduced,Completed,28.0,7.0,58.0,80.1,31.0,Low
2113,Female,Group B,Some college,Standard,,8.0,38.0,46.0,81.12,30.666666666666668,Low
2114,Male,Group E,Associate degree,Standard,Completed,77.0,36.0,48.0,69.28,53.666666666666664,Medium
2115,Male,Group C,Master's degree,Free/Reduced,Completed,35.0,28.0,50.0,87.0,37.666666666666664,Low
2116,Female,Group A,Master's degree,Standard,,3.0,82.0,2.0,70.66,29.0,Low
2117,Male,Group B,Associate degree,Standard,,58.0,34.0,17.0,75.58,36.333333333333336,Low
2118,Female,Group A,Some college,Standard,,36.0,37.0,57.0,74.76,43.333333333333336,Low
2119,Male,Group A,Bachelor's degree,Free/Reduced,,87.0,89.0,70.0,86.88,82.0,High
2120,Female,Group A,High school,Standard,Completed,80.0,74.0,91.0,63.61,81.66666666666667,High
2121,Female,Group D,Master's degree,Free/Reduced,,12.0,99.0,80.0,68.22,63.666666666666664,Medium
2122,Female,Group D,Some college,Standard,,19.0,34.0,24.0,68.02,25.666666666666668,Low
2123,Male,Group E,High school,Free/Reduced,Completed,16.0,67.0,17.0,64.34,33.333333333333336,Low
2124,Male,Group B,Associate degree,Standard,Completed,50.0,2.0,51.0,68.3,34.333333333333336,Low
2125,Female,Group C,Master's degree,Standard,Completed,90.0,11.0,42.0,84.28,47.666666666666664,Low
2126,Female,Group C,Bachelor's degree,Standard,Completed,54.0,31.0,66.0,89.29,50.333333333333336,Medium
2127,Male,Group C,Associate degree,Free/Reduced,Completed,32.0,46.0,88.0,86.41,55.333333333333336,Medium
2128,Male,Group A,Master's degree,Standard,Completed,20.0,62.0,50.0,79.01,44.0,Low
2129,Male,Group D,Some college,Standard,Completed,80.0,25.0,73.0,62.1,59.333333333333336,Medium
2130,Female,Group B,High school,Free/Reduced,Completed,21.0,42.0,43.0,98.36,35.333333333333336,Low
2131,Male,Group A,High school,Free/Reduced,Completed,24.0,76.0,43.0,66.72,47.666666666666664,Low
2132,Male,Group D,Master's degree,Free/Reduced,,66.0,43.0,50.0,86.74,53.0,Medium
2133,Female,Group D,Associate degree,Standard,,90.0,37.0,82.0,96.52,69.66666666666667,Medium
2134,Male,Group B,Bachelor's degree,Free/Reduced,Completed,90.0,28.0,78.0,87.91,65.33333333333333,Medium
2135,Male,Group B,Some college,Standard,,11.0,54.0,84.0,68.72,49.666666666666664,Low
2136,Male,Group B,Master's degree,Free/Reduced,Completed,14.0,51.0,20.0,72.63,28.333333333333332,Low
2137,Female,Group A,Some college,Free/Reduced,Completed,83.0,18.0,36.0,61.21,45.666666666666664,Low
2138,Female,Group E,High school,Standard,Completed,85.0,34.0,27.0,84.51,48.666666666666664,Low
2139,Female,Group B,Bachelor's degree,Standard,Completed,49.0,47.0,31.0,84.52,42.333333333333336,Low
2140,Female,Group E,Some college,Standard,,3.0,90.0,56.0,89.02,49.666666666666664,Low
2141,Female,Group A,Master's degree,Standard,,44.0,59.0,40.0,60.44,47.666666666666664,Low
2142,Female,Group E,Bachelor's degree,Free/Reduced,Completed,12.0,30.0,53.0,92.71,31.666666666666668,Low
2143,Female,Group C,Associate degree,Free/Reduced,,54.0,51.0,26.0,89.55,43.666666666666664,Low
2144,Male,Group E,Master's degree,Free/Reduced,,31.0,34.0,86.0,65.64,50.333333333333336,Medium
2145,Male,Group B,Some college,Standard,Completed,21.0,87.0,73.0,73.91,60.333333333333336,Medium
2146,Female,Group A,Bachelor's degree,Standard,Completed,88.0,51.0,39.0,85.54,59.333333333333336,Medium
2147,Male,Group B,Master's degree,Free/Reduced,,49.0,51.0,40.0,79.83,46.666666666666664,Low
2148,Male,Group C,Bachelor's degree,Free/Reduced,,54.0,50.0,50.0,64.6,51.333333333333336,Medium
2149,Female,Group B,Bachelor's degree,Standard,Completed,16.0,55.0,23.0,63.49,31.333333333333332,Low
2150,Male,Group B,Master's degree,Free/Reduced,Completed,69.0,98.0,17.0,91.26,61.333333333333336,Medium
2151,Male,Group B,Some college,Free/Reduced,,50.0,20.0,73.0,66.24,47.666666666666664,Low
2152,Male,Group D,Master's degree,Free/Reduced,Completed,79.0,0.0,55.0,66.88,44.666666666666664,Low
2153,Male,Group C,High school,Standard,Completed,49.0,52.0,14.0,93.24,38.333333333333336,Low
2154,Male,Group B,High school,Free/Reduced,Completed,60.0,5.0,97.0,84.49,54.0,Medium
2155,Female,Group B,Some college,Standard,,96.0,97.0,71.0,84.19,88.0,High
2156,Female,Group B,Some college,Free/Reduced,,9.0,81.0,34.0,79.17,41.333333333333336,Low
2157,Female,Group A,Bachelor's degree,Standard,Completed,97.0,61.0,26.0,82.76,61.333333333333336,Medium
2158,Male,Group D,Master's degree,Free/Reduced,,18.0,88.0,88.0,84.07,64.66666666666667,Medium
2159,Female,Group A,Master's degree,Free/Reduced,Completed,13.0,78.0,2.0,98.71,31.0,Low
2160,Male,Group D,Master's degree,Free/Reduced,,66.0,46.0,20.0,68.92,44.0,Low
2161,Male,Group B,Associate degree,Standard,,54.0,95.0,38.0,68.58,62.333333333333336,Medium
2162,Male,Group C,High school,Free/Reduced,,60.0,49.0,31.0,62.29,46.666666666666664,Low
2163,Male,Group E,Associate degree,Free/Reduced,Completed,55.0,81.0,49.0,86.33,61.666666666666664,Medium
2164,Female,Group E,Associate degree,Standard,Completed,62.0,30.0,84.0,81.96,58.666666666666664,Medium
2165,Female,Group B,High school,Standard,Completed,86.0,63.0,8.0,64.45,52.333333333333336,Medium
2166,Male,Group A,High school,Free/Reduced,,10.0,28.0,49.0,74.58,29.0,Low
2167,Female,Group C,Associate degree,Free/Reduced,Completed,46.0,14.0,0.0,67.15,20.0,Low
2168,Male,Group D,Master's degree,Free/Reduced,Completed,5.0,57.0,3.0,73.26,21.666666666666668,Low
2169,Female,Group B,Associate degree,Free/Reduced,Completed,33.0,22.0,3.0,98.05,19.333333333333332,Low
2170,Female,Group C,Bachelor's degree,Free/Reduced,Completed,64.0,37.0,89.0,87.33,63.333333333333336,Medium
2171,Male,Group C,Bachelor's degree,Standard,,98.0,40.0,33.0,60.3,57.0,Medium
2172,Female,Group D,Bachelor's degree,Free/Reduced,Completed,88.0,74.0,26.0,70.1,62.666666666666664,Medium
2173,Male,Group C,Some college,Standard,Completed,49.0,14.0,50.0,60.41,37.666666666666664,Low
2174,Female,Group A,Bachelor's degree,Standard,,92.0,51.0,31.0,88.59,58.0,Medium
2175,Male,Group A,Master's degree,Free/Reduced,Completed,86.0,2.0,40.0,78.78,42.666666666666664,Low
2176,Male,Group A,Some college,Standard,,81.0,82.0,70.0,99.76,77.66666666666667,High
2177,Female,Group C,Some college,Free/Reduced,,49.0,0.0,60.0,89.34,36.333333333333336,Low
2178,Female,Group A,Bachelor's degree,Standard,,80.0,87.0,62.0,80.72,76.33333333333333,High
2179,Male,Group D,Associate degree,Standard,Completed,65.0,74.0,60.0,92.19,66.33333333333333,Medium
2180,Female,Group C,High school,Free/Reduced,,30.0,93.0,13.0,88.19,45.333333333333336,Low
2181,Female,Group E,Associate degree,Free/Reduced,,82.0,10.0,22.0,69.75,38.0,Low
2182,Male,Group C,Associate degree,Standard,,95.0,59.0,64.0,81.21,72.66666666666667,Medium
2183,Male,Group D,Some college,Free/Reduced,Completed,61.0,64.0,31.0,82.24,52.0,Medium
2184,Female,Group E,Some college,Free/Reduced,,53.0,75.0,40.0,78.05,56.0,Medium
2185,Male,Group C,Some college,Standard,,49.0,3.0,25.0,67.17,25.666666666666668,Low
2186,Male,Group A,Master's degree,Standard,,7.0,24.0,47.0,68.93,26.0,Low
2187,Male,Group B,Master's degree,Standard,Completed,41.0,71.0,72.0,71.24,61.333333333333336,Medium
2188,Female,Group B,High school,Free/Reduced,,40.0,78.0,15.0,60.41,44.333333333333336,Low
2189,Female,Group A,Some college,Free/Reduced,,58.0,42.0,30.0,96.68,43.333333333333336,Low
2190,Male,Group B,Bachelor's degree,Free/Reduced,Completed,39.0,93.0,50.0,87.44,60.666666666666664,Medium
2191,Female,Group B,Some college,Standard,Completed,21.0,39.0,31.0,87.58,30.333333333333332,Low
2192,Male,Group A,Master's degree,Free/Reduced,Completed,23.0,51.0,9.0,82.89,27.666666666666668,Low
2193,Female,Group A,Some college,Standard,,37.0,98.0,24.0,87.57,53.0,Medium
2194,Male,Group C,Master's degree,Standard,,1.0,84.0,81.0,99.27,55.333333333333336,Medium
2195,Male,Group C,Some college,Standard,,40.0,94.0,97.0,75.41,77.0,High
2196,Female,Group A,Bachelor's degree,Standard,,49.0,99.0,92.0,88.5,80.0,High
2197,Male,Group D,High school,Standard,Completed,1.0,51.0,44.0,74.38,32.0,Low
2198,Female,Group B,Bachelor's degree,Standard,,91.0,43.0,23.0,94.17,52.333333333333336,Medium
2199,Female,Group C,Master's degree,Standard,Completed,95.0,71.0,2.0,94.32,56.0,Medium
2200,Male,Group B,Associate degree,Free/Reduced,,61.0,58.0,61.0,96.09,60.0,Medium
2201,Male,Group E,Bachelor's degree,Standard,,82.0,22.0,78.0,60.22,60.666666666666664,Medium
2202,Female,Group A,Some college,Free/Reduced,,15.0,61.0,66.0,71.93,47.333333333333336,Low
2203,Male,Group D,High school,Free/Reduced,Completed,93.0,22.0,54.0,65.36,56.333333333333336,Medium
2204,Male,Group E,Some college,Free/Reduced,Completed,21.0,57.0,94.0,78.16,57.333333333333336,Medium
2205,Male,Group E,Some college,Free/Reduced,Completed,13.0,54.0,9.0,79.82,25.333333333333332,Low
2206,Male,Group E,Bachelor's degree,Free/Reduced,Completed,55.0,32.0,54.0,70.24,47.0,Low
2207,Male,Group A,High school,Standard,,64.0,76.0,21.0,88.94,53.666666666666664,Medium
2208,Female,Group C,Associate degree,Free/Reduced,,44.0,62.0,13.0,70.79,39.666666666666664,Low
2209,Female,Group A,Some college,Free/Reduced,,53.0,59.0,72.0,94.16,61.333333333333336,Medium
2210,Male,Group C,High school,Free/Reduced,,65.0,98.0,81.0,67.11,81.33333333333333,High
2211,Male,Group E,Associate degree,Standard,,85.0,60.0,7.0,74.69,50.666666666666664,Medium
2212,Male,Group E,Some college,Free/Reduced,Completed,45.0,79.0,14.0,84.89,46.0,Low
2213,Female,Group D,High school,Free/Reduced,Completed,32.0,75.0,14.0,84.21,40.333333333333336,Low
2214,Male,Group C,Bachelor's degree,Free/Reduced,,78.0,60.0,51.0,63.12,63.0,Medium
2215,Female,Group E,Some college,Free/Reduced,,49.0,94.0,69.0,93.85,70.66666666666667,Medium
2216,Female,Group B,Some college,Standard,,21.0,51.0,53.0,83.92,41.666666666666664,Low
2217,Female,Group D,High school,Free/Reduced,,39.0,88.0,50.0,94.79,59.0,Medium
2218,Male,Group A,Some college,Standard,Completed,38.0,20.0,41.0,94.71,33.0,Low
2219,Female,Group D,Associate degree,Standard,,40.0,2.0,18.0,81.84,20.0,Low
2220,Male,Group B,Some college,Free/Reduced,,74.0,47.0,39.0,96.43,53.333333333333336,Medium
2221,Female,Group C,Master's degree,Free/Reduced,,67.0,9.0,68.0,93.94,48.0,Low
2222,Male,Group A,Associate degree,Standard,,6.0,86.0,26.0,98.32,39.333333333333336,Low
2223,Female,Group A,High school,Free/Reduced,Completed,84.0,80.0,73.0,94.02,79.0,High
2224,Male,Group C,Associate degree,Free/Reduced,,70.0,41.0,42.0,92.85,51.0,Medium
2225,Female,Group D,Master's degree,Free/Reduced,Completed,3.0,98.0,51.0,78.77,50.666666666666664,Medium
2226,Male,Group E,Master's degree,Standard,Completed,75.0,88.0,45.0,68.48,69.33333333333333,Medium
2227,Male,Group D,Some college,Standard,,90.0,65.0,50.0,96.43,68.33333333333333,Medium
2228,Male,Group B,Some college,Free/Reduced,,58.0,90.0,63.0,88.9,70.33333333333333,Medium
2229,Male,Group E,Bachelor's degree,Free/Reduced,,80.0,45.0,60.0,71.27,61.666666666666664,Medium
2230,Female,Group D,Associate degree,Standard,,83.0,8.0,97.0,73.64,62.666666666666664,Medium
2231,Female,Group C,Bachelor's degree,Standard,,94.0,48.0,57.0,87.44,66.33333333333333,Medium
2232,Male,Group B,Master's degree,Standard,Completed,25.0,3.0,48.0,79.11,25.333333333333332,Low
2233,Female,Group B,Some college,Standard,Completed,30.0,59.0,78.0,63.26,55.666666666666664,Medium
2234,Male,Group B,Some college,Standard,Completed,98.0,89.0,28.0,65.66,71.66666666666667,Medium
2235,Male,Group E,Some college,Standard,Completed,72.0,51.0,25.0,89.83,49.333333333333336,Low
2236,Female,Group A,High school,Standard,Completed,68.0,28.0,26.0,73.14,40.666666666666664,Low
2237,Male,Group E,Master's degree,Free/Reduced,,51.0,85.0,66.0,80.31,67.33333333333333,Medium
2238,Male,Group D,Some college,Standard,,71.0,46.0,66.0,90.66,61.0,Medium
2239,Female,Group A,Master's degree,Standard,Completed,20.0,76.0,34.0,90.05,43.333333333333336,Low
2240,Male,Group D,Some college,Free/Reduced,,15.0,86.0,59.0,66.68,53.333333333333336,Medium
2241,Male,Group A,Associate degree,Free/Reduced,,50.0,62.0,60.0,63.94,57.333333333333336,Medium
2242,Male,Group E,Master's degree,Free/Reduced,Completed,15.0,30.0,98.0,83.65,47.666666666666664,Low
2243,Male,Group B,Bachelor's degree,Standard,Completed,17.0,50.0,69.0,89.67,45.333333333333336,Low
2244,Female,Group C,High school,Standard,Completed,46.0,40.0,77.0,65.96,54.333333333333336,Medium
2245,Female,Group B,Bachelor's degree,Free/Reduced,,55.0,35.0,89.0,74.88,59.666666666666664,Medium
2246,Female,Group E,Master's degree,Free/Reduced,Completed,49.0,39.0,2.0,94.81,30.0,Low
2247,Male,Group A,Some college,Free/Reduced,Completed,81.0,94.0,32.0,97.77,69.0,Medium
2248,Male,Group B,Master's degree,Standard,,77.0,59.0,41.0,78.16,59.0,Medium
2249,Female,Group E,High school,Free/Reduced,,55.0,14.0,12.0,63.18,27.0,Low
2250,Male,Group D,Master's degree,Standard,Completed,36.0,77.0,28.0,70.31,47.0,Low
2251,Male,Group C,Some college,Standard,,15.0,98.0,8.0,69.32,40.333333333333336,Low
2252,Male,Group B,Bachelor's degree,Standard,Completed,84.0,87.0,31.0,69.56,67.33333333333333,Medium
2253,Male,Group A,Associate degree,Standard,,64.0,29.0,21.0,79.76,38.0,Low
2254,Female,Group D,Bachelor's degree,Free/Reduced,Completed,59.0,29.0,85.0,83.33,57.666666666666664,Medium
2255,Female,Group E,Some college,Free/Reduced,,60.0,26.0,57.0,64.9,47.666666666666664,Low
2256,Female,Group C,Some college,Free/Reduced,,10.0,39.0,56.0,95.57,35.0,Low
2257,Male,Group A,High school,Standard,,74.0,77.0,97.0,84.8,82.66666666666667,High
2258,Female,Group E,Master's degree,Free/Reduced,Completed,65.0,44.0,9.0,83.89,39.333333333333336,Low
2259,Female,Group E,Master's degree,Standard,Completed,31.0,74.0,24.0,99.49,43.0,Low
2260,Male,Group B,Bachelor's degree,Standard,Completed,18.0,46.0,61.0,85.13,41.666666666666664,Low
2261,Male,Group B,Associate degree,Standard,,55.0,89.0,62.0,97.16,68.66666666666667,Medium
2262,Female,Group A,Associate degree,Free/Reduced,,4.0,55.0,50.0,71.45,36.333333333333336,Low
2263,Female,Group E,High school,Standard,,2.0,53.0,50.0,69.61,35.0,Low
2264,Female,Group B,Some college,Standard,Completed,27.0,84.0,82.0,80.66,64.33333333333333,Medium
2265,Female,Group C,High school,Free/Reduced,,89.0,8.0,96.0,80.34,64.33333333333333,Medium
2266,Male,Group C,Master's degree,Free/Reduced,Completed,86.0,64.0,46.0,69.06,65.33333333333333,Medium
2267,Female,Group E,Some college,Free/Reduced,Completed,93.0,69.0,50.0,87.99,70.66666666666667,Medium
2268,Female,Group B,High school,Standard,Completed,71.0,0.0,25.0,61.19,32.0,Low
2269,Male,Group A,Bachelor's degree,Standard,Completed,99.0,85.0,12.0,87.63,65.33333333333333,Medium
2270,Female,Group A,Master's degree,Free/Reduced,Completed,49.0,12.0,6.0,78.29,22.333333333333332,Low
2271,Male,Group A,Associate degree,Standard,,76.0,37.0,33.0,87.56,48.666666666666664,Low
2272,Male,Group C,High school,Standard,,58.0,51.0,21.0,79.08,43.333333333333336,Low
2273,Male,Group B,Master's degree,Free/Reduced,,24.0,39.0,83.0,99.09,48.666666666666664,Low
2274,Female,Group B,Master's degree,Free/Reduced,,21.0,94.0,22.0,73.39,45.666666666666664,Low
2275,Female,Group C,Associate degree,Free/Reduced,,96.0,14.0,47.0,99.3,52.333333333333336,Medium
2276,Male,Group A,Associate degree,Free/Reduced,,100.0,49.0,13.0,62.6,54.0,Medium
2277,Female,Group A,Associate degree,Free/Reduced,Completed,70.0,1.0,93.0,87.35,54.666666666666664,Medium
2278,Female,Group E,High school,Free/Reduced,,22.0,52.0,86.0,78.17,53.333333333333336,Medium
2279,Male,Group D,Associate degree,Free/Reduced,Completed,69.0,94.0,51.0,92.89,71.33333333333333,Medium
2280,Male,Group B,Bachelor's degree,Free/Reduced,Completed,78.0,25.0,82.0,91.58,61.666666666666664,Medium
2281,Female,Group B,Master's degree,Standard,Completed,78.0,65.0,38.0,92.01,60.333333333333336,Medium
2282,Male,Group B,Associate degree,Standard,Completed,39.0,74.0,40.0,63.79,51.0,Medium
2283,Female,Group D,Master's degree,Standard,Completed,97.0,32.0,35.0,92.89,54.666666666666664,Medium
2284,Female,Group E,Some college,Standard,,13.0,81.0,5.0,68.56,33.0,Low
2285,Female,Group D,Some college,Standard,,28.0,84.0,22.0,61.03,44.666666666666664,Low
2286,Female,Group A,Associate degree,Standard,,15.0,58.0,9.0,68.71,27.333333333333332,Low
2287,Male,Group A,Master's degree,Standard,Completed,92.0,94.0,98.0,79.17,94.66666666666667,High
2288,Male,Group B,Some college,Standard,,49.0,25.0,84.0,89.68,52.666666666666664,Medium
2289,Male,Group C,Associate degree,Standard,,9.0,93.0,95.0,68.75,65.66666666666667,Medium
2290,Male,Group B,Master's degree,Standard,Completed,46.0,20.0,59.0,64.52,41.666666666666664,Low
2291,Female,Group C,Associate degree,Standard,Completed,3.0,48.0,29.0,85.84,26.666666666666668,Low
2292,Female,Group D,Master's degree,Free/Reduced,,11.0,79.0,96.0,99.36,62.0,Medium
2293,Male,Group A,Some college,Standard,Completed,41.0,70.0,69.0,84.03,60.0,Medium
2294,Female,Group C,Associate degree,Free/Reduced,Completed,97.0,85.0,4.0,87.64,62.0,Medium
2295,Female,Group D,Some college,Standard,Completed,3.0,70.0,78.0,82.45,50.333333333333336,Medium
2296,Female,Group A,Associate degree,Free/Reduced,,83.0,65.0,56.0,91.29,68.0,Medium
2297,Male,Group C,High school,Standard,Completed,91.0,36.0,42.0,99.03,56.333333333333336,Medium
2298,Male,Group B,Some college,Free/Reduced,Completed,91.0,13.0,51.0,81.77,51.666666666666664,Medium
2299,Male,Group B,Some college,Standard,Completed,5.0,71.0,88.0,76.67,54.666666666666664,Medium
2300,Female,Group B,Bachelor's degree,Free/Reduced,Completed,13.0,51.0,76.0,94.41,46.666666666666664,Low
2301,Male,Group D,Some college,Standard,Completed,34.0,6.0,5.0,98.79,15.0,Low
2302,Male,Group B,Master's degree,Free/Reduced,,46.0,37.0,100.0,65.17,61.0,Medium
2303,Male,Group E,Associate degree,Standard,,57.0,51.0,50.0,83.13,52.666666666666664,Medium
2304,Male,Group A,High school,Free/Reduced,Completed,64.0,21.0,16.0,91.7,33.666666666666664,Low
2305,Male,Group D,Master's degree,Free/Reduced,Completed,18.0,43.0,87.0,81.33,49.333333333333336,Low
2306,Male,Group B,Master's degree,Free/Reduced,,56.0,80.0,50.0,76.37,62.0,Medium
2307,Female,Group A,Master's degree,Free/Reduced,,64.0,79.0,43.0,86.21,62.0,Medium
2308,Female,Group C,Master's degree,Free/Reduced,Completed,12.0,96.0,53.0,70.81,53.666666666666664,Medium
2309,Male,Group B,High school,Free/Reduced,Completed,7.0,34.0,77.0,73.97,39.333333333333336,Low
2310,Male,Group A,Bachelor's degree,Free/Reduced,,17.0,59.0,6.0,99.69,27.333333333333332,Low
2311,Female,Group E,Some college,Free/Reduced,Completed,34.0,95.0,89.0,85.46,72.66666666666667,Medium
2312,Female,Group C,Master's degree,Standard,Completed,86.0,2.0,31.0,94.92,39.666666666666664,Low
2313,Male,Group E,Some college,Standard,,25.0,66.0,28.0,92.31,39.666666666666664,Low
2314,Male,Group A,Some college,Standard,,37.0,71.0,45.0,86.09,51.0,Medium
2315,Male,Group E,Master's degree,Free/Reduced,,83.0,94.0,72.0,93.63,83.0,High
2316,Male,Group A,Bachelor's degree,Free/Reduced,,65.0,54.0,77.0,71.49,65.33333333333333,Medium
2317,Female,Group A,Some college,Standard,Completed,25.0,8.0,52.0,85.48,28.333333333333332,Low
2318,Male,Group E,Associate degree,Standard,Completed,56.0,68.0,80.0,83.62,68.0,Medium
2319,Male,Group A,Some college,Free/Reduced,Completed,99.0,27.0,50.0,84.9,58.666666666666664,Medium
2320,Male,Group B,Master's degree,Free/Reduced,Completed,24.0,14.0,52.0,66.75,30.0,Low
2321,Male,Group A,High school,Standard,,49.0,90.0,93.0,71.09,77.33333333333333,High
2322,Female,Group D,Some college,Free/Reduced,,81.0,30.0,28.0,71.47,46.333333333333336,Low
2323,Female,Group A,Bachelor's degree,Standard,Completed,6.0,58.0,92.0,84.08,52.0,Medium
2324,Female,Group D,Associate degree,Free/Reduced,Completed,26.0,51.0,81.0,98.9,52.666666666666664,Medium
2325,Male,Group A,Associate degree,Standard,Completed,10.0,53.0,94.0,98.16,52.333333333333336,Medium
2326,Male,Group A,High school,Standard,,100.0,67.0,82.0,69.09,83.0,High
2327,Female,Group E,High school,Free/Reduced,,7.0,84.0,80.0,72.19,57.0,Medium
2328,Male,Group B,Some college,Standard,,10.0,46.0,5.0,61.44,20.333333333333332,Low
2329,Male,Group B,Master's degree,Free/Reduced,Completed,87.0,41.0,75.0,75.95,67.66666666666667,Medium
2330,Female,Group C,Bachelor's degree,Free/Reduced,Completed,29.0,22.0,37.0,93.39,29.333333333333332,Low
2331,Female,Group E,Associate degree,Free/Reduced,Completed,93.0,85.0,2.0,96.63,60.0,Medium
2332,Female,Group E,High school,Free/Reduced,,14.0,64.0,34.0,69.46,37.333333333333336,Low
2333,Female,Group B,Bachelor's degree,Free/Reduced,Completed,55.0,88.0,54.0,70.63,65.66666666666667,Medium
2334,Male,Group E,Master's degree,Standard,,49.0,53.0,46.0,68.83,49.333333333333336,Low
2335,Male,Group B,Associate degree,Free/Reduced,Completed,38.0,91.0,32.0,74.0,53.666666666666664,Medium
2336,Female,Group E,Associate degree,Free/Reduced,Completed,23.0,100.0,92.0,92.19,71.66666666666667,Medium
2337,Male,Group A,Master's degree,Standard,,7.0,10.0,2.0,85.87,6.333333333333333,Low
2338,Female,Group B,Master's degree,Free/Reduced,,42.0,62.0,68.0,91.44,57.333333333333336,Medium
2339,Female,Group B,Master's degree,Standard,Completed,41.0,21.0,58.0,83.32,40.0,Low
2340,Male,Group D,Associate degree,Free/Reduced,,83.0,51.0,77.0,70.31,70.33333333333333,Medium
2341,Female,Group E,Some college,Standard,,40.0,88.0,99.0,69.12,75.66666666666667,High
2342,Male,Group E,Master's degree,Free/Reduced,,49.0,84.0,91.0,60.36,74.66666666666667,Medium
2343,Male,Group B,Bachelor's degree,Free/Reduced,,25.0,35.0,50.0,91.24,36.666666666666664,Low
2344,Male,Group A,Some college,Free/Reduced,,51.0,57.0,17.0,93.88,41.666666666666664,Low
2345,Male,Group A,Bachelor's degree,Free/Reduced,Completed,87.0,19.0,76.0,90.73,60.666666666666664,Medium
2346,Female,Group A,Associate degree,Free/Reduced,Completed,21.0,15.0,65.0,62.98,33.666666666666664,Low
2347,Male,Group E,Bachelor's degree,Standard,Completed,4.0,91.0,24.0,90.49,39.666666666666664,Low
2348,Female,Group D,Some college,Standard,Completed,14.0,55.0,19.0,61.83,29.333333333333332,Low
2349,Female,Group B,Master's degree,Free/Reduced,,35.0,92.0,70.0,64.22,65.66666666666667,Medium
2350,Female,Group C,High school,Standard,Completed,100.0,49.0,74.0,77.62,74.33333333333333,Medium
2351,Female,Group D,Bachelor's degree,Free/Reduced,,49.0,89.0,68.0,79.05,68.66666666666667,Medium
2352,Male,Group C,Master's degree,Free/Reduced,Completed,92.0,65.0,28.0,92.64,61.666666666666664,Medium
2353,Male,Group D,Bachelor's degree,Free/Reduced,Completed,78.0,73.0,17.0,87.18,56.0,Medium
2354,Female,Group A,Bachelor's degree,Standard,,90.0,12.0,71.0,66.13,57.666666666666664,Medium
2355,Female,Group E,Master's degree,Free/Reduced,Completed,48.0,14.0,26.0,69.05,29.333333333333332,Low
2356,Male,Group C,Associate degree,Standard,Completed,54.0,72.0,41.0,71.43,55.666666666666664,Medium
2357,Female,Group D,Some college,Free/Reduced,Completed,71.0,26.0,65.0,64.95,54.0,Medium
2358,Male,Group E,Some college,Free/Reduced,Completed,59.0,7.0,98.0,71.51,54.666666666666664,Medium
2359,Female,Group C,Some college,Standard,Completed,56.0,69.0,25.0,89.14,50.0,Medium
2360,Male,Group B,Associate degree,Free/Reduced,Completed,28.0,99.0,50.0,69.66,59.0,Medium
2361,Female,Group D,High school,Standard,Completed,18.0,49.0,4.0,93.41,23.666666666666668,Low
2362,Female,Group B,Some college,Free/Reduced,,94.0,87.0,79.0,78.78,86.66666666666667,High
2363,Male,Group A,High school,Free/Reduced,Completed,72.0,66.0,10.0,72.92,49.333333333333336,Low
2364,Female,Group B,Associate degree,Free/Reduced,Completed,9.0,25.0,18.0,76.5,17.333333333333332,Low
2365,Female,Group B,Associate degree,Standard,Completed,100.0,35.0,79.0,88.38,71.33333333333333,Medium
2366,Male,Group D,Master's degree,Free/Reduced,Completed,9.0,20.0,95.0,80.67,41.333333333333336,Low
2367,Female,Group A,Some college,Standard,Completed,96.0,76.0,11.0,60.29,61.0,Medium
2368,Male,Group B,Master's degree,Free/Reduced,Completed,88.0,51.0,1.0,96.89,46.666666666666664,Low
2369,Male,Group E,Some college,Free/Reduced,,56.0,10.0,42.0,62.64,36.0,Low
2370,Female,Group C,Associate degree,Standard,Completed,53.0,7.0,50.0,97.54,36.666666666666664,Low
2371,Female,Group B,Associate degree,Free/Reduced,Completed,55.0,56.0,25.0,61.13,45.333333333333336,Low
2372,Female,Group A,Bachelor's degree,Free/Reduced,,67.0,45.0,32.0,90.84,48.0,Low
2373,Female,Group B,Bachelor's degree,Standard,,68.0,77.0,23.0,81.39,56.0,Medium
2374,Female,Group C,Associate degree,Standard,Completed,86.0,96.0,68.0,80.23,83.33333333333333,High
2375,Female,Group A,Associate degree,Standard,Completed,54.0,51.0,20.0,62.91,41.666666666666664,Low
2376,Female,Group D,High school,Free/Reduced,Completed,68.0,51.0,45.0,69.55,54.666666666666664,Medium
2377,Male,Group A,High school,Standard,,71.0,51.0,17.0,91.1,46.333333333333336,Low
2378,Female,Group D,Master's degree,Standard,,80.0,64.0,50.0,95.65,64.66666666666667,Medium
2379,Male,Group A,Bachelor's degree,Free/Reduced,Completed,0.0,10.0,7.0,81.16,5.666666666666667,Low
2380,Female,Group C,Bachelor's degree,Standard,Completed,11.0,5.0,84.0,74.13,33.333333333333336,Low
2381,Female,Group C,Associate degree,Standard,,34.0,95.0,56.0,62.4,61.666666666666664,Medium
2382,Male,Group A,Associate degree,Free/Reduced,,77.0,78.0,4.0,87.29,53.0,Medium
2383,Female,Group B,Master's degree,Standard,,81.0,75.0,12.0,71.14,56.0,Medium
2384,Female,Group C,Bachelor's degree,Free/Reduced,,49.0,63.0,82.0,62.2,64.66666666666667,Medium
2385,Male,Group D,High school,Standard,Completed,78.0,100.0,92.0,86.63,90.0,High
2386,Female,Group D,Some college,Standard,,32.0,92.0,65.0,79.43,63.0,Medium
2387,Female,Group E,Master's degree,Free/Reduced,,82.0,54.0,36.0,60.48,57.333333333333336,Medium
2388,Female,Group D,Some college,Standard,Completed,97.0,43.0,89.0,64.44,76.33333333333333,High
2389,Male,Group E,High school,Free/Reduced,,24.0,85.0,28.0,87.97,45.666666666666664,Low
2390,Female,Group A,High school,Standard,Completed,15.0,13.0,68.0,62.55,32.0,Low
2391,Female,Group A,Some college,Standard,,7.0,82.0,31.0,94.64,40.0,Low
2392,Female,Group A,Master's degree,Free/Reduced,Completed,34.0,4.0,47.0,72.45,28.333333333333332,Low
2393,Female,Group B,Some college,Free/Reduced,,84.0,98.0,1.0,63.55,61.0,Medium
2394,Male,Group B,Master's degree,Standard,Completed,49.0,24.0,68.0,90.39,47.0,Low
2395,Male,Group E,Master's degree,Standard,Completed,45.0,49.0,96.0,80.98,63.333333333333336,Medium
2396,Female,Group D,Associate degree,Standard,,10.0,72.0,50.0,72.27,44.0,Low
2397,Female,Group D,Master's degree,Free/Reduced,Completed,60.0,70.0,34.0,76.24,54.666666666666664,Medium
2398,Male,Group A,Bachelor's degree,Free/Reduced,Completed,43.0,51.0,82.0,60.86,58.666666666666664,Medium
2399,Male,Group C,High school,Standard,,10.0,1.0,14.0,86.51,8.333333333333334,Low
2400,Female,Group B,Associate degree,Standard,Completed,10.0,9.0,98.0,74.63,39.0,Low
2401,Male,Group B,Bachelor's degree,Standard,Completed,21.0,1.0,71.0,88.56,31.0,Low
2402,Female,Group A,Master's degree,Free/Reduced,,84.0,59.0,64.0,85.13,69.0,Medium
2403,Male,Group B,Master's degree,Standard,,90.0,44.0,37.0,86.05,57.0,Medium
2404,Male,Group A,Some college,Free/Reduced,Completed,49.0,7.0,85.0,91.72,47.0,Low
2405,Male,Group E,Some college,Free/Reduced,Completed,61.0,57.0,16.0,85.25,44.666666666666664,Low
2406,Male,Group D,Master's degree,Standard,Completed,47.0,6.0,79.0,76.75,44.0,Low
2407,Female,Group C,Master's degree,Free/Reduced,Completed,93.0,98.0,44.0,75.6,78.33333333333333,High
2408,Male,Group D,Some college,Free/Reduced,Completed,62.0,86.0,0.0,64.78,49.333333333333336,Low
2409,Male,Group D,Bachelor's degree,Standard,,50.0,71.0,2.0,91.18,41.0,Low
2410,Female,Group E,High school,Standard,Completed,44.0,20.0,69.0,90.44,44.333333333333336,Low
2411,Male,Group B,Some college,Standard,,32.0,96.0,51.0,69.85,59.666666666666664,Medium
2412,Male,Group C,Bachelor's degree,Standard,,84.0,46.0,52.0,94.51,60.666666666666664,Medium
2413,Female,Group B,Bachelor's degree,Standard,,59.0,0.0,2.0,83.56,20.333333333333332,Low
2414,Male,Group D,Bachelor's degree,Standard,,1.0,11.0,93.0,79.15,35.0,Low
2415,Female,Group A,Associate degree,Standard,Completed,12.0,74.0,46.0,60.7,44.0,Low
2416,Female,Group D,Associate degree,Free/Reduced,Completed,65.0,47.0,74.0,75.31,62.0,Medium
2417,Female,Group B,Bachelor's degree,Standard,Completed,56.0,93.0,90.0,85.63,79.66666666666667,High
2418,Female,Group D,Master's degree,Standard,,42.0,3.0,85.0,63.59,43.333333333333336,Low
2419,Male,Group A,Associate degree,Standard,,49.0,33.0,50.0,78.38,44.0,Low
2420,Female,Group E,Some college,Standard,Completed,30.0,86.0,45.0,99.74,53.666666666666664,Medium
2421,Male,Group B,Associate degree,Standard,,9.0,31.0,94.0,88.66,44.666666666666664,Low
2422,Male,Group D,Master's degree,Standard,Completed,22.0,2.0,60.0,81.87,28.0,Low
2423,Male,Group B,High school,Free/Reduced,,85.0,51.0,42.0,81.32,59.333333333333336,Medium
2424,Male,Group E,Associate degree,Standard,,28.0,67.0,55.0,61.75,50.0,Medium
2425,Male,Group D,Bachelor's degree,Free/Reduced,,96.0,56.0,69.0,98.29,73.66666666666667,Medium
2426,Male,Group D,Bachelor's degree,Standard,,30.0,75.0,19.0,97.13,41.333333333333336,Low
2427,Male,Group B,Bachelor's degree,Free/Reduced,,77.0,23.0,46.0,87.3,48.666666666666664,Low
2428,Male,Group B,High school,Free/Reduced,,73.0,32.0,53.0,63.96,52.666666666666664,Medium
2429,Male,Group A,Master's degree,Free/Reduced,,17.0,2.0,40.0,68.31,19.666666666666668,Low
2430,Male,Group E,Some college,Standard,Completed,10.0,51.0,74.0,67.36,45.0,Low
2431,Female,Group A,Master's degree,Standard,Completed,46.0,51.0,65.0,80.78,54.0,Medium
2432,Female,Group D,High school,Standard,,2.0,51.0,30.0,68.31,27.666666666666668,Low
2433,Female,Group B,Bachelor's degree,Standard,,1.0,48.0,63.0,87.83,37.333333333333336,Low
2434,Male,Group D,Master's degree,Standard,Completed,53.0,29.0,89.0,81.81,57.0,Medium
2435,Female,Group D,Some college,Standard,,71.0,71.0,90.0,60.71,77.33333333333333,High
2436,Female,Group C,Bachelor's degree,Free/Reduced,Completed,30.0,81.0,50.0,89.76,53.666666666666664,Medium
2437,Female,Group C,Some college,Free/Reduced,Completed,7.0,15.0,54.0,67.55,25.333333333333332,Low
2438,Male,Group D,Master's degree,Free/Reduced,Completed,42.0,52.0,45.0,93.0,46.333333333333336,Low
2439,Male,Group B,Some college,Standard,Completed,47.0,5.0,94.0,74.2,48.666666666666664,Low
2440,Male,Group D,Bachelor's degree,Standard,Completed,1.0,51.0,23.0,73.54,25.0,Low
2441,Male,Group C,Associate degree,Free/Reduced,,21.0,91.0,76.0,60.47,62.666666666666664,Medium
2442,Female,Group B,Bachelor's degree,Standard,,4.0,95.0,88.0,99.51,62.333333333333336,Medium
2443,Female,Group D,Bachelor's degree,Standard,Completed,6.0,88.0,36.0,84.48,43.333333333333336,Low
2444,Female,Group E,Associate degree,Standard,,19.0,27.0,40.0,76.91,28.666666666666668,Low
2445,Female,Group E,Some college,Free/Reduced,Completed,91.0,20.0,24.0,63.86,45.0,Low
2446,Male,Group D,High school,Free/Reduced,,76.0,7.0,50.0,87.97,44.333333333333336,Low
2447,Male,Group B,High school,Standard,,1.0,35.0,30.0,71.31,22.0,Low
2448,Male,Group D,High school,Free/Reduced,,31.0,8.0,1.0,99.53,13.333333333333334,Low
2449,Female,Group D,High school,Free/Reduced,,89.0,39.0,11.0,98.02,46.333333333333336,Low
2450,Male,Group C,Master's degree,Standard,,2.0,84.0,4.0,89.41,30.0,Low
2451,Male,Group E,High school,Standard,,40.0,50.0,60.0,98.84,50.0,Medium
2452,Female,Group C,Associate degree,Free/Reduced,,41.0,0.0,90.0,64.23,43.666666666666664,Low
2453,Female,Group C,High school,Free/Reduced,,76.0,62.0,50.0,71.2,62.666666666666664,Medium
2454,Male,Group D,Bachelor's degree,Standard,Completed,84.0,67.0,97.0,70.13,82.66666666666667,High
2455,Male,Group C,High school,Standard,Completed,44.0,73.0,77.0,62.88,64.66666666666667,Medium
2456,Male,Group E,Some college,Standard,,100.0,25.0,70.0,98.89,65.0,Medium
2457,Male,Group C,Associate degree,Free/Reduced,,86.0,39.0,36.0,62.4,53.666666666666664,Medium
2458,Male,Group E,Associate degree,Free/Reduced,,70.0,2.0,35.0,94.27,35.666666666666664,Low
2459,Male,Group C,Master's degree,Standard,Completed,16.0,8.0,73.0,90.73,32.333333333333336,Low
2460,Female,Group E,Bachelor's degree,Standard,,49.0,31.0,28.0,75.03,36.0,Low
2461,Female,Group C,Associate degree,Standard,,46.0,66.0,79.0,60.75,63.666666666666664,Medium
2462,Female,Group C,Some college,Standard,Completed,93.0,3.0,37.0,60.24,44.333333333333336,Low
2463,Male,Group B,Master's degree,Free/Reduced,Completed,68.0,5.0,84.0,68.16,52.333333333333336,Medium
2464,Female,Group E,Associate degree,Standard,Completed,23.0,72.0,40.0,79.76,45.0,Low
2465,Male,Group E,Some college,Standard,,70.0,25.0,32.0,78.32,42.333333333333336,Low
2466,Male,Group E,High school,Free/Reduced,Completed,33.0,1.0,92.0,83.41,42.0,Low
2467,Female,Group A,Master's degree,Standard,,49.0,65.0,80.0,90.88,64.66666666666667,Medium
2468,Male,Group C,Associate degree,Free/Reduced,Completed,49.0,84.0,12.0,75.09,48.333333333333336,Low
2469,Male,Group E,Associate degree,Free/Reduced,,32.0,85.0,5.0,66.41,40.666666666666664,Low
2470,Female,Group A,Some college,Free/Reduced,,26.0,2.0,65.0,92.0,31.0,Low
2471,Female,Group B,Bachelor's degree,Standard,,77.0,34.0,7.0,73.31,39.333333333333336,Low
2472,Female,Group E,Master's degree,Free/Reduced,Completed,58.0,58.0,63.0,71.48,59.666666666666664,Medium
2473,Male,Group E,Bachelor's degree,Standard,,18.0,37.0,95.0,90.57,50.0,Medium
2474,Female,Group A,Associate degree,Free/Reduced,,75.0,32.0,99.0,97.37,68.66666666666667,Medium
2475,Female,Group C,Bachelor's degree,Free/Reduced,,2.0,14.0,8.0,96.6,8.0,Low
2476,Male,Group B,High school,Free/Reduced,Completed,70.0,74.0,22.0,65.5,55.333333333333336,Medium
2477,Female,Group E,Master's degree,Standard,,98.0,73.0,70.0,80.13,80.33333333333333,High
2478,Female,Group C,Bachelor's degree,Standard,,24.0,99.0,94.0,63.71,72.33333333333333,Medium
2479,Female,Group B,High school,Free/Reduced,,14.0,13.0,20.0,98.44,15.666666666666666,Low
2480,Male,Group D,Some college,Standard,,82.0,65.0,0.0,68.61,49.0,Low
2481,Male,Group D,Bachelor's degree,Free/Reduced,Completed,59.0,44.0,45.0,67.9,49.333333333333336,Low
2482,Male,Group B,Master's degree,Free/Reduced,,82.0,47.0,61.0,95.56,63.333333333333336,Medium
2483,Male,Group A,High school,Free/Reduced,Completed,22.0,43.0,1.0,98.71,22.0,Low
2484,Female,Group B,Bachelor's degree,Free/Reduced,Completed,10.0,36.0,74.0,87.91,40.0,Low
2485,Male,Group B,Some college,Standard,,58.0,28.0,50.0,64.84,45.333333333333336,Low
2486,Male,Group A,Bachelor's degree,Free/Reduced,Completed,84.0,98.0,81.0,79.43,87.66666666666667,High
2487,Female,Group A,High school,Standard,Completed,33.0,51.0,43.0,92.66,42.333333333333336,Low
2488,Female,Group C,Bachelor's degree,Free/Reduced,Completed,6.0,84.0,87.0,82.9,59.0,Medium
2489,Female,Group C,Master's degree,Free/Reduced,,43.0,33.0,82.0,65.3,52.666666666666664,Medium
2490,Male,Group A,Associate degree,Free/Reduced,Completed,90.0,58.0,4.0,66.88,50.666666666666664,Medium
2491,Male,Group D,High school,Free/Reduced,Completed,63.0,42.0,92.0,94.57,65.66666666666667,Medium
2492,Male,Group D,High school,Free/Reduced,,22.0,32.0,38.0,81.08,30.666666666666668,Low
2493,Female,Group B,High school,Standard,,57.0,18.0,65.0,88.23,46.666666666666664,Low
2494,Female,Group E,High school,Standard,Completed,19.0,7.0,80.0,74.92,35.333333333333336,Low
2495,Male,Group B,Bachelor's degree,Free/Reduced,Completed,26.0,30.0,44.0,81.3,33.333333333333336,Low
2496,Female,Group B,Master's degree,Standard,Completed,59.0,10.0,50.0,99.08,39.666666666666664,Low
2497,Female,Group E,Some college,Standard,,7.0,7.0,100.0,73.19,38.0,Low
2498,Female,Group A,Master's degree,Free/Reduced,Completed,100.0,24.0,12.0,86.99,45.333333333333336,Low
2499,Male,Group D,High school,Free/Reduced,,66.0,19.0,92.0,66.9,59.0,Medium
2500,Female,Group B,Bachelor's degree,Free/Reduced,Completed,1.0,37.0,31.0,64.87,23.0,Low
2501,Female,Group E,Master's degree,Free/Reduced,Completed,21.0,6.0,42.0,91.35,23.0,Low
2502,Male,Group C,High school,Standard,,69.0,76.0,7.0,93.76,50.666666666666664,Medium
2503,Male,Group B,Bachelor's degree,Standard,Completed,35.0,38.0,73.0,86.73,48.666666666666664,Low
2504,Female,Group D,High school,Standard,,23.0,73.0,88.0,66.33,61.333333333333336,Medium
2505,Female,Group A,Master's degree,Standard,Completed,11.0,71.0,58.0,69.62,46.666666666666664,Low
2506,Male,Group B,Associate degree,Free/Reduced,,80.0,19.0,10.0,96.45,36.333333333333336,Low
2507,Male,Group B,Bachelor's degree,Free/Reduced,,21.0,80.0,27.0,71.55,42.666666666666664,Low
2508,Female,Group E,High school,Free/Reduced,Completed,82.0,10.0,50.0,92.75,47.333333333333336,Low
2509,Female,Group C,High school,Free/Reduced,,72.0,15.0,38.0,71.44,41.666666666666664,Low
2510,Female,Group C,Master's degree,Standard,Completed,75.0,100.0,25.0,97.58,66.66666666666667,Medium
2511,Female,Group A,Some college,Standard,,95.0,41.0,71.0,96.58,69.0,Medium
2512,Male,Group D,High school,Free/Reduced,,94.0,51.0,25.0,61.73,56.666666666666664,Medium
2513,Female,Group A,Bachelor's degree,Standard,,80.0,89.0,31.0,90.82,66.66666666666667,Medium
2514,Female,Group B,High school,Standard,Completed,22.0,51.0,45.0,66.78,39.333333333333336,Low
2515,Male,Group B,Some college,Free/Reduced,,49.0,36.0,27.0,68.61,37.333333333333336,Low
2516,Female,Group C,Associate degree,Standard,,62.0,51.0,6.0,78.39,39.666666666666664,Low
2517,Male,Group D,Some college,Free/Reduced,,29.0,8.0,50.0,83.05,29.0,Low
2518,Female,Group E,Master's degree,Standard,Completed,18.0,34.0,65.0,73.03,39.0,Low
2519,Female,Group D,Bachelor's degree,Standard,Completed,25.0,66.0,21.0,83.02,37.333333333333336,Low
2520,Male,Group B,Some college,Free/Reduced,,89.0,94.0,21.0,66.83,68.0,Medium
2521,Male,Group E,Associate degree,Free/Reduced,,49.0,6.0,2.0,60.89,19.0,Low
2522,Female,Group D,High school,Free/Reduced,Completed,19.0,1.0,45.0,82.85,21.666666666666668,Low
2523,Female,Group D,Bachelor's degree,Standard,,55.0,24.0,50.0,80.7,43.0,Low
2524,Female,Group E,Some college,Free/Reduced,,44.0,75.0,7.0,87.59,42.0,Low
2525,Male,Group B,Associate degree,Standard,,67.0,93.0,3.0,85.99,54.333333333333336,Medium
2526,Female,Group D,Some college,Free/Reduced,,46.0,93.0,14.0,95.9,51.0,Medium
2527,Male,Group E,Master's degree,Standard,,75.0,92.0,43.0,78.38,70.0,Medium
2528,Male,Group B,Bachelor's degree,Free/Reduced,,88.0,40.0,38.0,60.33,55.333333333333336,Medium
2529,Female,Group E,High school,Free/Reduced,Completed,49.0,74.0,50.0,85.23,57.666666666666664,Medium
2530,Male,Group E,Associate degree,Standard,,9.0,51.0,28.0,87.01,29.333333333333332,Low
2531,Female,Group D,Some college,Standard,,21.0,86.0,72.0,80.86,59.666666666666664,Medium
2532,Female,Group B,Bachelor's degree,Free/Reduced,Completed,70.0,80.0,61.0,87.57,70.33333333333333,Medium
2533,Female,Group D,Some college,Standard,Completed,23.0,76.0,83.0,72.94,60.666666666666664,Medium
2534,Female,Group A,Bachelor's degree,Free/Reduced,Completed,65.0,96.0,33.0,65.95,64.66666666666667,Medium
2535,Female,Group A,Master's degree,Standard,Completed,95.0,64.0,25.0,86.58,61.333333333333336,Medium
2536,Male,Group B,Some college,Standard,,84.0,51.0,84.0,69.81,73.0,Medium
2537,Male,Group E,Master's degree,Free/Reduced,Completed,60.0,37.0,86.0,78.25,61.0,Medium
2538,Female,Group D,Associate degree,Free/Reduced,,6.0,66.0,17.0,79.66,29.666666666666668,Low
2539,Female,Group D,Master's degree,Standard,Completed,71.0,79.0,62.0,79.09,70.66666666666667,Medium
2540,Male,Group B,Bachelor's degree,Standard,Completed,37.0,41.0,51.0,83.94,43.0,Low
2541,Male,Group B,Associate degree,Standard,Completed,20.0,51.0,50.0,61.18,40.333333333333336,Low
2542,Male,Group A,Some college,Standard,,7.0,53.0,87.0,99.59,49.0,Low
2543,Male,Group C,Some college,Free/Reduced,Completed,88.0,66.0,41.0,88.65,65.0,Medium
2544,Female,Group B,Bachelor's degree,Free/Reduced,Completed,27.0,51.0,92.0,77.02,56.666666666666664,Medium
2545,Female,Group C,High school,Standard,Completed,91.0,51.0,53.0,67.65,65.0,Medium
2546,Male,Group B,High school,Free/Reduced,,53.0,79.0,51.0,63.21,61.0,Medium
2547,Female,Group E,Some college,Standard,,30.0,3.0,12.0,86.89,15.0,Low
2548,Male,Group E,Bachelor's degree,Standard,Completed,99.0,51.0,31.0,72.68,60.333333333333336,Medium
2549,Female,Group A,High school,Standard,,88.0,12.0,50.0,69.18,50.0,Medium
2550,Male,Group A,Master's degree,Free/Reduced,Completed,40.0,51.0,80.0,75.2,57.0,Medium
2551,Female,Group C,Some college,Standard,,36.0,58.0,65.0,83.72,53.0,Medium
2552,Male,Group B,Master's degree,Free/Reduced,Completed,37.0,64.0,81.0,86.87,60.666666666666664,Medium
2553,Male,Group D,Bachelor's degree,Free/Reduced,,49.0,63.0,57.0,85.81,56.333333333333336,Medium
2554,Female,Group A,Master's degree,Standard,Completed,75.0,24.0,38.0,94.53,45.666666666666664,Low
2555,Male,Group D,High school,Free/Reduced,,36.0,36.0,26.0,68.75,32.666666666666664,Low
2556,Female,Group D,High school,Standard,,100.0,74.0,77.0,85.47,83.66666666666667,High
2557,Female,Group B,Associate degree,Standard,Completed,30.0,72.0,50.0,64.04,50.666666666666664,Medium
2558,Male,Group C,Some college,Free/Reduced,Completed,61.0,70.0,78.0,81.92,69.66666666666667,Medium
2559,Female,Group B,Bachelor's degree,Standard,,17.0,13.0,71.0,83.36,33.666666666666664,Low
2560,Female,Group A,Some college,Free/Reduced,Completed,89.0,93.0,72.0,68.65,84.66666666666667,High
2561,Female,Group D,Master's degree,Free/Reduced,Completed,5.0,23.0,84.0,75.67,37.333333333333336,Low
2562,Female,Group B,Bachelor's degree,Free/Reduced,Completed,8.0,66.0,42.0,93.09,38.666666666666664,Low
2563,Female,Group B,Master's degree,Standard,Completed,10.0,47.0,98.0,65.94,51.666666666666664,Medium
2564,Male,Group B,High school,Free/Reduced,,94.0,90.0,51.0,77.38,78.33333333333333,High
2565,Female,Group A,Master's degree,Standard,Completed,1.0,64.0,13.0,97.31,26.0,Low
2566,Female,Group C,High school,Standard,,28.0,51.0,90.0,80.16,56.333333333333336,Medium
2567,Female,Group B,High school,Free/Reduced,,50.0,89.0,7.0,89.01,48.666666666666664,Low
2568,Female,Group A,Associate degree,Free/Reduced,Completed,68.0,69.0,34.0,93.07,57.0,Medium
2569,Female,Group D,High school,Standard,Completed,22.0,58.0,17.0,68.15,32.333333333333336,Low
2570,Male,Group E,Some college,Free/Reduced,,99.0,11.0,54.0,68.73,54.666666666666664,Medium
2571,Female,Group A,Bachelor's degree,Free/Reduced,Completed,6.0,53.0,77.0,90.34,45.333333333333336,Low
2572,Male,Group E,High school,Free/Reduced,Completed,55.0,50.0,51.0,90.13,52.0,Medium
2573,Male,Group B,Some college,Standard,,76.0,37.0,71.0,62.41,61.333333333333336,Medium
2574,Male,Group B,Master's degree,Free/Reduced,,61.0,45.0,48.0,72.9,51.333333333333336,Medium
2575,Male,Group A,Bachelor's degree,Standard,,73.0,98.0,7.0,75.94,59.333333333333336,Medium
2576,Female,Group E,Master's degree,Standard,Completed,99.0,9.0,36.0,93.16,48.0,Low
2577,Male,Group B,Some college,Free/Reduced,Completed,79.0,8.0,65.0,76.87,50.666666666666664,Medium
2578,Male,Group D,Master's degree,Free/Reduced,,14.0,86.0,80.0,97.04,60.0,Medium
2579,Female,Group C,Master's degree,Standard,,52.0,93.0,76.0,99.86,73.66666666666667,Medium
2580,Female,Group C,Master's degree,Standard,Completed,42.0,51.0,77.0,91.23,56.666666666666664,Medium
2581,Female,Group B,High school,Free/Reduced,Completed,82.0,51.0,40.0,86.66,57.666666666666664,Medium
2582,Male,Group E,High school,Standard,Completed,84.0,21.0,72.0,75.68,59.0,Medium
2583,Female,Group B,High school,Free/Reduced,,34.0,72.0,26.0,62.68,44.0,Low
2584,Female,Group E,Bachelor's degree,Standard,Completed,78.0,82.0,19.0,82.93,59.666666666666664,Medium
2585,Male,Group D,Some college,Free/Reduced,Completed,13.0,71.0,37.0,74.47,40.333333333333336,Low
2586,Female,Group E,High school,Standard,,92.0,51.0,11.0,74.04,51.333333333333336,Medium
2587,Female,Group B,Master's degree,Free/Reduced,Completed,68.0,4.0,41.0,87.51,37.666666666666664,Low
2588,Female,Group D,Master's degree,Free/Reduced,,48.0,82.0,85.0,78.55,71.66666666666667,Medium
2589,Female,Group A,Master's degree,Standard,Completed,17.0,81.0,100.0,90.08,66.0,Medium
2590,Male,Group C,Master's degree,Free/Reduced,,49.0,28.0,49.0,75.93,42.0,Low
2591,Female,Group B,Associate degree,Standard,,0.0,51.0,30.0,66.03,27.0,Low
2592,Female,Group B,Bachelor's degree,Standard,,26.0,5.0,76.0,78.45,35.666666666666664,Low
2593,Male,Group B,Some college,Standard,Completed,63.0,68.0,64.0,98.04,65.0,Medium
2594,Female,Group D,Some college,Standard,Completed,49.0,57.0,52.0,92.06,52.666666666666664,Medium
2595,Male,Group A,High school,Free/Reduced,Completed,90.0,42.0,39.0,68.23,57.0,Medium
2596,Female,Group E,Associate degree,Standard,Completed,88.0,68.0,72.0,75.65,76.0,High
2597,Male,Group A,Master's degree,Standard,,40.0,71.0,38.0,97.11,49.666666666666664,Low
2598,Male,Group D,Bachelor's degree,Standard,Completed,20.0,90.0,9.0,64.95,39.666666666666664,Low
2599,Male,Group B,Master's degree,Free/Reduced,Completed,13.0,36.0,28.0,70.16,25.666666666666668,Low
2600,Male,Group C,High school,Standard,,19.0,57.0,39.0,70.49,38.333333333333336,Low
2601,Female,Group B,Bachelor's degree,Free/Reduced,,91.0,36.0,29.0,82.84,52.0,Medium
2602,Male,Group E,Some college,Free/Reduced,,84.0,81.0,1.0,76.43,55.333333333333336,Medium
2603,Female,Group C,Associate degree,Standard,,86.0,51.0,81.0,63.19,72.66666666666667,Medium
2604,Male,Group B,High school,Free/Reduced,Completed,10.0,41.0,27.0,85.17,26.0,Low
2605,Male,Group C,Some college,Standard,,65.0,15.0,46.0,63.96,42.0,Low
2606,Male,Group A,High school,Free/Reduced,Completed,49.0,21.0,31.0,84.26,33.666666666666664,Low
2607,Female,Group D,Some college,Free/Reduced,Completed,23.0,22.0,87.0,80.28,44.0,Low
2608,Male,Group B,Master's degree,Standard,,88.0,46.0,77.0,79.75,70.33333333333333,Medium
2609,Female,Group E,Associate degree,Free/Reduced,,36.0,66.0,88.0,62.7,63.333333333333336,Medium
2610,Female,Group A,Master's degree,Standard,,85.0,2.0,88.0,85.57,58.333333333333336,Medium
2611,Female,Group B,Some college,Free/Reduced,,23.0,11.0,31.0,77.25,21.666666666666668,Low
2612,Female,Group A,Bachelor's degree,Standard,,14.0,22.0,26.0,76.44,20.666666666666668,Low
2613,Female,Group E,Master's degree,Standard,Completed,11.0,10.0,53.0,83.86,24.666666666666668,Low
2614,Female,Group B,Bachelor's degree,Standard,,94.0,51.0,95.0,84.25,80.0,High
2615,Female,Group E,Some college,Standard,Completed,63.0,49.0,55.0,60.6,55.666666666666664,Medium
2616,Female,Group C,Associate degree,Free/Reduced,,30.0,56.0,30.0,65.01,38.666666666666664,Low
2617,Female,Group E,Bachelor's degree,Standard,Completed,52.0,63.0,23.0,69.46,46.0,Low
2618,Male,Group C,Some college,Standard,Completed,93.0,45.0,34.0,87.12,57.333333333333336,Medium
2619,Male,Group B,Bachelor's degree,Standard,Completed,83.0,28.0,29.0,83.07,46.666666666666664,Low
2620,Male,Group C,Master's degree,Standard,,71.0,69.0,96.0,90.31,78.66666666666667,High
2621,Male,Group B,Some college,Free/Reduced,,43.0,45.0,54.0,89.62,47.333333333333336,Low
2622,Male,Group B,Master's degree,Standard,,29.0,15.0,63.0,94.13,35.666666666666664,Low
2623,Female,Group D,High school,Free/Reduced,Completed,34.0,97.0,32.0,75.07,54.333333333333336,Medium
2624,Female,Group B,Some college,Standard,Completed,20.0,50.0,45.0,73.8,38.333333333333336,Low
2625,Female,Group C,Master's degree,Standard,,62.0,100.0,90.0,93.24,84.0,High
2626,Female,Group D,High school,Standard,,91.0,10.0,96.0,69.5,65.66666666666667,Medium
2627,Female,Group D,Master's degree,Standard,Completed,16.0,51.0,32.0,78.45,33.0,Low
2628,Female,Group B,Master's degree,Standard,Completed,11.0,62.0,67.0,67.77,46.666666666666664,Low
2629,Female,Group E,Bachelor's degree,Standard,,17.0,52.0,63.0,96.55,44.0,Low
2630,Male,Group E,High school,Free/Reduced,,91.0,88.0,29.0,76.31,69.33333333333333,Medium
2631,Male,Group D,Associate degree,Free/Reduced,,59.0,57.0,78.0,68.5,64.66666666666667,Medium
2632,Male,Group B,Bachelor's degree,Standard,Completed,66.0,18.0,28.0,87.68,37.333333333333336,Low
2633,Male,Group E,Master's degree,Standard,Completed,14.0,31.0,50.0,69.79,31.666666666666668,Low
2634,Female,Group B,Some college,Standard,,15.0,49.0,91.0,97.74,51.666666666666664,Medium
2635,Female,Group B,High school,Free/Reduced,,21.0,71.0,95.0,74.7,62.333333333333336,Medium
2636,Female,Group D,Associate degree,Standard,,94.0,54.0,99.0,86.59,82.33333333333333,High
2637,Male,Group D,Some college,Free/Reduced,,62.0,75.0,29.0,73.81,55.333333333333336,Medium
2638,Female,Group A,High school,Free/Reduced,,30.0,40.0,11.0,92.29,27.0,Low
2639,Female,Group E,Bachelor's degree,Free/Reduced,Completed,0.0,98.0,66.0,95.88,54.666666666666664,Medium
2640,Female,Group E,Bachelor's degree,Free/Reduced,,74.0,69.0,14.0,91.52,52.333333333333336,Medium
2641,Male,Group E,High school,Free/Reduced,Completed,5.0,20.0,9.0,93.94,11.333333333333334,Low
2642,Female,Group C,Associate degree,Standard,Completed,86.0,25.0,85.0,64.08,65.33333333333333,Medium
2643,Male,Group B,High school,Free/Reduced,Completed,8.0,0.0,60.0,96.96,22.666666666666668,Low
2644,Male,Group D,Some college,Free/Reduced,Completed,49.0,80.0,22.0,84.97,50.333333333333336,Medium
2645,Male,Group E,Some college,Standard,Completed,79.0,51.0,10.0,94.77,46.666666666666664,Low
2646,Male,Group A,Bachelor's degree,Standard,Completed,61.0,26.0,50.0,87.38,45.666666666666664,Low
2647,Female,Group E,Master's degree,Free/Reduced,Completed,57.0,49.0,48.0,68.07,51.333333333333336,Medium
2648,Male,Group B,Bachelor's degree,Standard,Completed,18.0,65.0,79.0,84.38,54.0,Medium
2649,Male,Group B,Associate degree,Standard,,12.0,99.0,13.0,63.64,41.333333333333336,Low
2650,Female,Group D,Some college,Standard,,31.0,64.0,5.0,87.83,33.333333333333336,Low
2651,Female,Group C,Master's degree,Free/Reduced,,99.0,9.0,41.0,76.36,49.666666666666664,Low
2652,Male,Group D,Master's degree,Free/Reduced,,8.0,94.0,16.0,66.07,39.333333333333336,Low
2653,Female,Group E,High school,Standard,,48.0,36.0,50.0,99.17,44.666666666666664,Low
2654,Male,Group A,High school,Standard,Completed,36.0,68.0,41.0,96.04,48.333333333333336,Low
2655,Male,Group D,Master's degree,Free/Reduced,Completed,30.0,40.0,9.0,95.74,26.333333333333332,Low
2656,Male,Group C,High school,Free/Reduced,Completed,30.0,45.0,45.0,91.55,40.0,Low
2657,Male,Group D,Some college,Standard,Completed,58.0,76.0,83.0,87.68,72.33333333333333,Medium
2658,Female,Group B,Associate degree,Free/Reduced,Completed,54.0,44.0,48.0,86.2,48.666666666666664,Low
2659,Male,Group E,Associate degree,Free/Reduced,,18.0,87.0,8.0,64.24,37.666666666666664,Low
2660,Female,Group E,Bachelor's degree,Standard,,62.0,26.0,78.0,96.02,55.333333333333336,Medium
2661,Female,Group E,Some college,Standard,Completed,1.0,64.0,38.0,95.25,34.333333333333336,Low
2662,Female,Group E,High school,Free/Reduced,,44.0,83.0,1.0,89.91,42.666666666666664,Low
2663,Female,Group E,High school,Free/Reduced,,95.0,7.0,67.0,97.09,56.333333333333336,Medium
2664,Male,Group E,Bachelor's degree,Free/Reduced,,42.0,66.0,51.0,82.12,53.0,Medium
2665,Female,Group A,Bachelor's degree,Standard,,97.0,48.0,50.0,77.91,65.0,Medium
2666,Male,Group C,High school,Standard,,0.0,95.0,81.0,98.72,58.666666666666664,Medium
2667,Female,Group E,High school,Standard,Completed,84.0,88.0,10.0,78.57,60.666666666666664,Medium
2668,Female,Group C,Some college,Standard,,60.0,88.0,36.0,85.65,61.333333333333336,Medium
2669,Male,Group E,Bachelor's degree,Free/Reduced,,2.0,13.0,89.0,74.92,34.666666666666664,Low
2670,Male,Group D,Some college,Standard,Completed,90.0,61.0,71.0,85.45,74.0,Medium
2671,Male,Group E,High school,Standard,Completed,43.0,42.0,21.0,88.8,35.333333333333336,Low
2672,Female,Group B,Master's degree,Free/Reduced,Completed,6.0,26.0,51.0,84.99,27.666666666666668,Low
2673,Female,Group A,Master's degree,Standard,Completed,32.0,95.0,4.0,80.58,43.666666666666664,Low
2674,Male,Group D,High school,Free/Reduced,Completed,8.0,26.0,50.0,72.0,28.0,Low
2675,Male,Group D,Bachelor's degree,Standard,Completed,29.0,67.0,4.0,85.75,33.333333333333336,Low
2676,Male,Group B,Master's degree,Free/Reduced,Completed,17.0,74.0,98.0,96.34,63.0,Medium
2677,Male,Group E,Bachelor's degree,Free/Reduced,Completed,55.0,47.0,31.0,60.28,44.333333333333336,Low
2678,Female,Group A,Master's degree,Free/Reduced,,89.0,66.0,18.0,65.36,57.666666666666664,Medium
2679,Male,Group D,Bachelor's degree,Standard,Completed,83.0,24.0,3.0,64.79,36.666666666666664,Low
2680,Male,Group A,Master's degree,Free/Reduced,Completed,30.0,63.0,86.0,96.93,59.666666666666664,Medium
2681,Male,Group D,Bachelor's degree,Standard,,71.0,23.0,45.0,86.51,46.333333333333336,Low
2682,Male,Group E,Some college,Standard,Completed,62.0,8.0,82.0,98.07,50.666666666666664,Medium
2683,Female,Group D,Bachelor's degree,Standard,Completed,86.0,7.0,25.0,83.31,39.333333333333336,Low
2684,Male,Group D,Some college,Standard,Completed,49.0,94.0,49.0,78.47,64.0,Medium
2685,Female,Group C,Master's degree,Standard,Completed,88.0,58.0,25.0,91.69,57.0,Medium
2686,Male,Group E,High school,Standard,,0.0,16.0,70.0,66.44,28.666666666666668,Low
2687,Male,Group B,Some college,Free/Reduced,,81.0,42.0,50.0,75.25,57.666666666666664,Medium
2688,Female,Group B,Associate degree,Free/Reduced,Completed,18.0,94.0,96.0,78.65,69.33333333333333,Medium
2689,Male,Group E,Master's degree,Standard,,63.0,67.0,43.0,71.94,57.666666666666664,Medium
2690,Female,Group B,Bachelor's degree,Standard,,52.0,3.0,25.0,74.85,26.666666666666668,Low
2691,Female,Group E,Some college,Standard,,5.0,100.0,60.0,63.12,55.0,Medium
2692,Male,Group B,Bachelor's degree,Standard,,16.0,7.0,87.0,67.92,36.666666666666664,Low
2693,Female,Group C,Master's degree,Standard,,45.0,41.0,50.0,73.42,45.333333333333336,Low
2694,Female,Group B,Associate degree,Free/Reduced,,71.0,48.0,58.0,91.84,59.0,Medium
2695,Female,Group D,Some college,Free/Reduced,Completed,72.0,5.0,86.0,67.3,54.333333333333336,Medium
2696,Female,Group E,Some college,Standard,Completed,100.0,72.0,37.0,73.87,69.66666666666667,Medium
2697,Female,Group A,Master's degree,Standard,,54.0,41.0,25.0,62.6,40.0,Low
2698,Female,Group A,Master's degree,Free/Reduced,,90.0,71.0,44.0,82.28,68.33333333333333,Medium
2699,Female,Group E,High school,Standard,,99.0,31.0,30.0,84.45,53.333333333333336,Medium
2700,Female,Group C,Bachelor's degree,Standard,Completed,5.0,14.0,69.0,94.62,29.333333333333332,Low
2701,Male,Group B,Associate degree,Standard,Completed,69.0,81.0,44.0,92.76,64.66666666666667,Medium
2702,Male,Group C,Master's degree,Free/Reduced,Completed,67.0,86.0,30.0,71.42,61.0,Medium
2703,Female,Group A,Some college,Free/Reduced,Completed,85.0,68.0,60.0,65.48,71.0,Medium
2704,Male,Group E,High school,Standard,Completed,39.0,26.0,47.0,66.24,37.333333333333336,Low
2705,Female,Group E,Associate degree,Free/Reduced,Completed,90.0,96.0,44.0,98.76,76.66666666666667,High
2706,Female,Group C,Some college,Free/Reduced,,100.0,65.0,59.0,86.93,74.66666666666667,Medium
2707,Male,Group C,Some college,Standard,Completed,49.0,58.0,60.0,61.7,55.666666666666664,Medium
2708,Female,Group B,Bachelor's degree,Free/Reduced,Completed,8.0,27.0,51.0,65.47,28.666666666666668,Low
2709,Female,Group D,Bachelor's degree,Free/Reduced,Completed,10.0,23.0,51.0,79.43,28.0,Low
2710,Female,Group D,Master's degree,Free/Reduced,,19.0,50.0,75.0,68.31,48.0,Low
2711,Female,Group B,Master's degree,Free/Reduced,Completed,49.0,51.0,80.0,92.15,60.0,Medium
2712,Male,Group D,Some college,Free/Reduced,,57.0,30.0,61.0,82.93,49.333333333333336,Low
2713,Female,Group A,Some college,Free/Reduced,,77.0,74.0,25.0,84.51,58.666666666666664,Medium
2714,Female,Group D,Master's degree,Standard,Completed,25.0,49.0,66.0,78.51,46.666666666666664,Low
2715,Female,Group B,Master's degree,Standard,Completed,37.0,91.0,78.0,70.24,68.66666666666667,Medium
2716,Male,Group D,Some college,Standard,Completed,93.0,39.0,48.0,83.58,60.0,Medium
2717,Female,Group E,Associate degree,Free/Reduced,,35.0,67.0,87.0,88.68,63.0,Medium
2718,Male,Group C,Some college,Standard,Completed,98.0,15.0,50.0,74.84,54.333333333333336,Medium
2719,Male,Group A,Associate degree,Free/Reduced,,49.0,75.0,43.0,80.2,55.666666666666664,Medium
2720,Female,Group E,Associate degree,Free/Reduced,,5.0,85.0,35.0,93.59,41.666666666666664,Low
2721,Female,Group E,Some college,Standard,Completed,2.0,98.0,52.0,65.95,50.666666666666664,Medium
2722,Male,Group B,High school,Free/Reduced,Completed,64.0,62.0,43.0,81.81,56.333333333333336,Medium
2723,Female,Group C,Master's degree,Standard,Completed,63.0,55.0,90.0,73.94,69.33333333333333,Medium
2724,Male,Group C,Bachelor's degree,Free/Reduced,,57.0,51.0,21.0,88.11,43.0,Low
2725,Male,Group A,Some college,Standard,Completed,57.0,23.0,1.0,60.75,27.0,Low
2726,Female,Group B,Associate degree,Standard,,17.0,98.0,6.0,86.82,40.333333333333336,Low
2727,Female,Group A,Some college,Standard,Completed,22.0,27.0,15.0,64.12,21.333333333333332,Low
2728,Male,Group D,Master's degree,Standard,,95.0,92.0,87.0,62.59,91.33333333333333,High
2729,Male,Group E,Associate degree,Free/Reduced,Completed,28.0,84.0,93.0,88.98,68.33333333333333,Medium
2730,Male,Group A,Bachelor's degree,Standard,Completed,22.0,88.0,43.0,85.61,51.0,Medium
2731,Male,Group E,Bachelor's degree,Free/Reduced,,35.0,30.0,64.0,95.8,43.0,Low
2732,Female,Group B,Bachelor's degree,Standard,,69.0,14.0,90.0,80.79,57.666666666666664,Medium
2733,Female,Group D,High school,Standard,Completed,80.0,41.0,72.0,81.2,64.33333333333333,Medium
2734,Female,Group B,Associate degree,Standard,,81.0,98.0,70.0,88.28,83.0,High
2735,Female,Group D,Associate degree,Free/Reduced,,94.0,49.0,68.0,72.94,70.33333333333333,Medium
2736,Female,Group D,High school,Standard,,5.0,85.0,60.0,61.48,50.0,Medium
2737,Male,Group E,Associate degree,Standard,,33.0,4.0,29.0,69.2,22.0,Low
2738,Female,Group B,High school,Free/Reduced,Completed,43.0,47.0,41.0,69.52,43.666666666666664,Low
2739,Female,Group B,Some college,Standard,,43.0,12.0,90.0,73.43,48.333333333333336,Low
2740,Female,Group A,Master's degree,Free/Reduced,Completed,26.0,31.0,73.0,97.74,43.333333333333336,Low
2741,Female,Group B,Bachelor's degree,Standard,Completed,99.0,66.0,24.0,92.19,63.0,Medium
2742,Female,Group A,High school,Standard,Completed,51.0,78.0,81.0,97.44,70.0,Medium
2743,Male,Group C,High school,Standard,,41.0,51.0,70.0,99.94,54.0,Medium
2744,Male,Group C,High school,Free/Reduced,Completed,24.0,90.0,56.0,77.35,56.666666666666664,Medium
2745,Male,Group C,Some college,Standard,Completed,73.0,29.0,94.0,69.08,65.33333333333333,Medium
2746,Female,Group B,High school,Standard,Completed,38.0,5.0,31.0,82.4,24.666666666666668,Low
2747,Male,Group B,Master's degree,Standard,Completed,38.0,24.0,49.0,95.25,37.0,Low
2748,Male,Group A,Master's degree,Free/Reduced,Completed,11.0,27.0,74.0,78.63,37.333333333333336,Low
2749,Female,Group D,Bachelor's degree,Free/Reduced,,10.0,61.0,9.0,80.22,26.666666666666668,Low
2750,Female,Group A,Some college,Free/Reduced,Completed,2.0,21.0,21.0,65.38,14.666666666666666,Low
2751,Female,Group C,Master's degree,Free/Reduced,,21.0,67.0,94.0,76.82,60.666666666666664,Medium
2752,Male,Group A,Associate degree,Free/Reduced,Completed,3.0,14.0,40.0,75.48,19.0,Low
2753,Male,Group D,Associate degree,Free/Reduced,Completed,7.0,25.0,46.0,74.07,26.0,Low
2754,Female,Group B,Associate degree,Standard,,13.0,51.0,13.0,95.49,25.666666666666668,Low
2755,Female,Group A,High school,Standard,,83.0,17.0,2.0,62.37,34.0,Low
2756,Male,Group C,High school,Standard,Completed,87.0,72.0,87.0,98.89,82.0,High
2757,Male,Group C,Associate degree,Standard,Completed,13.0,62.0,77.0,60.33,50.666666666666664,Medium
2758,Female,Group B,Master's degree,Standard,Completed,91.0,61.0,52.0,97.82,68.0,Medium
2759,Female,Group A,Bachelor's degree,Free/Reduced,Completed,15.0,67.0,15.0,81.92,32.333333333333336,Low
2760,Male,Group D,High school,Free/Reduced,Completed,31.0,51.0,60.0,88.1,47.333333333333336,Low
2761,Female,Group B,Associate degree,Free/Reduced,,63.0,49.0,27.0,67.49,46.333333333333336,Low
2762,Male,Group A,Bachelor's degree,Standard,Completed,49.0,62.0,34.0,86.17,48.333333333333336,Low
2763,Male,Group E,High school,Free/Reduced,Completed,15.0,51.0,1.0,95.28,22.333333333333332,Low
2764,Male,Group C,Associate degree,Standard,,51.0,5.0,60.0,65.58,38.666666666666664,Low
2765,Male,Group D,Some college,Free/Reduced,,18.0,57.0,55.0,65.08,43.333333333333336,Low
2766,Female,Group D,Associate degree,Standard,Completed,68.0,50.0,97.0,72.16,71.66666666666667,Medium
2767,Female,Group D,Associate degree,Free/Reduced,,11.0,11.0,54.0,66.47,25.333333333333332,Low
2768,Male,Group C,Master's degree,Standard,,92.0,94.0,17.0,64.43,67.66666666666667,Medium
2769,Male,Group A,Master's degree,Free/Reduced,,4.0,46.0,70.0,87.13,40.0,Low
2770,Male,Group B,Some college,Standard,Completed,41.0,8.0,48.0,68.55,32.333333333333336,Low
2771,Male,Group A,Some college,Free/Reduced,Completed,16.0,6.0,41.0,86.68,21.0,Low
2772,Male,Group B,Associate degree,Standard,Completed,71.0,28.0,6.0,94.48,35.0,Low
2773,Female,Group D,Bachelor's degree,Standard,,93.0,77.0,3.0,86.08,57.666666666666664,Medium
2774,Female,Group A,Some college,Standard,Completed,9.0,51.0,42.0,64.77,34.0,Low
2775,Female,Group D,Associate degree,Standard,Completed,49.0,83.0,79.0,82.94,70.33333333333333,Medium
2776,Female,Group E,High school,Free/Reduced,,15.0,54.0,58.0,75.75,42.333333333333336,Low
2777,Male,Group D,Master's degree,Free/Reduced,Completed,15.0,95.0,48.0,73.73,52.666666666666664,Medium
2778,Male,Group D,Bachelor's degree,Free/Reduced,,41.0,58.0,59.0,72.74,52.666666666666664,Medium
2779,Male,Group B,Associate degree,Standard,,49.0,55.0,5.0,97.18,36.333333333333336,Low
2780,Male,Group E,High school,Free/Reduced,,22.0,21.0,19.0,89.7,20.666666666666668,Low
2781,Male,Group D,Master's degree,Standard,,85.0,99.0,30.0,65.35,71.33333333333333,Medium
2782,Female,Group D,High school,Free/Reduced,Completed,27.0,17.0,82.0,79.04,42.0,Low
2783,Male,Group E,Associate degree,Standard,Completed,44.0,57.0,21.0,72.73,40.666666666666664,Low
2784,Female,Group E,Some college,Free/Reduced,Completed,99.0,39.0,50.0,99.12,62.666666666666664,Medium
2785,Female,Group A,Master's degree,Standard,,67.0,88.0,81.0,99.12,78.66666666666667,High
2786,Female,Group B,High school,Standard,Completed,23.0,30.0,31.0,72.78,28.0,Low
2787,Female,Group E,Some college,Free/Reduced,Completed,18.0,55.0,46.0,74.08,39.666666666666664,Low
2788,Male,Group E,Bachelor's degree,Free/Reduced,,74.0,34.0,33.0,83.98,47.0,Low
2789,Female,Group C,Associate degree,Free/Reduced,,39.0,25.0,26.0,79.17,30.0,Low
2790,Female,Group E,Associate degree,Standard,Completed,45.0,67.0,43.0,68.52,51.666666666666664,Medium
2791,Female,Group B,Master's degree,Standard,,39.0,83.0,29.0,86.42,50.333333333333336,Medium
2792,Male,Group D,High school,Standard,Completed,61.0,33.0,32.0,73.37,42.0,Low
2793,Male,Group D,Bachelor's degree,Free/Reduced,,17.0,75.0,26.0,86.15,39.333333333333336,Low
2794,Male,Group D,Master's degree,Standard,,11.0,15.0,55.0,75.35,27.0,Low
2795,Female,Group D,Master's degree,Free/Reduced,Completed,13.0,41.0,22.0,88.01,25.333333333333332,Low
2796,Female,Group C,High school,Standard,,81.0,4.0,42.0,86.71,42.333333333333336,Low
2797,Male,Group E,Bachelor's degree,Free/Reduced,,60.0,60.0,82.0,80.35,67.33333333333333,Medium
2798,Female,Group D,High school,Standard,,11.0,43.0,53.0,88.19,35.666666666666664,Low
2799,Male,Group A,Associate degree,Standard,Completed,26.0,34.0,94.0,78.44,51.333333333333336,Medium
2800,Male,Group D,Some college,Free/Reduced,Completed,49.0,90.0,67.0,64.65,68.66666666666667,Medium
2801,Female,Group E,Associate degree,Standard,Completed,87.0,0.0,52.0,67.28,46.333333333333336,Low
2802,Female,Group D,Associate degree,Standard,,32.0,97.0,82.0,69.84,70.33333333333333,Medium
2803,Female,Group C,Master's degree,Free/Reduced,,79.0,42.0,39.0,62.53,53.333333333333336,Medium
2804,Female,Group B,Associate degree,Standard,,49.0,31.0,59.0,88.46,46.333333333333336,Low
2805,Male,Group B,Bachelor's degree,Free/Reduced,,11.0,62.0,85.0,74.7,52.666666666666664,Medium
2806,Male,Group E,Associate degree,Free/Reduced,Completed,94.0,32.0,8.0,63.74,44.666666666666664,Low
2807,Male,Group B,Bachelor's degree,Standard,Completed,56.0,94.0,50.0,92.8,66.66666666666667,Medium
2808,Male,Group B,High school,Standard,,100.0,76.0,9.0,87.35,61.666666666666664,Medium
2809,Male,Group A,Master's degree,Standard,Completed,52.0,65.0,9.0,78.09,42.0,Low
2810,Female,Group E,Bachelor's degree,Free/Reduced,Completed,12.0,29.0,29.0,69.9,23.333333333333332,Low
2811,Male,Group E,Associate degree,Standard,Completed,71.0,9.0,9.0,66.07,29.666666666666668,Low
2812,Male,Group B,Master's degree,Free/Reduced,,2.0,22.0,57.0,78.33,27.0,Low
2813,Male,Group B,Master's degree,Standard,Completed,63.0,96.0,35.0,95.41,64.66666666666667,Medium
2814,Female,Group B,Bachelor's degree,Standard,Completed,83.0,38.0,81.0,67.54,67.33333333333333,Medium
2815,Female,Group C,Bachelor's degree,Free/Reduced,Completed,57.0,44.0,43.0,82.75,48.0,Low
2816,Female,Group D,Some college,Standard,Completed,3.0,28.0,56.0,98.47,29.0,Low
2817,Female,Group C,Some college,Standard,Completed,44.0,29.0,42.0,85.48,38.333333333333336,Low
2818,Male,Group E,Master's degree,Standard,,65.0,33.0,82.0,77.6,60.0,Medium
2819,Male,Group A,Some college,Standard,Completed,35.0,51.0,22.0,88.65,36.0,Low
2820,Female,Group D,Associate degree,Standard,Completed,22.0,80.0,3.0,92.98,35.0,Low
2821,Female,Group A,High school,Free/Reduced,,18.0,21.0,11.0,83.62,16.666666666666668,Low
2822,Male,Group E,Master's degree,Standard,Completed,39.0,4.0,48.0,94.87,30.333333333333332,Low
2823,Male,Group E,High school,Free/Reduced,,71.0,10.0,23.0,80.58,34.666666666666664,Low
2824,Female,Group A,Some college,Standard,,15.0,85.0,12.0,93.2,37.333333333333336,Low
2825,Female,Group A,Bachelor's degree,Standard,,57.0,31.0,67.0,98.08,51.666666666666664,Medium
2826,Female,Group A,Master's degree,Free/Reduced,,17.0,23.0,90.0,80.05,43.333333333333336,Low
2827,Female,Group E,Some college,Standard,Completed,35.0,10.0,71.0,84.2,38.666666666666664,Low
2828,Male,Group B,Associate degree,Standard,Completed,23.0,10.0,89.0,84.38,40.666666666666664,Low
2829,Male,Group A,Master's degree,Free/Reduced,,0.0,16.0,33.0,91.26,16.333333333333332,Low
2830,Male,Group D,Master's degree,Free/Reduced,Completed,0.0,31.0,8.0,92.92,13.0,Low
2831,Female,Group E,Bachelor's degree,Standard,,63.0,82.0,9.0,61.09,51.333333333333336,Medium
2832,Female,Group C,Master's degree,Free/Reduced,Completed,61.0,26.0,64.0,89.33,50.333333333333336,Medium
2833,Male,Group C,Bachelor's degree,Free/Reduced,Completed,35.0,31.0,71.0,91.35,45.666666666666664,Low
2834,Male,Group D,Some college,Free/Reduced,,74.0,60.0,73.0,88.02,69.0,Medium
2835,Male,Group B,Associate degree,Free/Reduced,Completed,17.0,24.0,50.0,88.55,30.333333333333332,Low
2836,Male,Group A,Associate degree,Standard,,49.0,63.0,42.0,61.66,51.333333333333336,Medium
2837,Female,Group E,Master's degree,Standard,Completed,16.0,63.0,58.0,77.68,45.666666666666664,Low
2838,Male,Group A,Master's degree,Free/Reduced,Completed,23.0,27.0,88.0,92.73,46.0,Low
2839,Male,Group E,Some college,Standard,Completed,97.0,39.0,94.0,97.36,76.66666666666667,High
2840,Male,Group C,Bachelor's degree,Free/Reduced,,67.0,90.0,58.0,69.18,71.66666666666667,Medium
2841,Male,Group A,Associate degree,Standard,,98.0,13.0,66.0,83.17,59.0,Medium
2842,Male,Group D,Bachelor's degree,Standard,,78.0,41.0,60.0,92.17,59.666666666666664,Medium
2843,Male,Group B,Some college,Free/Reduced,Completed,1.0,38.0,37.0,90.1,25.333333333333332,Low
2844,Male,Group D,Associate degree,Free/Reduced,,94.0,1.0,98.0,84.76,64.33333333333333,Medium
2845,Female,Group B,Associate degree,Standard,,72.0,80.0,7.0,60.75,53.0,Medium
2846,Female,Group A,High school,Standard,,9.0,0.0,64.0,88.96,24.333333333333332,Low
2847,Female,Group A,Some college,Standard,Completed,52.0,31.0,50.0,90.93,44.333333333333336,Low
2848,Female,Group B,Some college,Free/Reduced,Completed,88.0,82.0,90.0,88.91,86.66666666666667,High
2849,Male,Group C,High school,Standard,Completed,50.0,63.0,89.0,90.63,67.33333333333333,Medium
2850,Female,Group E,Bachelor's degree,Free/Reduced,Completed,68.0,77.0,42.0,77.24,62.333333333333336,Medium
2851,Female,Group D,High school,Free/Reduced,,13.0,30.0,59.0,99.75,34.0,Low
2852,Male,Group D,Some college,Free/Reduced,Completed,65.0,57.0,25.0,90.83,49.0,Low
2853,Male,Group D,Bachelor's degree,Standard,,81.0,81.0,10.0,83.15,57.333333333333336,Medium
2854,Female,Group A,Associate degree,Free/Reduced,Completed,92.0,77.0,33.0,97.37,67.33333333333333,Medium
2855,Female,Group D,High school,Standard,,52.0,13.0,1.0,96.33,22.0,Low
2856,Male,Group E,Master's degree,Free/Reduced,,83.0,87.0,20.0,92.58,63.333333333333336,Medium
2857,Female,Group E,Bachelor's degree,Standard,Completed,63.0,68.0,25.0,82.55,52.0,Medium
2858,Male,Group B,Bachelor's degree,Standard,,71.0,15.0,75.0,81.08,53.666666666666664,Medium
2859,Male,Group A,High school,Free/Reduced,,100.0,68.0,72.0,73.15,80.0,High
2860,Male,Group E,Master's degree,Free/Reduced,,48.0,53.0,86.0,70.04,62.333333333333336,Medium
2861,Male,Group C,Bachelor's degree,Standard,,89.0,12.0,4.0,80.49,35.0,Low
2862,Female,Group A,High school,Standard,Completed,61.0,79.0,8.0,83.11,49.333333333333336,Low
2863,Male,Group A,Some college,Free/Reduced,Completed,36.0,78.0,49.0,69.78,54.333333333333336,Medium
2864,Male,Group E,High school,Free/Reduced,,48.0,30.0,9.0,96.9,29.0,Low
2865,Female,Group C,High school,Standard,Completed,49.0,68.0,57.0,82.29,58.0,Medium
2866,Male,Group B,High school,Standard,,32.0,20.0,9.0,81.06,20.333333333333332,Low
2867,Female,Group E,Bachelor's degree,Free/Reduced,,21.0,29.0,77.0,77.43,42.333333333333336,Low
2868,Female,Group C,High school,Standard,Completed,69.0,22.0,35.0,62.32,42.0,Low
2869,Female,Group A,Some college,Free/Reduced,,32.0,37.0,73.0,95.3,47.333333333333336,Low
2870,Male,Group C,Bachelor's degree,Free/Reduced,Completed,27.0,28.0,55.0,72.68,36.666666666666664,Low
2871,Female,Group A,Some college,Free/Reduced,,87.0,76.0,61.0,85.7,74.66666666666667,Medium
2872,Female,Group E,Master's degree,Free/Reduced,Completed,3.0,31.0,50.0,84.3,28.0,Low
2873,Male,Group E,High school,Standard,Completed,65.0,61.0,40.0,83.38,55.333333333333336,Medium
2874,Female,Group D,Bachelor's degree,Free/Reduced,,76.0,90.0,47.0,81.03,71.0,Medium
2875,Female,Group D,Bachelor's degree,Free/Reduced,Completed,48.0,97.0,21.0,67.26,55.333333333333336,Medium
2876,Female,Group D,High school,Standard,,10.0,44.0,86.0,71.22,46.666666666666664,Low
2877,Female,Group E,Associate degree,Standard,Completed,34.0,48.0,79.0,80.97,53.666666666666664,Medium
2878,Female,Group B,Associate degree,Free/Reduced,,38.0,32.0,60.0,91.57,43.333333333333336,Low
2879,Male,Group E,Some college,Free/Reduced,Completed,9.0,3.0,74.0,77.28,28.666666666666668,Low
2880,Female,Group C,High school,Free/Reduced,Completed,73.0,17.0,98.0,68.16,62.666666666666664,Medium
2881,Female,Group E,High school,Free/Reduced,Completed,71.0,51.0,47.0,63.52,56.333333333333336,Medium
2882,Male,Group E,Master's degree,Free/Reduced,,68.0,63.0,63.0,86.52,64.66666666666667,Medium
2883,Male,Group A,Associate degree,Free/Reduced,Completed,22.0,27.0,83.0,76.93,44.0,Low
2884,Male,Group A,Associate degree,Standard,,33.0,57.0,36.0,65.01,42.0,Low
2885,Female,Group A,High school,Standard,Completed,31.0,90.0,40.0,86.98,53.666666666666664,Medium
2886,Male,Group E,Some college,Free/Reduced,Completed,15.0,89.0,4.0,68.3,36.0,Low
2887,Female,Group B,High school,Standard,,67.0,51.0,99.0,80.36,72.33333333333333,Medium
2888,Female,Group C,Some college,Standard,Completed,53.0,51.0,76.0,72.25,60.0,Medium
2889,Male,Group C,Associate degree,Free/Reduced,,27.0,76.0,51.0,97.27,51.333333333333336,Medium
2890,Male,Group B,Master's degree,Standard,,49.0,91.0,16.0,69.13,52.0,Medium
2891,Female,Group B,Bachelor's degree,Standard,,77.0,33.0,89.0,76.8,66.33333333333333,Medium
2892,Male,Group C,Associate degree,Free/Reduced,,75.0,86.0,61.0,98.38,74.0,Medium
2893,Female,Group D,Some college,Free/Reduced,,59.0,9.0,51.0,72.75,39.666666666666664,Low
2894,Male,Group A,High school,Free/Reduced,Completed,84.0,93.0,19.0,85.78,65.33333333333333,Medium
2895,Male,Group A,Associate degree,Standard,,79.0,21.0,96.0,72.67,65.33333333333333,Medium
2896,Male,Group C,Master's degree,Free/Reduced,Completed,43.0,4.0,93.0,64.43,46.666666666666664,Low
2897,Female,Group B,Some college,Standard,,1.0,43.0,15.0,85.1,19.666666666666668,Low
2898,Male,Group D,High school,Free/Reduced,,22.0,8.0,6.0,96.64,12.0,Low
2899,Female,Group C,Bachelor's degree,Free/Reduced,Completed,92.0,42.0,93.0,78.1,75.66666666666667,High
2900,Female,Group A,Some college,Free/Reduced,Completed,45.0,3.0,65.0,85.05,37.666666666666664,Low
2901,Female,Group E,High school,Free/Reduced,,72.0,41.0,11.0,84.36,41.333333333333336,Low
2902,Female,Group B,Master's degree,Standard,,53.0,64.0,42.0,76.6,53.0,Medium
2903,Male,Group E,High school,Standard,Completed,70.0,97.0,39.0,84.6,68.66666666666667,Medium
2904,Female,Group C,Bachelor's degree,Free/Reduced,Completed,92.0,40.0,0.0,70.37,44.0,Low
2905,Female,Group A,Bachelor's degree,Standard,,80.0,63.0,57.0,75.12,66.66666666666667,Medium
2906,Male,Group D,Bachelor's degree,Free/Reduced,,8.0,54.0,2.0,77.69,21.333333333333332,Low
2907,Female,Group E,High school,Free/Reduced,,69.0,89.0,7.0,94.56,55.0,Medium
2908,Male,Group D,Bachelor's degree,Standard,Completed,43.0,17.0,89.0,73.93,49.666666666666664,Low
2909,Female,Group A,Some college,Standard,,83.0,15.0,74.0,85.41,57.333333333333336,Medium
2910,Male,Group E,Master's degree,Free/Reduced,Completed,73.0,86.0,60.0,68.54,73.0,Medium
2911,Female,Group D,Master's degree,Free/Reduced,Completed,72.0,45.0,84.0,70.1,67.0,Medium
2912,Male,Group D,Bachelor's degree,Free/Reduced,,11.0,35.0,4.0,85.94,16.666666666666668,Low
2913,Female,Group E,Master's degree,Standard,,96.0,89.0,25.0,90.49,70.0,Medium
2914,Female,Group A,Master's degree,Free/Reduced,Completed,31.0,65.0,84.0,78.48,60.0,Medium
2915,Male,Group D,Bachelor's degree,Free/Reduced,,33.0,43.0,72.0,73.4,49.333333333333336,Low
2916,Male,Group C,Bachelor's degree,Free/Reduced,,82.0,51.0,16.0,96.41,49.666666666666664,Low
2917,Male,Group E,Some college,Free/Reduced,Completed,32.0,28.0,100.0,65.43,53.333333333333336,Medium
2918,Male,Group B,Associate degree,Free/Reduced,,63.0,3.0,65.0,88.83,43.666666666666664,Low
2919,Female,Group B,High school,Free/Reduced,Completed,49.0,98.0,50.0,87.61,65.66666666666667,Medium
2920,Female,Group A,Bachelor's degree,Standard,Completed,15.0,85.0,46.0,87.61,48.666666666666664,Low
2921,Male,Group C,Bachelor's degree,Free/Reduced,,49.0,48.0,39.0,97.42,45.333333333333336,Low
2922,Female,Group D,Master's degree,Free/Reduced,Completed,22.0,71.0,91.0,89.13,61.333333333333336,Medium
2923,Male,Group B,Master's degree,Standard,Completed,49.0,84.0,26.0,72.06,53.0,Medium
2924,Male,Group A,Master's degree,Standard,,53.0,7.0,39.0,74.14,33.0,Low
2925,Female,Group C,Bachelor's degree,Free/Reduced,Completed,43.0,51.0,0.0,75.64,31.333333333333332,Low
2926,Female,Group C,Bachelor's degree,Standard,,36.0,68.0,45.0,61.23,49.666666666666664,Low
2927,Female,Group A,Master's degree,Free/Reduced,Completed,8.0,20.0,10.0,96.54,12.666666666666666,Low
2928,Female,Group A,Bachelor's degree,Standard,Completed,93.0,26.0,38.0,62.94,52.333333333333336,Medium
2929,Female,Group D,Associate degree,Standard,Completed,12.0,37.0,17.0,87.99,22.0,Low
2930,Female,Group A,High school,Free/Reduced,Completed,59.0,4.0,50.0,89.21,37.666666666666664,Low
2931,Female,Group D,High school,Standard,Completed,79.0,84.0,46.0,93.75,69.66666666666667,Medium
2932,Male,Group D,High school,Free/Reduced,Completed,1.0,60.0,73.0,82.13,44.666666666666664,Low
2933,Male,Group E,Associate degree,Standard,Completed,94.0,7.0,99.0,89.01,66.66666666666667,Medium
2934,Male,Group C,Bachelor's degree,Free/Reduced,,59.0,85.0,20.0,72.11,54.666666666666664,Medium
2935,Male,Group C,Master's degree,Standard,Completed,56.0,17.0,27.0,89.82,33.333333333333336,Low
2936,Male,Group C,Some college,Free/Reduced,,42.0,3.0,0.0,73.74,15.0,Low
2937,Female,Group E,Bachelor's degree,Free/Reduced,Completed,18.0,3.0,13.0,96.11,11.333333333333334,Low
2938,Male,Group D,Associate degree,Free/Reduced,Completed,49.0,36.0,19.0,66.54,34.666666666666664,Low
2939,Male,Group D,Associate degree,Free/Reduced,,77.0,14.0,50.0,72.63,47.0,Low
2940,Male,Group A,Master's degree,Standard,,46.0,37.0,44.0,79.95,42.333333333333336,Low
2941,Male,Group E,Bachelor's degree,Free/Reduced,,88.0,26.0,60.0,91.03,58.0,Medium
2942,Male,Group A,High school,Standard,Completed,49.0,84.0,26.0,89.95,53.0,Medium
2943,Male,Group E,Master's degree,Standard,,6.0,47.0,55.0,68.43,36.0,Low
2944,Male,Group A,High school,Free/Reduced,Completed,78.0,51.0,51.0,65.77,60.0,Medium
2945,Female,Group B,Some college,Free/Reduced,Completed,93.0,45.0,67.0,72.16,68.33333333333333,Medium
2946,Female,Group C,Associate degree,Standard,,30.0,47.0,36.0,79.35,37.666666666666664,Low
2947,Male,Group C,High school,Standard,Completed,87.0,58.0,81.0,81.56,75.33333333333333,High
2948,Female,Group D,High school,Standard,,54.0,3.0,30.0,77.17,29.0,Low
2949,Female,Group B,Master's degree,Free/Reduced,,24.0,74.0,48.0,86.52,48.666666666666664,Low
2950,Female,Group C,Associate degree,Free/Reduced,,71.0,18.0,52.0,77.1,47.0,Low
2951,Female,Group D,Master's degree,Standard,,49.0,51.0,38.0,97.85,46.0,Low
2952,Male,Group B,Some college,Standard,Completed,35.0,18.0,9.0,70.44,20.666666666666668,Low
2953,Female,Group C,Some college,Standard,Completed,49.0,90.0,8.0,85.09,49.0,Low
2954,Female,Group A,Associate degree,Free/Reduced,,13.0,41.0,91.0,84.46,48.333333333333336,Low
2955,Female,Group E,Some college,Standard,,28.0,91.0,91.0,71.26,70.0,Medium
2956,Male,Group B,Associate degree,Standard,Completed,49.0,4.0,12.0,76.47,21.666666666666668,Low
2957,Male,Group D,Some college,Standard,Completed,49.0,47.0,17.0,74.62,37.666666666666664,Low
2958,Male,Group B,Bachelor's degree,Standard,,35.0,24.0,11.0,66.9,23.333333333333332,Low
2959,Male,Group D,High school,Free/Reduced,Completed,49.0,66.0,71.0,79.09,62.0,Medium
2960,Male,Group B,Bachelor's degree,Standard,Completed,20.0,25.0,86.0,75.47,43.666666666666664,Low
2961,Male,Group D,Associate degree,Free/Reduced,Completed,37.0,73.0,4.0,67.13,38.0,Low
2962,Male,Group C,Associate degree,Free/Reduced,Completed,74.0,87.0,6.0,78.0,55.666666666666664,Medium
2963,Female,Group A,Bachelor's degree,Standard,,96.0,61.0,14.0,76.87,57.0,Medium
2964,Female,Group C,High school,Free/Reduced,Completed,78.0,92.0,66.0,65.25,78.66666666666667,High
2965,Female,Group A,High school,Standard,,75.0,6.0,17.0,65.25,32.666666666666664,Low
2966,Male,Group C,Master's degree,Standard,,87.0,43.0,37.0,85.9,55.666666666666664,Medium
2967,Male,Group C,Some college,Standard,,49.0,86.0,25.0,88.26,53.333333333333336,Medium
2968,Male,Group B,Master's degree,Standard,Completed,36.0,26.0,37.0,97.65,33.0,Low
2969,Male,Group E,High school,Standard,Completed,74.0,41.0,58.0,63.48,57.666666666666664,Medium
2970,Male,Group D,Bachelor's degree,Free/Reduced,,18.0,72.0,51.0,64.71,47.0,Low
2971,Female,Group D,Master's degree,Free/Reduced,Completed,0.0,55.0,32.0,62.07,29.0,Low
2972,Female,Group D,Bachelor's degree,Standard,,80.0,2.0,20.0,81.29,34.0,Low
2973,Male,Group A,Master's degree,Free/Reduced,,49.0,51.0,16.0,84.91,38.666666666666664,Low
2974,Male,Group D,Master's degree,Standard,Completed,54.0,69.0,61.0,76.14,61.333333333333336,Medium
2975,Male,Group D,Bachelor's degree,Free/Reduced,Completed,79.0,58.0,58.0,91.92,65.0,Medium
2976,Male,Group B,Master's degree,Free/Reduced,Completed,25.0,37.0,1.0,87.47,21.0,Low
2977,Female,Group C,Master's degree,Standard,,42.0,84.0,50.0,99.43,58.666666666666664,Medium
2978,Male,Group D,Master's degree,Free/Reduced,,58.0,82.0,24.0,65.52,54.666666666666664,Medium
2979,Male,Group E,Associate degree,Free/Reduced,Completed,50.0,88.0,40.0,62.33,59.333333333333336,Medium
2980,Male,Group D,Associate degree,Free/Reduced,,14.0,67.0,18.0,70.99,33.0,Low
2981,Male,Group A,Associate degree,Standard,,7.0,85.0,37.0,60.76,43.0,Low
2982,Female,Group A,Some college,Free/Reduced,,93.0,68.0,24.0,97.3,61.666666666666664,Medium
2983,Male,Group A,Associate degree,Free/Reduced,Completed,13.0,0.0,38.0,72.16,17.0,Low
2984,Male,Group D,Associate degree,Free/Reduced,Completed,96.0,49.0,3.0,82.1,49.333333333333336,Low
2985,Female,Group B,Master's degree,Free/Reduced,Completed,6.0,80.0,2.0,72.72,29.333333333333332,Low
2986,Female,Group E,Bachelor's degree,Free/Reduced,,17.0,72.0,33.0,69.83,40.666666666666664,Low
2987,Female,Group D,Associate degree,Free/Reduced,Completed,11.0,8.0,9.0,66.09,9.333333333333334,Low
2988,Male,Group B,Some college,Free/Reduced,,1.0,52.0,26.0,72.81,26.333333333333332,Low
2989,Male,Group B,Master's degree,Free/Reduced,,49.0,87.0,89.0,84.62,75.0,High
2990,Female,Group D,Bachelor's degree,Free/Reduced,,92.0,9.0,90.0,98.86,63.666666666666664,Medium
2991,Female,Group D,High school,Standard,Completed,20.0,83.0,0.0,82.32,34.333333333333336,Low
2992,Female,Group B,Associate degree,Free/Reduced,,6.0,51.0,43.0,81.31,33.333333333333336,Low
2993,Female,Group B,Master's degree,Free/Reduced,Completed,90.0,76.0,83.0,61.41,83.0,High
2994,Female,Group B,Master's degree,Free/Reduced,,11.0,28.0,51.0,93.6,30.0,Low
2995,Female,Group D,Bachelor's degree,Free/Reduced,Completed,83.0,35.0,24.0,61.79,47.333333333333336,Low
2996,Male,Group B,High school,Free/Reduced,Completed,56.0,86.0,73.0,96.25,71.66666666666667,Medium
2997,Male,Group A,Some college,Standard,Completed,77.0,26.0,64.0,81.55,55.666666666666664,Medium
2998,Male,Group D,Master's degree,Standard,Completed,73.0,17.0,79.0,66.74,56.333333333333336,Medium
2999,Female,Group A,Master's degree,Standard,Completed,22.0,17.0,10.0,78.07,16.333333333333332,Low
3000,Female,Group C,Master's degree,Standard,Completed,29.0,8.0,67.0,99.8,34.666666666666664,Low
3001,Female,Group D,Master's degree,Free/Reduced,Completed,57.0,66.0,98.0,72.2,73.66666666666667,Medium
3002,Female,Group C,Bachelor's degree,Free/Reduced,Completed,94.0,6.0,76.0,70.78,58.666666666666664,Medium
3003,Female,Group B,High school,Free/Reduced,,51.0,57.0,84.0,64.72,64.0,Medium
3004,Female,Group B,Master's degree,Standard,,55.0,78.0,14.0,83.89,49.0,Low
3005,Male,Group E,Some college,Standard,,9.0,29.0,56.0,63.57,31.333333333333332,Low
3006,Male,Group B,Some college,Standard,,18.0,72.0,73.0,90.64,54.333333333333336,Medium
3007,Female,Group C,Associate degree,Standard,,49.0,60.0,63.0,96.77,57.333333333333336,Medium
3008,Male,Group B,Master's degree,Free/Reduced,Completed,86.0,90.0,10.0,97.27,62.0,Medium
3009,Female,Group D,Master's degree,Free/Reduced,Completed,58.0,99.0,95.0,64.32,84.0,High
3010,Male,Group B,Master's degree,Standard,Completed,43.0,81.0,96.0,82.33,73.33333333333333,Medium
3011,Female,Group E,Master's degree,Free/Reduced,Completed,58.0,94.0,19.0,63.88,57.0,Medium
3012,Female,Group B,Master's degree,Standard,Completed,95.0,16.0,99.0,82.88,70.0,Medium
3013,Male,Group C,Some college,Standard,,83.0,52.0,29.0,92.6,54.666666666666664,Medium
3014,Male,Group C,High school,Standard,,3.0,5.0,9.0,81.51,5.666666666666667,Low
3015,Female,Group B,High school,Standard,Completed,96.0,51.0,53.0,94.88,66.66666666666667,Medium
3016,Female,Group C,Associate degree,Free/Reduced,,64.0,24.0,57.0,92.07,48.333333333333336,Low
3017,Male,Group C,Some college,Free/Reduced,,12.0,41.0,78.0,71.06,43.666666666666664,Low
3018,Male,Group E,Master's degree,Standard,Completed,49.0,41.0,50.0,85.2,46.666666666666664,Low
3019,Female,Group D,High school,Standard,Completed,11.0,58.0,0.0,60.3,23.0,Low
3020,Male,Group E,Bachelor's degree,Free/Reduced,,92.0,37.0,57.0,75.84,62.0,Medium
3021,Female,Group A,Bachelor's degree,Free/Reduced,,54.0,30.0,50.0,69.52,44.666666666666664,Low
3022,Female,Group E,Bachelor's degree,Standard,Completed,60.0,28.0,14.0,97.48,34.0,Low
3023,Female,Group B,Master's degree,Standard,,94.0,8.0,66.0,76.22,56.0,Medium
3024,Female,Group D,Master's degree,Standard,Completed,40.0,0.0,32.0,86.16,24.0,Low
3025,Male,Group B,Associate degree,Standard,,35.0,79.0,37.0,89.28,50.333333333333336,Medium
3026,Male,Group A,Associate degree,Standard,,1.0,86.0,18.0,90.93,35.0,Low
3027,Male,Group D,Associate degree,Free/Reduced,Completed,21.0,71.0,3.0,89.43,31.666666666666668,Low
3028,Male,Group C,Bachelor's degree,Free/Reduced,,21.0,46.0,75.0,71.57,47.333333333333336,Low
3029,Male,Group E,Master's degree,Standard,Completed,40.0,75.0,88.0,87.44,67.66666666666667,Medium
3030,Male,Group B,Bachelor's degree,Standard,,94.0,9.0,97.0,81.96,66.66666666666667,Medium
3031,Male,Group A,Associate degree,Standard,,13.0,15.0,80.0,83.89,36.0,Low
3032,Female,Group C,Master's degree,Standard,Completed,92.0,46.0,57.0,60.03,65.0,Medium
3033,Male,Group E,Some college,Free/Reduced,,34.0,51.0,69.0,70.33,51.333333333333336,Medium
3034,Male,Group C,High school,Free/Reduced,Completed,49.0,23.0,11.0,97.23,27.666666666666668,Low
3035,Female,Group E,High school,Standard,Completed,8.0,51.0,78.0,71.6,45.666666666666664,Low
3036,Male,Group D,Associate degree,Free/Reduced,,95.0,74.0,16.0,77.52,61.666666666666664,Medium
3037,Male,Group C,Bachelor's degree,Standard,Completed,58.0,25.0,0.0,67.47,27.666666666666668,Low
3038,Female,Group C,Some college,Standard,Completed,49.0,6.0,13.0,65.54,22.666666666666668,Low
3039,Male,Group C,Master's degree,Free/Reduced,Completed,90.0,78.0,1.0,68.35,56.333333333333336,Medium
3040,Male,Group D,Bachelor's degree,Standard,,9.0,14.0,3.0,82.15,8.666666666666666,Low
3041,Male,Group A,Master's degree,Free/Reduced,Completed,24.0,47.0,65.0,96.76,45.333333333333336,Low
3042,Female,Group E,Bachelor's degree,Standard,Completed,44.0,2.0,89.0,73.05,45.0,Low
3043,Male,Group C,Associate degree,Standard,,96.0,15.0,45.0,72.94,52.0,Medium
3044,Male,Group D,High school,Standard,Completed,10.0,78.0,49.0,82.57,45.666666666666664,Low
3045,Female,Group A,High school,Standard,Completed,100.0,88.0,59.0,74.27,82.33333333333333,High
3046,Male,Group E,Bachelor's degree,Free/Reduced,Completed,8.0,96.0,51.0,96.42,51.666666666666664,Medium
3047,Female,Group D,Some college,Standard,,6.0,13.0,96.0,75.11,38.333333333333336,Low
3048,Female,Group E,Master's degree,Free/Reduced,,70.0,87.0,47.0,79.62,68.0,Medium
3049,Male,Group C,Associate degree,Free/Reduced,,33.0,74.0,38.0,81.34,48.333333333333336,Low
3050,Female,Group A,Master's degree,Standard,,82.0,2.0,69.0,91.28,51.0,Medium
3051,Female,Group D,High school,Free/Reduced,,19.0,72.0,59.0,82.56,50.0,Medium
3052,Male,Group A,Some college,Standard,,49.0,69.0,29.0,69.57,49.0,Low
3053,Female,Group C,Some college,Free/Reduced,Completed,4.0,30.0,85.0,64.96,39.666666666666664,Low
3054,Female,Group A,Master's degree,Free/Reduced,,92.0,79.0,26.0,97.51,65.66666666666667,Medium
3055,Male,Group A,High school,Standard,,54.0,51.0,82.0,92.06,62.333333333333336,Medium
3056,Male,Group B,Master's degree,Standard,,90.0,16.0,73.0,60.92,59.666666666666664,Medium
3057,Male,Group A,Bachelor's degree,Free/Reduced,,49.0,48.0,54.0,92.86,50.333333333333336,Medium
3058,Female,Group E,Some college,Standard,Completed,49.0,2.0,69.0,83.62,40.0,Low
3059,Male,Group D,Some college,Standard,Completed,14.0,82.0,25.0,80.76,40.333333333333336,Low
3060,Female,Group B,Bachelor's degree,Free/Reduced,,47.0,87.0,41.0,60.49,58.333333333333336,Medium
3061,Female,Group D,High school,Free/Reduced,Completed,3.0,54.0,66.0,91.23,41.0,Low
3062,Female,Group D,Some college,Standard,,77.0,71.0,66.0,67.92,71.33333333333333,Medium
3063,Female,Group C,Associate degree,Free/Reduced,Completed,80.0,51.0,51.0,89.12,60.666666666666664,Medium
3064,Female,Group C,Associate degree,Standard,,20.0,39.0,5.0,60.63,21.333333333333332,Low
3065,Female,Group B,High school,Standard,,79.0,65.0,9.0,91.85,51.0,Medium
3066,Female,Group C,Bachelor's degree,Free/Reduced,,89.0,86.0,37.0,60.92,70.66666666666667,Medium
3067,Male,Group C,Master's degree,Standard,,8.0,39.0,76.0,69.44,41.0,Low
3068,Male,Group C,High school,Free/Reduced,Completed,65.0,29.0,11.0,70.73,35.0,Low
3069,Female,Group D,Master's degree,Standard,,78.0,24.0,45.0,66.3,49.0,Low
3070,Female,Group B,High school,Standard,Completed,34.0,6.0,48.0,79.24,29.333333333333332,Low
3071,Male,Group D,Associate degree,Standard,Completed,87.0,91.0,90.0,71.35,89.33333333333333,High
3072,Female,Group E,Bachelor's degree,Free/Reduced,Completed,50.0,49.0,71.0,99.73,56.666666666666664,Medium
3073,Male,Group D,Associate degree,Free/Reduced,,77.0,80.0,62.0,83.2,73.0,Medium
3074,Male,Group E,Bachelor's degree,Standard,Completed,100.0,95.0,50.0,82.66,81.66666666666667,High
3075,Male,Group A,Master's degree,Free/Reduced,Completed,36.0,0.0,99.0,68.83,45.0,Low
3076,Female,Group A,High school,Free/Reduced,Completed,5.0,90.0,42.0,76.35,45.666666666666664,Low
3077,Female,Group E,Some college,Standard,,81.0,43.0,93.0,64.96,72.33333333333333,Medium
3078,Male,Group E,Some college,Free/Reduced,Completed,85.0,99.0,59.0,90.5,81.0,High
3079,Male,Group D,Bachelor's degree,Free/Reduced,,81.0,48.0,50.0,73.25,59.666666666666664,Medium
3080,Male,Group E,Bachelor's degree,Free/Reduced,Completed,50.0,6.0,28.0,90.08,28.0,Low
3081,Male,Group B,Associate degree,Standard,Completed,65.0,2.0,85.0,74.87,50.666666666666664,Medium
3082,Male,Group A,Some college,Standard,,95.0,93.0,77.0,99.55,88.33333333333333,High
3083,Female,Group A,Associate degree,Free/Reduced,,16.0,0.0,73.0,66.84,29.666666666666668,Low
3084,Male,Group E,Master's degree,Standard,Completed,64.0,51.0,10.0,60.06,41.666666666666664,Low
3085,Female,Group C,Some college,Free/Reduced,,8.0,97.0,34.0,83.79,46.333333333333336,Low
3086,Male,Group C,Master's degree,Standard,Completed,12.0,37.0,50.0,98.12,33.0,Low
3087,Female,Group E,High school,Free/Reduced,Completed,99.0,42.0,71.0,85.88,70.66666666666667,Medium
3088,Female,Group B,Associate degree,Standard,,100.0,54.0,20.0,63.43,58.0,Medium
3089,Female,Group C,Bachelor's degree,Free/Reduced,,57.0,56.0,36.0,81.62,49.666666666666664,Low
3090,Female,Group E,Some college,Standard,,29.0,52.0,27.0,96.38,36.0,Low
3091,Female,Group B,Associate degree,Free/Reduced,Completed,30.0,99.0,94.0,60.26,74.33333333333333,Medium
3092,Female,Group B,Bachelor's degree,Standard,Completed,22.0,32.0,57.0,66.68,37.0,Low
3093,Male,Group D,High school,Standard,Completed,62.0,79.0,50.0,92.58,63.666666666666664,Medium
3094,Female,Group B,Some college,Standard,,27.0,61.0,27.0,95.76,38.333333333333336,Low
3095,Male,Group C,Master's degree,Free/Reduced,,58.0,10.0,41.0,88.29,36.333333333333336,Low
3096,Female,Group C,High school,Free/Reduced,,9.0,71.0,90.0,99.66,56.666666666666664,Medium
3097,Female,Group E,Bachelor's degree,Free/Reduced,Completed,88.0,51.0,84.0,63.61,74.33333333333333,Medium
3098,Male,Group E,Some college,Standard,,99.0,0.0,72.0,81.83,57.0,Medium
3099,Female,Group B,Some college,Free/Reduced,,89.0,13.0,92.0,87.4,64.66666666666667,Medium
3100,Male,Group A,High school,Standard,Completed,25.0,93.0,60.0,88.11,59.333333333333336,Medium
3101,Male,Group D,Some college,Standard,,76.0,84.0,78.0,91.74,79.33333333333333,High
3102,Male,Group A,Bachelor's degree,Standard,,16.0,20.0,32.0,96.71,22.666666666666668,Low
3103,Male,Group B,High school,Free/Reduced,Completed,39.0,33.0,54.0,74.47,42.0,Low
3104,Female,Group B,Master's degree,Standard,Completed,67.0,89.0,36.0,61.72,64.0,Medium
3105,Female,Group A,High school,Free/Reduced,Completed,22.0,13.0,46.0,74.5,27.0,Low
3106,Male,Group D,High school,Free/Reduced,Completed,34.0,39.0,35.0,86.86,36.0,Low
3107,Female,Group A,Master's degree,Standard,Completed,74.0,34.0,27.0,68.54,45.0,Low
3108,Female,Group E,Bachelor's degree,Free/Reduced,Completed,75.0,41.0,9.0,92.4,41.666666666666664,Low
3109,Male,Group C,Associate degree,Standard,,8.0,51.0,22.0,68.79,27.0,Low
3110,Female,Group E,Associate degree,Standard,,78.0,51.0,91.0,60.4,73.33333333333333,Medium
3111,Male,Group C,Master's degree,Free/Reduced,Completed,44.0,59.0,97.0,80.32,66.66666666666667,Medium
3112,Male,Group B,Bachelor's degree,Standard,Completed,36.0,8.0,50.0,89.06,31.333333333333332,Low
3113,Female,Group D,Some college,Standard,,68.0,32.0,81.0,73.99,60.333333333333336,Medium
3114,Female,Group A,Master's degree,Standard,Completed,18.0,51.0,50.0,89.96,39.666666666666664,Low
3115,Female,Group D,Associate degree,Free/Reduced,Completed,74.0,67.0,41.0,77.54,60.666666666666664,Medium
3116,Male,Group A,Master's degree,Free/Reduced,,72.0,3.0,46.0,66.87,40.333333333333336,Low
3117,Male,Group E,High school,Free/Reduced,,98.0,47.0,86.0,63.62,77.0,High
3118,Female,Group E,Bachelor's degree,Standard,Completed,26.0,15.0,27.0,88.42,22.666666666666668,Low
3119,Female,Group A,Master's degree,Standard,Completed,12.0,51.0,12.0,75.43,25.0,Low
3120,Female,Group D,Associate degree,Free/Reduced,,56.0,25.0,24.0,96.51,35.0,Low
3121,Female,Group A,Associate degree,Free/Reduced,Completed,59.0,69.0,6.0,81.61,44.666666666666664,Low
3122,Male,Group B,Some college,Free/Reduced,,11.0,36.0,65.0,73.94,37.333333333333336,Low
3123,Female,Group E,Some college,Free/Reduced,,49.0,21.0,79.0,73.96,49.666666666666664,Low
3124,Male,Group B,Master's degree,Free/Reduced,Completed,91.0,6.0,57.0,65.26,51.333333333333336,Medium
3125,Male,Group E,High school,Standard,,76.0,51.0,65.0,83.75,64.0,Medium
3126,Female,Group E,Some college,Free/Reduced,,83.0,29.0,35.0,83.29,49.0,Low
3127,Female,Group C,Associate degree,Standard,,49.0,73.0,1.0,92.0,41.0,Low
3128,Female,Group B,Bachelor's degree,Standard,Completed,26.0,78.0,37.0,68.05,47.0,Low
3129,Male,Group B,Master's degree,Standard,Completed,89.0,5.0,73.0,71.63,55.666666666666664,Medium
3130,Female,Group C,Some college,Standard,Completed,62.0,23.0,13.0,63.89,32.666666666666664,Low
3131,Female,Group D,Bachelor's degree,Free/Reduced,,92.0,65.0,26.0,71.81,61.0,Medium
3132,Male,Group B,Bachelor's degree,Standard,,28.0,39.0,14.0,77.12,27.0,Low
3133,Female,Group A,Some college,Free/Reduced,Completed,21.0,14.0,84.0,98.56,39.666666666666664,Low
3134,Male,Group C,High school,Standard,,72.0,52.0,11.0,86.12,45.0,Low
3135,Female,Group B,High school,Free/Reduced,,87.0,84.0,42.0,91.31,71.0,Medium
3136,Male,Group D,Master's degree,Free/Reduced,Completed,18.0,81.0,96.0,73.02,65.0,Medium
3137,Female,Group B,High school,Standard,,37.0,51.0,56.0,65.78,48.0,Low
3138,Female,Group E,Master's degree,Free/Reduced,,94.0,88.0,85.0,70.27,89.0,High
3139,Male,Group A,Associate degree,Standard,,49.0,35.0,47.0,70.26,43.666666666666664,Low
3140,Male,Group C,Some college,Free/Reduced,,14.0,73.0,60.0,83.32,49.0,Low
3141,Female,Group E,Bachelor's degree,Standard,,53.0,45.0,81.0,73.66,59.666666666666664,Medium
3142,Male,Group D,Master's degree,Standard,,31.0,22.0,43.0,94.3,32.0,Low
3143,Male,Group E,High school,Free/Reduced,Completed,45.0,87.0,51.0,99.54,61.0,Medium
3144,Male,Group E,Master's degree,Free/Reduced,Completed,60.0,51.0,61.0,73.73,57.333333333333336,Medium
3145,Male,Group D,Master's degree,Standard,,92.0,9.0,1.0,88.2,34.0,Low
3146,Female,Group E,High school,Standard,Completed,51.0,53.0,92.0,86.3,65.33333333333333,Medium
3147,Female,Group C,High school,Free/Reduced,Completed,33.0,69.0,70.0,67.78,57.333333333333336,Medium
3148,Male,Group B,Some college,Standard,Completed,72.0,76.0,30.0,96.72,59.333333333333336,Medium
3149,Male,Group E,Bachelor's degree,Standard,,34.0,84.0,81.0,67.98,66.33333333333333,Medium
3150,Male,Group C,Some college,Standard,Completed,69.0,31.0,72.0,89.48,57.333333333333336,Medium
3151,Male,Group B,Some college,Free/Reduced,,36.0,42.0,71.0,73.9,49.666666666666664,Low
3152,Female,Group B,High school,Standard,Completed,77.0,14.0,50.0,74.68,47.0,Low
3153,Female,Group E,High school,Standard,Completed,60.0,65.0,4.0,78.22,43.0,Low
3154,Male,Group C,Master's degree,Free/Reduced,,48.0,14.0,77.0,94.58,46.333333333333336,Low
3155,Male,Group E,Master's degree,Standard,Completed,49.0,80.0,57.0,65.61,62.0,Medium
3156,Male,Group D,Some college,Standard,,18.0,19.0,76.0,62.18,37.666666666666664,Low
3157,Female,Group B,Bachelor's degree,Standard,Completed,86.0,49.0,10.0,76.08,48.333333333333336,Low
3158,Male,Group E,Some college,Standard,Completed,27.0,5.0,83.0,62.22,38.333333333333336,Low
3159,Female,Group B,Master's degree,Free/Reduced,Completed,79.0,78.0,22.0,87.5,59.666666666666664,Medium
3160,Male,Group C,Some college,Standard,Completed,25.0,16.0,44.0,90.41,28.333333333333332,Low
3161,Female,Group A,Associate degree,Standard,,37.0,51.0,26.0,94.19,38.0,Low
3162,Male,Group E,Bachelor's degree,Standard,,39.0,21.0,78.0,89.75,46.0,Low
3163,Female,Group E,High school,Standard,Completed,24.0,72.0,93.0,96.65,63.0,Medium
3164,Male,Group B,Some college,Standard,,98.0,63.0,55.0,89.93,72.0,Medium
3165,Male,Group C,Bachelor's degree,Free/Reduced,Completed,68.0,75.0,58.0,97.44,67.0,Medium
3166,Male,Group D,Bachelor's degree,Free/Reduced,,70.0,85.0,79.0,67.72,78.0,High
3167,Female,Group C,Some college,Standard,,22.0,57.0,50.0,79.99,43.0,Low
3168,Male,Group E,High school,Standard,,88.0,86.0,17.0,99.76,63.666666666666664,Medium
3169,Female,Group D,High school,Free/Reduced,Completed,64.0,36.0,50.0,87.26,50.0,Medium
3170,Female,Group C,Some college,Free/Reduced,,21.0,77.0,60.0,95.15,52.666666666666664,Medium
3171,Male,Group A,Bachelor's degree,Free/Reduced,,63.0,87.0,22.0,61.22,57.333333333333336,Medium
3172,Male,Group B,High school,Standard,Completed,67.0,71.0,35.0,94.87,57.666666666666664,Medium
3173,Male,Group C,Some college,Standard,Completed,57.0,89.0,37.0,87.91,61.0,Medium
3174,Female,Group C,Some college,Standard,Completed,27.0,95.0,71.0,66.83,64.33333333333333,Medium
3175,Male,Group A,Some college,Standard,,77.0,27.0,55.0,61.03,53.0,Medium
3176,Female,Group E,Bachelor's degree,Standard,,96.0,95.0,38.0,70.4,76.33333333333333,High
3177,Female,Group B,High school,Standard,,67.0,85.0,92.0,96.63,81.33333333333333,High
3178,Male,Group C,Bachelor's degree,Free/Reduced,,74.0,48.0,75.0,86.73,65.66666666666667,Medium
3179,Male,Group D,Associate degree,Free/Reduced,,95.0,72.0,81.0,96.78,82.66666666666667,High
3180,Male,Group C,High school,Standard,,3.0,66.0,82.0,77.85,50.333333333333336,Medium
3181,Male,Group B,Bachelor's degree,Standard,Completed,0.0,88.0,99.0,97.47,62.333333333333336,Medium
3182,Male,Group C,High school,Standard,,49.0,51.0,96.0,78.52,65.33333333333333,Medium
3183,Male,Group A,Associate degree,Free/Reduced,,32.0,92.0,68.0,68.17,64.0,Medium
3184,Female,Group C,Master's degree,Free/Reduced,,80.0,66.0,27.0,66.06,57.666666666666664,Medium
3185,Female,Group C,Some college,Free/Reduced,Completed,26.0,40.0,89.0,99.75,51.666666666666664,Medium
3186,Female,Group D,Bachelor's degree,Free/Reduced,,41.0,45.0,20.0,73.35,35.333333333333336,Low
3187,Male,Group A,Associate degree,Standard,Completed,68.0,86.0,61.0,66.4,71.66666666666667,Medium
3188,Female,Group A,Associate degree,Free/Reduced,,70.0,86.0,22.0,60.34,59.333333333333336,Medium
3189,Female,Group C,High school,Free/Reduced,Completed,63.0,54.0,20.0,71.42,45.666666666666664,Low
3190,Female,Group D,High school,Standard,Completed,49.0,81.0,74.0,95.56,68.0,Medium
3191,Female,Group C,Some college,Standard,Completed,71.0,10.0,15.0,81.36,32.0,Low
3192,Female,Group C,High school,Standard,,97.0,99.0,61.0,85.3,85.66666666666667,High
3193,Male,Group B,Bachelor's degree,Free/Reduced,Completed,3.0,25.0,96.0,96.9,41.333333333333336,Low
3194,Male,Group B,Bachelor's degree,Standard,,49.0,71.0,90.0,80.51,70.0,Medium
3195,Female,Group D,Bachelor's degree,Free/Reduced,Completed,57.0,91.0,64.0,93.53,70.66666666666667,Medium
3196,Female,Group E,Master's degree,Free/Reduced,,94.0,81.0,79.0,72.95,84.66666666666667,High
3197,Female,Group B,Bachelor's degree,Free/Reduced,Completed,10.0,12.0,4.0,99.08,8.666666666666666,Low
3198,Male,Group E,High school,Free/Reduced,Completed,100.0,35.0,45.0,63.15,60.0,Medium
3199,Male,Group A,High school,Standard,,58.0,63.0,63.0,88.99,61.333333333333336,Medium
3200,Female,Group B,Bachelor's degree,Standard,Completed,35.0,50.0,81.0,86.42,55.333333333333336,Medium
3201,Male,Group B,Associate degree,Free/Reduced,,21.0,75.0,40.0,67.67,45.333333333333336,Low
3202,Male,Group D,Associate degree,Standard,Completed,64.0,21.0,97.0,75.55,60.666666666666664,Medium
3203,Female,Group E,Associate degree,Free/Reduced,Completed,49.0,59.0,43.0,72.51,50.333333333333336,Medium
3204,Male,Group B,Some college,Free/Reduced,,3.0,1.0,88.0,63.78,30.666666666666668,Low
3205,Male,Group B,Master's degree,Standard,,99.0,55.0,97.0,83.39,83.66666666666667,High
3206,Female,Group D,Bachelor's degree,Standard,,71.0,39.0,14.0,99.75,41.333333333333336,Low
3207,Male,Group D,Some college,Free/Reduced,Completed,88.0,27.0,67.0,82.38,60.666666666666664,Medium
3208,Male,Group E,Associate degree,Standard,,91.0,76.0,50.0,81.81,72.33333333333333,Medium
3209,Female,Group A,Bachelor's degree,Free/Reduced,,51.0,96.0,53.0,61.61,66.66666666666667,Medium
3210,Male,Group A,Some college,Standard,Completed,99.0,2.0,67.0,65.57,56.0,Medium
3211,Male,Group C,High school,Free/Reduced,,99.0,62.0,88.0,80.53,83.0,High
3212,Female,Group B,Associate degree,Free/Reduced,,42.0,97.0,76.0,99.41,71.66666666666667,Medium
3213,Female,Group E,Some college,Standard,Completed,45.0,22.0,41.0,95.06,36.0,Low
3214,Female,Group B,High school,Standard,Completed,3.0,54.0,45.0,73.61,34.0,Low
3215,Male,Group E,Associate degree,Free/Reduced,Completed,49.0,31.0,50.0,81.72,43.333333333333336,Low
3216,Female,Group E,Master's degree,Standard,Completed,37.0,83.0,66.0,82.11,62.0,Medium
3217,Male,Group E,Associate degree,Standard,Completed,44.0,27.0,50.0,87.41,40.333333333333336,Low
3218,Female,Group B,Master's degree,Free/Reduced,,24.0,7.0,72.0,87.51,34.333333333333336,Low
3219,Male,Group D,Master's degree,Free/Reduced,Completed,66.0,2.0,77.0,91.59,48.333333333333336,Low
3220,Female,Group B,Master's degree,Standard,Completed,54.0,93.0,21.0,61.0,56.0,Medium
3221,Female,Group E,Bachelor's degree,Standard,Completed,95.0,88.0,8.0,97.75,63.666666666666664,Medium
3222,Female,Group C,Bachelor's degree,Free/Reduced,,38.0,52.0,23.0,62.8,37.666666666666664,Low
3223,Female,Group A,Master's degree,Free/Reduced,,49.0,93.0,22.0,79.05,54.666666666666664,Medium
3224,Male,Group E,High school,Free/Reduced,,74.0,28.0,60.0,96.78,54.0,Medium
3225,Female,Group C,Master's degree,Free/Reduced,,1.0,93.0,36.0,79.51,43.333333333333336,Low
3226,Female,Group D,Some college,Free/Reduced,Completed,68.0,97.0,50.0,62.55,71.66666666666667,Medium
3227,Male,Group E,Master's degree,Free/Reduced,Completed,85.0,88.0,14.0,69.17,62.333333333333336,Medium
3228,Female,Group C,Bachelor's degree,Free/Reduced,Completed,61.0,80.0,56.0,83.15,65.66666666666667,Medium
3229,Male,Group E,Bachelor's degree,Free/Reduced,,45.0,58.0,50.0,63.51,51.0,Medium
3230,Female,Group B,Some college,Standard,Completed,76.0,23.0,13.0,76.95,37.333333333333336,Low
3231,Female,Group C,Some college,Standard,,86.0,37.0,51.0,73.16,58.0,Medium
3232,Female,Group B,Associate degree,Standard,,30.0,27.0,83.0,92.61,46.666666666666664,Low
3233,Male,Group B,High school,Free/Reduced,,98.0,96.0,35.0,64.41,76.33333333333333,High
3234,Female,Group C,High school,Standard,Completed,34.0,61.0,26.0,87.31,40.333333333333336,Low
3235,Female,Group A,High school,Free/Reduced,Completed,44.0,99.0,16.0,76.26,53.0,Medium
3236,Female,Group C,Bachelor's degree,Standard,Completed,76.0,50.0,89.0,83.51,71.66666666666667,Medium
3237,Male,Group A,High school,Free/Reduced,Completed,49.0,6.0,40.0,68.22,31.666666666666668,Low
3238,Male,Group E,Associate degree,Free/Reduced,,70.0,22.0,3.0,84.39,31.666666666666668,Low
3239,Female,Group E,Associate degree,Standard,Completed,68.0,45.0,2.0,86.96,38.333333333333336,Low
3240,Male,Group C,High school,Free/Reduced,,28.0,89.0,18.0,62.81,45.0,Low
3241,Female,Group E,Some college,Standard,,71.0,77.0,40.0,92.97,62.666666666666664,Medium
3242,Female,Group D,Associate degree,Standard,,7.0,27.0,39.0,94.45,24.333333333333332,Low
3243,Female,Group B,Some college,Standard,,53.0,23.0,57.0,62.54,44.333333333333336,Low
3244,Female,Group B,Bachelor's degree,Standard,,6.0,6.0,38.0,84.13,16.666666666666668,Low
3245,Female,Group A,Associate degree,Standard,,82.0,99.0,6.0,83.76,62.333333333333336,Medium
3246,Female,Group E,Some college,Standard,,22.0,78.0,50.0,60.5,50.0,Medium
3247,Female,Group A,High school,Standard,Completed,99.0,48.0,82.0,73.69,76.33333333333333,High
3248,Male,Group B,Bachelor's degree,Standard,Completed,31.0,2.0,75.0,98.76,36.0,Low
3249,Male,Group B,Master's degree,Standard,,61.0,1.0,19.0,82.22,27.0,Low
3250,Male,Group E,Master's degree,Free/Reduced,Completed,44.0,51.0,75.0,97.33,56.666666666666664,Medium
3251,Male,Group D,High school,Free/Reduced,Completed,67.0,79.0,28.0,87.03,58.0,Medium
3252,Male,Group D,Bachelor's degree,Standard,Completed,49.0,20.0,93.0,61.14,54.0,Medium
3253,Male,Group E,Bachelor's degree,Free/Reduced,Completed,38.0,8.0,83.0,63.11,43.0,Low
3254,Male,Group E,Bachelor's degree,Free/Reduced,,4.0,11.0,67.0,88.89,27.333333333333332,Low
3255,Female,Group A,Bachelor's degree,Standard,Completed,66.0,92.0,65.0,82.18,74.33333333333333,Medium
3256,Female,Group E,Master's degree,Standard,,21.0,23.0,46.0,65.09,30.0,Low
3257,Female,Group D,Some college,Free/Reduced,,27.0,32.0,93.0,84.56,50.666666666666664,Medium
3258,Female,Group E,Bachelor's degree,Standard,Completed,21.0,77.0,22.0,92.41,40.0,Low
3259,Male,Group A,Some college,Standard,Completed,85.0,42.0,5.0,90.12,44.0,Low
3260,Male,Group A,Bachelor's degree,Standard,,97.0,81.0,17.0,69.85,65.0,Medium
3261,Female,Group A,Associate degree,Free/Reduced,,28.0,4.0,52.0,70.33,28.0,Low
3262,Female,Group A,Associate degree,Standard,Completed,49.0,78.0,21.0,98.71,49.333333333333336,Low
3263,Male,Group C,Associate degree,Free/Reduced,Completed,41.0,70.0,100.0,95.5,70.33333333333333,Medium
3264,Female,Group E,Bachelor's degree,Standard,,59.0,88.0,67.0,72.73,71.33333333333333,Medium
3265,Female,Group B,Some college,Standard,Completed,76.0,13.0,74.0,92.96,54.333333333333336,Medium
3266,Female,Group E,Master's degree,Free/Reduced,,70.0,35.0,34.0,66.47,46.333333333333336,Low
3267,Female,Group C,High school,Standard,,73.0,34.0,74.0,67.87,60.333333333333336,Medium
3268,Male,Group A,Master's degree,Free/Reduced,,91.0,49.0,97.0,67.25,79.0,High
3269,Female,Group C,Bachelor's degree,Free/Reduced,,67.0,87.0,50.0,63.51,68.0,Medium
3270,Female,Group D,Associate degree,Standard,Completed,58.0,78.0,30.0,94.19,55.333333333333336,Medium
3271,Male,Group D,Master's degree,Standard,,95.0,10.0,95.0,83.15,66.66666666666667,Medium
3272,Male,Group E,Some college,Free/Reduced,,85.0,23.0,50.0,70.36,52.666666666666664,Medium
3273,Female,Group E,Bachelor's degree,Free/Reduced,Completed,83.0,74.0,98.0,93.95,85.0,High
3274,Male,Group B,Master's degree,Standard,Completed,83.0,43.0,74.0,92.11,66.66666666666667,Medium
3275,Female,Group B,Bachelor's degree,Standard,,5.0,51.0,16.0,64.04,24.0,Low
3276,Female,Group D,Bachelor's degree,Standard,Completed,72.0,16.0,50.0,85.77,46.0,Low
3277,Male,Group A,Associate degree,Standard,Completed,27.0,69.0,99.0,88.87,65.0,Medium
3278,Female,Group C,Master's degree,Standard,,76.0,84.0,65.0,88.63,75.0,High
3279,Female,Group B,High school,Free/Reduced,Completed,30.0,7.0,23.0,88.93,20.0,Low
3280,Female,Group B,Associate degree,Free/Reduced,Completed,38.0,78.0,14.0,66.78,43.333333333333336,Low
3281,Female,Group A,Master's degree,Free/Reduced,Completed,49.0,95.0,27.0,72.6,57.0,Medium
3282,Male,Group A,Some college,Free/Reduced,Completed,77.0,73.0,2.0,93.77,50.666666666666664,Medium
3283,Male,Group E,Associate degree,Standard,Completed,85.0,27.0,28.0,95.94,46.666666666666664,Low
3284,Female,Group C,Some college,Free/Reduced,,36.0,78.0,51.0,71.17,55.0,Medium
3285,Male,Group A,Associate degree,Standard,Completed,87.0,51.0,53.0,60.92,63.666666666666664,Medium
3286,Female,Group B,Bachelor's degree,Standard,,71.0,42.0,57.0,94.39,56.666666666666664,Medium
3287,Female,Group B,Master's degree,Standard,,14.0,81.0,44.0,75.08,46.333333333333336,Low
3288,Female,Group D,Some college,Standard,Completed,49.0,36.0,76.0,73.18,53.666666666666664,Medium
3289,Female,Group A,Associate degree,Standard,Completed,69.0,87.0,49.0,73.88,68.33333333333333,Medium
3290,Female,Group E,Some college,Free/Reduced,Completed,22.0,62.0,21.0,76.63,35.0,Low
3291,Male,Group C,Associate degree,Standard,Completed,24.0,100.0,51.0,75.13,58.333333333333336,Medium
3292,Female,Group E,Associate degree,Standard,Completed,94.0,92.0,52.0,82.66,79.33333333333333,High
3293,Male,Group B,High school,Standard,Completed,45.0,62.0,30.0,63.16,45.666666666666664,Low
3294,Male,Group E,High school,Free/Reduced,Completed,92.0,9.0,70.0,98.86,57.0,Medium
3295,Female,Group B,High school,Standard,Completed,22.0,77.0,47.0,97.46,48.666666666666664,Low
3296,Female,Group B,Some college,Standard,Completed,9.0,79.0,89.0,97.38,59.0,Medium
3297,Female,Group B,Bachelor's degree,Standard,Completed,72.0,51.0,30.0,95.17,51.0,Medium
3298,Female,Group B,Associate degree,Free/Reduced,Completed,76.0,10.0,3.0,86.41,29.666666666666668,Low
3299,Female,Group B,Master's degree,Standard,Completed,31.0,89.0,34.0,68.84,51.333333333333336,Medium
3300,Male,Group D,High school,Free/Reduced,,50.0,18.0,96.0,61.98,54.666666666666664,Medium
3301,Female,Group E,Some college,Free/Reduced,Completed,40.0,51.0,66.0,63.97,52.333333333333336,Medium
3302,Female,Group D,Some college,Standard,,64.0,17.0,63.0,72.96,48.0,Low
3303,Male,Group D,Some college,Free/Reduced,,64.0,93.0,82.0,80.16,79.66666666666667,High
3304,Male,Group A,Master's degree,Free/Reduced,Completed,100.0,31.0,8.0,99.73,46.333333333333336,Low
3305,Female,Group A,Master's degree,Standard,,39.0,22.0,45.0,77.42,35.333333333333336,Low
3306,Male,Group A,High school,Standard,Completed,17.0,11.0,82.0,80.99,36.666666666666664,Low
3307,Female,Group C,Master's degree,Standard,Completed,35.0,57.0,55.0,87.81,49.0,Low
3308,Male,Group A,High school,Standard,,30.0,76.0,55.0,67.23,53.666666666666664,Medium
3309,Male,Group E,Master's degree,Free/Reduced,Completed,53.0,20.0,82.0,97.31,51.666666666666664,Medium
3310,Female,Group D,Master's degree,Free/Reduced,,62.0,20.0,50.0,81.16,44.0,Low
3311,Male,Group E,Master's degree,Standard,,49.0,92.0,59.0,71.05,66.66666666666667,Medium
3312,Male,Group A,High school,Standard,Completed,51.0,92.0,76.0,97.4,73.0,Medium
3313,Male,Group C,Associate degree,Standard,,99.0,90.0,85.0,85.02,91.33333333333333,High
3314,Male,Group C,High school,Free/Reduced,,56.0,28.0,71.0,79.35,51.666666666666664,Medium
3315,Male,Group D,Associate degree,Standard,Completed,8.0,78.0,87.0,83.21,57.666666666666664,Medium
3316,Male,Group E,Some college,Free/Reduced,,85.0,51.0,89.0,89.93,75.0,High
3317,Female,Group B,Some college,Free/Reduced,Completed,91.0,11.0,50.0,66.18,50.666666666666664,Medium
3318,Female,Group E,High school,Free/Reduced,Completed,89.0,57.0,57.0,94.59,67.66666666666667,Medium
3319,Male,Group A,Associate degree,Free/Reduced,Completed,73.0,40.0,62.0,98.38,58.333333333333336,Medium
3320,Female,Group B,Associate degree,Standard,Completed,55.0,18.0,57.0,82.68,43.333333333333336,Low
3321,Female,Group C,Associate degree,Standard,,46.0,11.0,2.0,87.29,19.666666666666668,Low
3322,Female,Group D,Some college,Standard,Completed,2.0,22.0,6.0,94.39,10.0,Low
3323,Male,Group D,High school,Free/Reduced,,1.0,4.0,51.0,74.99,18.666666666666668,Low
3324,Female,Group C,Bachelor's degree,Free/Reduced,,53.0,25.0,61.0,99.71,46.333333333333336,Low
3325,Male,Group A,Associate degree,Standard,Completed,36.0,62.0,1.0,87.22,33.0,Low
3326,Female,Group C,Associate degree,Free/Reduced,Completed,55.0,51.0,32.0,76.96,46.0,Low
3327,Male,Group A,Bachelor's degree,Free/Reduced,Completed,30.0,9.0,11.0,87.09,16.666666666666668,Low
3328,Male,Group B,High school,Free/Reduced,,49.0,85.0,47.0,80.87,60.333333333333336,Medium
3329,Female,Group C,Associate degree,Standard,Completed,95.0,38.0,75.0,64.47,69.33333333333333,Medium
3330,Female,Group A,Master's degree,Standard,,11.0,22.0,52.0,91.83,28.333333333333332,Low
3331,Male,Group B,Associate degree,Standard,Completed,57.0,10.0,73.0,82.58,46.666666666666664,Low
3332,Female,Group C,Master's degree,Free/Reduced,Completed,66.0,91.0,40.0,91.83,65.66666666666667,Medium
3333,Female,Group D,Associate degree,Standard,,25.0,94.0,90.0,66.2,69.66666666666667,Medium
3334,Female,Group C,Master's degree,Standard,,77.0,71.0,81.0,81.53,76.33333333333333,High
3335,Male,Group E,High school,Standard,Completed,11.0,47.0,57.0,90.66,38.333333333333336,Low
3336,Male,Group C,Associate degree,Free/Reduced,Completed,89.0,91.0,50.0,99.53,76.66666666666667,High
3337,Female,Group E,Some college,Free/Reduced,Completed,15.0,15.0,22.0,95.38,17.333333333333332,Low
3338,Female,Group B,Some college,Free/Reduced,,52.0,45.0,84.0,94.57,60.333333333333336,Medium
3339,Female,Group C,Bachelor's degree,Free/Reduced,Completed,71.0,46.0,35.0,69.9,50.666666666666664,Medium
3340,Male,Group B,Some college,Free/Reduced,Completed,48.0,94.0,93.0,93.52,78.33333333333333,High
3341,Male,Group B,Master's degree,Standard,,48.0,47.0,84.0,66.77,59.666666666666664,Medium
3342,Female,Group A,Some college,Standard,Completed,91.0,79.0,86.0,67.92,85.33333333333333,High
3343,Female,Group B,Some college,Free/Reduced,,6.0,68.0,20.0,64.4,31.333333333333332,Low
3344,Female,Group B,Some college,Free/Reduced,,14.0,98.0,71.0,94.3,61.0,Medium
3345,Female,Group C,Master's degree,Standard,Completed,35.0,24.0,54.0,64.33,37.666666666666664,Low
3346,Female,Group C,Bachelor's degree,Free/Reduced,Completed,71.0,76.0,55.0,65.52,67.33333333333333,Medium
3347,Female,Group D,High school,Free/Reduced,,73.0,92.0,12.0,69.84,59.0,Medium
3348,Male,Group A,Bachelor's degree,Free/Reduced,,14.0,90.0,21.0,82.91,41.666666666666664,Low
3349,Female,Group B,Master's degree,Free/Reduced,Completed,49.0,80.0,6.0,95.21,45.0,Low
3350,Male,Group A,Associate degree,Free/Reduced,,17.0,36.0,23.0,76.73,25.333333333333332,Low
3351,Female,Group E,Associate degree,Standard,,45.0,62.0,60.0,81.85,55.666666666666664,Medium
3352,Female,Group B,Some college,Standard,Completed,100.0,28.0,4.0,66.66,44.0,Low
3353,Male,Group A,Some college,Free/Reduced,,60.0,57.0,49.0,70.64,55.333333333333336,Medium
3354,Male,Group D,Master's degree,Free/Reduced,,42.0,97.0,61.0,65.36,66.66666666666667,Medium
3355,Male,Group D,Associate degree,Standard,,43.0,93.0,54.0,76.4,63.333333333333336,Medium
3356,Male,Group B,High school,Free/Reduced,,98.0,30.0,25.0,83.61,51.0,Medium
3357,Female,Group E,Bachelor's degree,Standard,,65.0,85.0,9.0,71.36,53.0,Medium
3358,Male,Group D,Associate degree,Free/Reduced,,54.0,88.0,10.0,93.84,50.666666666666664,Medium
3359,Female,Group D,High school,Standard,Completed,85.0,67.0,39.0,99.25,63.666666666666664,Medium
3360,Male,Group E,Master's degree,Standard,Completed,78.0,98.0,10.0,64.81,62.0,Medium
3361,Female,Group A,Bachelor's degree,Free/Reduced,Completed,100.0,51.0,93.0,60.71,81.33333333333333,High
3362,Female,Group D,High school,Free/Reduced,Completed,38.0,49.0,3.0,91.59,30.0,Low
3363,Female,Group C,Master's degree,Standard,,99.0,43.0,1.0,67.63,47.666666666666664,Low
3364,Female,Group D,High school,Free/Reduced,Completed,4.0,51.0,76.0,74.13,43.666666666666664,Low
3365,Female,Group A,Master's degree,Standard,,56.0,58.0,38.0,75.77,50.666666666666664,Medium
3366,Female,Group A,High school,Free/Reduced,Completed,14.0,89.0,80.0,96.66,61.0,Medium
3367,Male,Group B,Some college,Free/Reduced,,90.0,51.0,22.0,86.35,54.333333333333336,Medium
3368,Female,Group C,High school,Free/Reduced,Completed,15.0,26.0,44.0,61.62,28.333333333333332,Low
3369,Male,Group A,Master's degree,Standard,,56.0,51.0,73.0,60.59,60.0,Medium
3370,Male,Group E,High school,Standard,Completed,99.0,93.0,76.0,67.98,89.33333333333333,High
3371,Female,Group C,High school,Free/Reduced,Completed,81.0,58.0,41.0,72.73,60.0,Medium
3372,Male,Group C,High school,Standard,Completed,98.0,51.0,41.0,79.38,63.333333333333336,Medium
3373,Female,Group E,Master's degree,Free/Reduced,Completed,24.0,2.0,28.0,93.51,18.0,Low
3374,Male,Group D,High school,Standard,Completed,49.0,92.0,15.0,72.59,52.0,Medium
3375,Female,Group E,Bachelor's degree,Free/Reduced,,30.0,6.0,66.0,75.06,34.0,Low
3376,Male,Group E,Bachelor's degree,Standard,Completed,100.0,81.0,99.0,73.17,93.33333333333333,High
3377,Female,Group D,Master's degree,Standard,,33.0,15.0,59.0,60.36,35.666666666666664,Low
3378,Female,Group D,Some college,Standard,Completed,86.0,48.0,3.0,98.21,45.666666666666664,Low
3379,Female,Group D,Bachelor's degree,Standard,Completed,15.0,51.0,99.0,65.56,55.0,Medium
3380,Female,Group D,Associate degree,Standard,Completed,69.0,88.0,15.0,71.51,57.333333333333336,Medium
3381,Male,Group D,Bachelor's degree,Standard,,58.0,43.0,40.0,65.17,47.0,Low
3382,Female,Group E,Associate degree,Free/Reduced,Completed,14.0,95.0,5.0,79.62,38.0,Low
3383,Male,Group B,Master's degree,Free/Reduced,Completed,81.0,18.0,41.0,97.29,46.666666666666664,Low
3384,Male,Group B,Some college,Standard,,12.0,2.0,56.0,64.03,23.333333333333332,Low
3385,Male,Group A,Associate degree,Free/Reduced,,23.0,59.0,27.0,77.64,36.333333333333336,Low
3386,Female,Group B,Associate degree,Standard,,12.0,34.0,99.0,60.89,48.333333333333336,Low
3387,Male,Group B,Bachelor's degree,Free/Reduced,,64.0,28.0,22.0,90.84,38.0,Low
3388,Male,Group E,Associate degree,Free/Reduced,Completed,35.0,74.0,75.0,85.65,61.333333333333336,Medium
3389,Male,Group D,Master's degree,Free/Reduced,,48.0,69.0,41.0,87.99,52.666666666666664,Medium
3390,Female,Group D,Master's degree,Free/Reduced,,81.0,82.0,94.0,78.89,85.66666666666667,High
3391,Female,Group E,Master's degree,Standard,Completed,47.0,100.0,11.0,96.31,52.666666666666664,Medium
3392,Male,Group B,Bachelor's degree,Free/Reduced,,96.0,44.0,95.0,76.38,78.33333333333333,High
3393,Female,Group E,Some college,Free/Reduced,,49.0,26.0,88.0,80.56,54.333333333333336,Medium
3394,Female,Group A,Bachelor's degree,Free/Reduced,,5.0,68.0,50.0,87.81,41.0,Low
3395,Male,Group D,Master's degree,Standard,Completed,80.0,89.0,57.0,80.82,75.33333333333333,High
3396,Male,Group C,Bachelor's degree,Free/Reduced,,67.0,34.0,50.0,67.57,50.333333333333336,Medium
3397,Female,Group A,Master's degree,Standard,,13.0,18.0,28.0,72.68,19.666666666666668,Low
3398,Male,Group A,High school,Standard,,29.0,16.0,18.0,63.69,21.0,Low
3399,Female,Group E,High school,Free/Reduced,Completed,83.0,34.0,85.0,77.3,67.33333333333333,Medium
3400,Female,Group B,Associate degree,Standard,Completed,7.0,76.0,87.0,84.38,56.666666666666664,Medium
3401,Female,Group D,Some college,Free/Reduced,,53.0,77.0,96.0,64.74,75.33333333333333,High
3402,Female,Group C,High school,Free/Reduced,Completed,65.0,29.0,99.0,85.22,64.33333333333333,Medium
3403,Female,Group A,Master's degree,Free/Reduced,,100.0,47.0,44.0,95.71,63.666666666666664,Medium
3404,Female,Group C,Bachelor's degree,Free/Reduced,Completed,3.0,51.0,53.0,73.51,35.666666666666664,Low
3405,Male,Group B,Bachelor's degree,Free/Reduced,Completed,73.0,16.0,79.0,68.88,56.0,Medium
3406,Male,Group B,Associate degree,Free/Reduced,,83.0,100.0,65.0,95.72,82.66666666666667,High
3407,Female,Group C,Bachelor's degree,Free/Reduced,,59.0,14.0,50.0,87.68,41.0,Low
3408,Female,Group D,High school,Standard,,52.0,81.0,12.0,64.22,48.333333333333336,Low
3409,Female,Group B,Bachelor's degree,Standard,Completed,98.0,13.0,93.0,76.32,68.0,Medium
3410,Male,Group C,Master's degree,Free/Reduced,,73.0,13.0,64.0,86.96,50.0,Medium
3411,Female,Group A,High school,Free/Reduced,Completed,91.0,44.0,11.0,82.98,48.666666666666664,Low
3412,Male,Group C,Some college,Standard,Completed,14.0,96.0,70.0,84.74,60.0,Medium
3413,Female,Group C,Associate degree,Free/Reduced,,49.0,51.0,13.0,82.69,37.666666666666664,Low
3414,Female,Group E,Master's degree,Standard,Completed,0.0,62.0,41.0,91.92,34.333333333333336,Low
3415,Male,Group B,High school,Standard,Completed,21.0,74.0,98.0,72.82,64.33333333333333,Medium
3416,Male,Group D,Associate degree,Free/Reduced,,90.0,10.0,91.0,88.34,63.666666666666664,Medium
3417,Female,Group D,Master's degree,Free/Reduced,Completed,92.0,47.0,75.0,99.64,71.33333333333333,Medium
3418,Female,Group E,Bachelor's degree,Standard,Completed,14.0,25.0,47.0,75.6,28.666666666666668,Low
3419,Female,Group D,Associate degree,Standard,,73.0,66.0,23.0,91.64,54.0,Medium
3420,Male,Group C,Associate degree,Free/Reduced,,83.0,24.0,64.0,69.84,57.0,Medium
3421,Male,Group E,Associate degree,Free/Reduced,,21.0,80.0,16.0,71.28,39.0,Low
3422,Male,Group A,Bachelor's degree,Standard,Completed,49.0,60.0,37.0,97.39,48.666666666666664,Low
3423,Male,Group B,Bachelor's degree,Standard,Completed,47.0,85.0,27.0,61.04,53.0,Medium
3424,Male,Group B,Associate degree,Standard,Completed,49.0,92.0,32.0,68.7,57.666666666666664,Medium
3425,Male,Group B,Some college,Free/Reduced,,50.0,25.0,23.0,79.32,32.666666666666664,Low
3426,Female,Group C,Master's degree,Free/Reduced,Completed,95.0,33.0,69.0,76.07,65.66666666666667,Medium
3427,Female,Group A,Bachelor's degree,Free/Reduced,Completed,16.0,89.0,84.0,85.17,63.0,Medium
3428,Male,Group E,Some college,Standard,Completed,82.0,8.0,3.0,67.71,31.0,Low
3429,Female,Group E,Bachelor's degree,Standard,,90.0,39.0,32.0,62.82,53.666666666666664,Medium
3430,Female,Group B,Associate degree,Free/Reduced,,50.0,74.0,9.0,74.77,44.333333333333336,Low
3431,Male,Group A,Some college,Standard,,36.0,6.0,35.0,80.97,25.666666666666668,Low
3432,Female,Group A,Master's degree,Standard,Completed,97.0,29.0,76.0,82.48,67.33333333333333,Medium
3433,Male,Group A,High school,Standard,Completed,48.0,65.0,99.0,84.06,70.66666666666667,Medium
3434,Male,Group D,High school,Standard,,58.0,29.0,72.0,81.95,53.0,Medium
3435,Female,Group D,Bachelor's degree,Standard,,9.0,67.0,30.0,69.83,35.333333333333336,Low
3436,Male,Group B,High school,Free/Reduced,Completed,29.0,57.0,3.0,90.58,29.666666666666668,Low
3437,Male,Group A,Master's degree,Free/Reduced,,84.0,54.0,83.0,63.51,73.66666666666667,Medium
3438,Male,Group A,Master's degree,Free/Reduced,Completed,20.0,13.0,50.0,67.93,27.666666666666668,Low
3439,Male,Group E,Some college,Free/Reduced,,33.0,76.0,26.0,89.58,45.0,Low
3440,Male,Group E,Associate degree,Free/Reduced,,72.0,88.0,35.0,71.19,65.0,Medium
3441,Male,Group B,Some college,Standard,,97.0,76.0,8.0,79.74,60.333333333333336,Medium
3442,Male,Group A,Bachelor's degree,Standard,Completed,49.0,76.0,42.0,73.09,55.666666666666664,Medium
3443,Male,Group B,Master's degree,Standard,,75.0,36.0,23.0,80.28,44.666666666666664,Low
3444,Female,Group E,Associate degree,Free/Reduced,Completed,46.0,43.0,36.0,73.87,41.666666666666664,Low
3445,Female,Group E,Bachelor's degree,Standard,,84.0,5.0,40.0,99.77,43.0,Low
3446,Female,Group D,Bachelor's degree,Standard,,83.0,25.0,93.0,74.3,67.0,Medium
3447,Male,Group B,Bachelor's degree,Standard,Completed,5.0,13.0,25.0,85.08,14.333333333333334,Low
3448,Male,Group B,High school,Free/Reduced,Completed,49.0,7.0,3.0,95.53,19.666666666666668,Low
3449,Female,Group A,Bachelor's degree,Standard,,99.0,23.0,0.0,85.52,40.666666666666664,Low
3450,Female,Group A,High school,Standard,Completed,62.0,85.0,19.0,82.63,55.333333333333336,Medium
3451,Female,Group D,Some college,Free/Reduced,,11.0,38.0,91.0,82.77,46.666666666666664,Low
3452,Male,Group C,High school,Free/Reduced,Completed,40.0,48.0,44.0,79.86,44.0,Low
3453,Female,Group C,Bachelor's degree,Standard,Completed,30.0,84.0,87.0,92.3,67.0,Medium
3454,Female,Group C,Master's degree,Free/Reduced,,1.0,62.0,91.0,62.02,51.333333333333336,Medium
3455,Male,Group B,Master's degree,Standard,,15.0,25.0,91.0,95.41,43.666666666666664,Low
3456,Female,Group B,Some college,Free/Reduced,Completed,0.0,51.0,68.0,83.45,39.666666666666664,Low
3457,Male,Group E,Bachelor's degree,Standard,Completed,3.0,76.0,50.0,93.95,43.0,Low
3458,Male,Group B,High school,Standard,,46.0,57.0,51.0,60.42,51.333333333333336,Medium
3459,Male,Group B,Master's degree,Free/Reduced,Completed,64.0,13.0,93.0,94.77,56.666666666666664,Medium
3460,Female,Group B,Associate degree,Free/Reduced,Completed,51.0,51.0,63.0,64.81,55.0,Medium
3461,Female,Group D,Bachelor's degree,Free/Reduced,Completed,46.0,70.0,20.0,88.85,45.333333333333336,Low
3462,Male,Group B,Master's degree,Free/Reduced,Completed,98.0,38.0,79.0,76.66,71.66666666666667,Medium
3463,Female,Group A,Associate degree,Standard,,76.0,30.0,71.0,87.24,59.0,Medium
3464,Female,Group A,Master's degree,Free/Reduced,,49.0,49.0,75.0,85.13,57.666666666666664,Medium
3465,Female,Group E,Associate degree,Standard,Completed,44.0,15.0,95.0,66.54,51.333333333333336,Medium
3466,Female,Group D,Some college,Standard,Completed,41.0,71.0,24.0,80.58,45.333333333333336,Low
3467,Male,Group A,High school,Standard,,94.0,50.0,66.0,71.09,70.0,Medium
3468,Female,Group D,High school,Free/Reduced,Completed,83.0,14.0,25.0,82.42,40.666666666666664,Low
3469,Male,Group D,Master's degree,Standard,Completed,55.0,88.0,99.0,89.52,80.66666666666667,High
3470,Male,Group E,Associate degree,Standard,Completed,70.0,51.0,80.0,63.25,67.0,Medium
3471,Female,Group D,Bachelor's degree,Free/Reduced,Completed,56.0,78.0,26.0,80.63,53.333333333333336,Medium
3472,Male,Group B,Bachelor's degree,Standard,Completed,32.0,88.0,50.0,84.71,56.666666666666664,Medium
3473,Female,Group D,Bachelor's degree,Standard,,27.0,70.0,62.0,71.81,53.0,Medium
3474,Female,Group E,Some college,Standard,Completed,43.0,89.0,85.0,98.12,72.33333333333333,Medium
3475,Male,Group E,Some college,Free/Reduced,Completed,55.0,71.0,44.0,80.81,56.666666666666664,Medium
3476,Male,Group E,Bachelor's degree,Standard,Completed,43.0,81.0,57.0,67.3,60.333333333333336,Medium
3477,Male,Group A,Master's degree,Standard,,83.0,20.0,37.0,64.31,46.666666666666664,Low
3478,Male,Group B,Some college,Standard,Completed,95.0,15.0,34.0,81.67,48.0,Low
3479,Female,Group A,Some college,Free/Reduced,Completed,72.0,66.0,45.0,75.01,61.0,Medium
3480,Female,Group C,High school,Free/Reduced,,33.0,64.0,70.0,67.7,55.666666666666664,Medium
3481,Female,Group B,High school,Free/Reduced,,49.0,51.0,2.0,61.23,34.0,Low
3482,Male,Group D,Master's degree,Standard,,67.0,63.0,5.0,82.66,45.0,Low
3483,Male,Group E,Some college,Standard,,28.0,60.0,12.0,83.94,33.333333333333336,Low
3484,Male,Group C,Some college,Standard,Completed,49.0,31.0,45.0,65.67,41.666666666666664,Low
3485,Female,Group B,Associate degree,Standard,Completed,16.0,11.0,78.0,84.07,35.0,Low
3486,Male,Group A,Master's degree,Standard,Completed,82.0,94.0,89.0,98.08,88.33333333333333,High
3487,Female,Group E,Master's degree,Free/Reduced,,8.0,40.0,32.0,99.13,26.666666666666668,Low
3488,Male,Group A,Associate degree,Standard,Completed,26.0,65.0,78.0,95.54,56.333333333333336,Medium
3489,Female,Group B,Associate degree,Standard,,49.0,7.0,61.0,92.28,39.0,Low
3490,Female,Group B,High school,Free/Reduced,,78.0,58.0,62.0,68.37,66.0,Medium
3491,Male,Group C,Master's degree,Free/Reduced,Completed,36.0,24.0,55.0,66.26,38.333333333333336,Low
3492,Male,Group D,Master's degree,Standard,,27.0,4.0,38.0,77.8,23.0,Low
3493,Female,Group A,Master's degree,Free/Reduced,,49.0,44.0,59.0,84.79,50.666666666666664,Medium
3494,Female,Group C,Bachelor's degree,Free/Reduced,Completed,54.0,1.0,50.0,94.03,35.0,Low
3495,Male,Group E,Bachelor's degree,Free/Reduced,Completed,49.0,41.0,82.0,69.28,57.333333333333336,Medium
3496,Male,Group D,High school,Standard,,84.0,37.0,91.0,79.19,70.66666666666667,Medium
3497,Female,Group C,Bachelor's degree,Free/Reduced,Completed,97.0,2.0,23.0,85.9,40.666666666666664,Low
3498,Male,Group A,Bachelor's degree,Standard,Completed,18.0,45.0,49.0,77.82,37.333333333333336,Low
3499,Female,Group B,Master's degree,Free/Reduced,,36.0,21.0,32.0,78.17,29.666666666666668,Low
3500,Female,Group E,Some college,Standard,,3.0,32.0,75.0,69.0,36.666666666666664,Low
3501,Male,Group A,High school,Standard,Completed,36.0,31.0,73.0,99.47,46.666666666666664,Low
3502,Male,Group D,Associate degree,Standard,Completed,50.0,16.0,6.0,79.01,24.0,Low
3503,Male,Group D,Bachelor's degree,Free/Reduced,,49.0,81.0,45.0,81.31,58.333333333333336,Medium
3504,Male,Group B,Some college,Free/Reduced,Completed,44.0,55.0,61.0,68.74,53.333333333333336,Medium
3505,Male,Group B,Master's degree,Free/Reduced,,11.0,2.0,0.0,80.57,4.333333333333333,Low
3506,Female,Group E,Some college,Standard,,40.0,69.0,78.0,70.21,62.333333333333336,Medium
3507,Female,Group E,High school,Free/Reduced,Completed,55.0,48.0,64.0,68.09,55.666666666666664,Medium
3508,Male,Group B,Bachelor's degree,Free/Reduced,Completed,79.0,54.0,44.0,71.03,59.0,Medium
3509,Male,Group B,Some college,Standard,Completed,13.0,76.0,83.0,60.11,57.333333333333336,Medium
3510,Male,Group D,Master's degree,Free/Reduced,Completed,53.0,51.0,54.0,82.81,52.666666666666664,Medium
3511,Female,Group B,Master's degree,Standard,Completed,62.0,80.0,65.0,75.5,69.0,Medium
3512,Male,Group C,Some college,Free/Reduced,,64.0,20.0,66.0,95.95,50.0,Medium
3513,Male,Group A,Bachelor's degree,Standard,Completed,57.0,15.0,99.0,61.63,57.0,Medium
3514,Female,Group B,Bachelor's degree,Standard,,95.0,16.0,79.0,61.73,63.333333333333336,Medium
3515,Female,Group E,Master's degree,Free/Reduced,Completed,20.0,95.0,53.0,95.43,56.0,Medium
3516,Male,Group C,High school,Standard,,3.0,0.0,92.0,65.07,31.666666666666668,Low
3517,Male,Group E,Associate degree,Free/Reduced,Completed,72.0,71.0,99.0,60.09,80.66666666666667,High
3518,Male,Group C,High school,Free/Reduced,Completed,45.0,64.0,62.0,67.16,57.0,Medium
3519,Female,Group B,Bachelor's degree,Free/Reduced,,85.0,65.0,53.0,92.96,67.66666666666667,Medium
3520,Male,Group A,Associate degree,Free/Reduced,Completed,11.0,36.0,51.0,92.11,32.666666666666664,Low
3521,Male,Group E,High school,Standard,Completed,29.0,23.0,53.0,73.61,35.0,Low
3522,Male,Group C,Some college,Standard,,93.0,90.0,66.0,86.72,83.0,High
3523,Female,Group D,Master's degree,Standard,,95.0,83.0,36.0,80.29,71.33333333333333,Medium
3524,Female,Group B,High school,Free/Reduced,,59.0,61.0,11.0,96.19,43.666666666666664,Low
3525,Male,Group A,High school,Free/Reduced,Completed,99.0,20.0,58.0,62.26,59.0,Medium
3526,Male,Group B,Some college,Standard,,70.0,36.0,19.0,92.53,41.666666666666664,Low
3527,Female,Group D,Bachelor's degree,Standard,,80.0,34.0,86.0,66.82,66.66666666666667,Medium
3528,Female,Group A,Some college,Free/Reduced,Completed,64.0,37.0,85.0,75.66,62.0,Medium
3529,Female,Group D,High school,Free/Reduced,Completed,13.0,52.0,31.0,67.68,32.0,Low
3530,Female,Group B,Bachelor's degree,Free/Reduced,Completed,43.0,14.0,70.0,88.1,42.333333333333336,Low
3531,Female,Group C,Associate degree,Standard,Completed,25.0,41.0,85.0,87.13,50.333333333333336,Medium
3532,Female,Group B,High school,Free/Reduced,Completed,90.0,93.0,50.0,81.92,77.66666666666667,High
3533,Female,Group B,Some college,Standard,Completed,15.0,3.0,65.0,87.93,27.666666666666668,Low
3534,Female,Group B,Associate degree,Free/Reduced,,6.0,38.0,77.0,85.58,40.333333333333336,Low
3535,Female,Group E,Master's degree,Standard,,31.0,78.0,54.0,91.06,54.333333333333336,Medium
3536,Male,Group D,Associate degree,Free/Reduced,Completed,88.0,22.0,15.0,69.58,41.666666666666664,Low
3537,Male,Group D,Some college,Standard,,94.0,14.0,87.0,77.16,65.0,Medium
3538,Male,Group D,Associate degree,Standard,,15.0,89.0,70.0,66.07,58.0,Medium
3539,Female,Group E,Some college,Standard,,77.0,11.0,67.0,77.18,51.666666666666664,Medium
3540,Male,Group C,Master's degree,Free/Reduced,,88.0,81.0,51.0,88.07,73.33333333333333,Medium
3541,Female,Group B,Bachelor's degree,Standard,Completed,61.0,69.0,36.0,87.66,55.333333333333336,Medium
3542,Female,Group C,Master's degree,Standard,Completed,29.0,81.0,45.0,88.38,51.666666666666664,Medium
3543,Male,Group E,Bachelor's degree,Free/Reduced,,70.0,53.0,40.0,72.35,54.333333333333336,Medium
3544,Female,Group D,Bachelor's degree,Standard,Completed,11.0,87.0,4.0,86.49,34.0,Low
3545,Male,Group B,Bachelor's degree,Standard,,66.0,37.0,65.0,74.7,56.0,Medium
3546,Male,Group A,Some college,Free/Reduced,,90.0,27.0,4.0,97.78,40.333333333333336,Low
3547,Male,Group A,Some college,Standard,Completed,45.0,78.0,62.0,73.73,61.666666666666664,Medium
3548,Female,Group C,Master's degree,Free/Reduced,,82.0,18.0,2.0,84.12,34.0,Low
3549,Male,Group D,Some college,Standard,Completed,42.0,68.0,7.0,90.01,39.0,Low
3550,Female,Group A,Some college,Free/Reduced,Completed,100.0,63.0,25.0,96.26,62.666666666666664,Medium
3551,Male,Group C,Some college,Standard,Completed,54.0,3.0,73.0,77.52,43.333333333333336,Low
3552,Male,Group E,Some college,Standard,Completed,44.0,80.0,97.0,74.42,73.66666666666667,Medium
3553,Male,Group C,Master's degree,Standard,Completed,59.0,9.0,99.0,77.2,55.666666666666664,Medium
3554,Female,Group C,Master's degree,Free/Reduced,Completed,70.0,11.0,52.0,72.95,44.333333333333336,Low
3555,Female,Group C,Some college,Standard,Completed,79.0,68.0,75.0,86.16,74.0,Medium
3556,Female,Group B,Master's degree,Standard,Completed,31.0,6.0,83.0,97.31,40.0,Low
3557,Male,Group C,Associate degree,Free/Reduced,Completed,7.0,43.0,28.0,65.04,26.0,Low
3558,Male,Group C,High school,Free/Reduced,,76.0,22.0,13.0,82.44,37.0,Low
3559,Female,Group B,Some college,Free/Reduced,Completed,61.0,1.0,4.0,95.91,22.0,Low
3560,Female,Group B,High school,Standard,,74.0,93.0,26.0,64.0,64.33333333333333,Medium
3561,Female,Group E,High school,Standard,Completed,19.0,36.0,67.0,79.75,40.666666666666664,Low
3562,Female,Group D,Associate degree,Standard,,17.0,68.0,28.0,94.61,37.666666666666664,Low
3563,Female,Group A,Master's degree,Free/Reduced,Completed,49.0,19.0,2.0,96.02,23.333333333333332,Low
3564,Female,Group A,High school,Free/Reduced,Completed,5.0,89.0,96.0,80.57,63.333333333333336,Medium
3565,Male,Group C,Bachelor's degree,Standard,Completed,83.0,43.0,29.0,61.0,51.666666666666664,Medium
3566,Female,Group E,Associate degree,Standard,,95.0,51.0,99.0,64.23,81.66666666666667,High
3567,Male,Group C,Bachelor's degree,Free/Reduced,,28.0,92.0,8.0,83.47,42.666666666666664,Low
3568,Male,Group A,Associate degree,Free/Reduced,Completed,3.0,51.0,0.0,64.95,18.0,Low
3569,Female,Group B,Bachelor's degree,Free/Reduced,,70.0,50.0,22.0,65.98,47.333333333333336,Low
3570,Female,Group D,Bachelor's degree,Standard,Completed,42.0,79.0,66.0,90.88,62.333333333333336,Medium
3571,Male,Group E,High school,Free/Reduced,,49.0,97.0,31.0,90.03,59.0,Medium
3572,Female,Group B,High school,Free/Reduced,,33.0,30.0,87.0,93.71,50.0,Medium
3573,Female,Group D,Associate degree,Free/Reduced,,99.0,99.0,5.0,64.23,67.66666666666667,Medium
3574,Male,Group E,Master's degree,Free/Reduced,Completed,70.0,40.0,76.0,67.93,62.0,Medium
3575,Male,Group E,High school,Standard,,32.0,57.0,48.0,93.32,45.666666666666664,Low
3576,Male,Group A,High school,Free/Reduced,,49.0,4.0,14.0,88.84,22.333333333333332,Low
3577,Female,Group B,Master's degree,Standard,Completed,95.0,32.0,57.0,92.24,61.333333333333336,Medium
3578,Male,Group E,High school,Standard,Completed,85.0,42.0,52.0,99.59,59.666666666666664,Medium
3579,Female,Group E,Master's degree,Free/Reduced,,39.0,18.0,29.0,94.58,28.666666666666668,Low
3580,Male,Group D,Some college,Free/Reduced,,92.0,31.0,75.0,80.82,66.0,Medium
3581,Male,Group A,Bachelor's degree,Standard,Completed,88.0,86.0,50.0,72.43,74.66666666666667,Medium
3582,Male,Group C,Bachelor's degree,Free/Reduced,Completed,4.0,2.0,58.0,82.79,21.333333333333332,Low
3583,Female,Group A,Some college,Standard,Completed,77.0,51.0,62.0,85.54,63.333333333333336,Medium
3584,Female,Group C,Some college,Free/Reduced,Completed,49.0,99.0,47.0,73.41,65.0,Medium
3585,Male,Group B,Some college,Standard,Completed,98.0,51.0,98.0,90.84,82.33333333333333,High
3586,Male,Group B,Associate degree,Standard,,65.0,51.0,91.0,63.71,69.0,Medium
3587,Male,Group E,Master's degree,Standard,Completed,88.0,47.0,67.0,91.18,67.33333333333333,Medium
3588,Female,Group B,Master's degree,Free/Reduced,Completed,53.0,38.0,6.0,61.28,32.333333333333336,Low
3589,Male,Group E,Bachelor's degree,Standard,,79.0,4.0,46.0,79.92,43.0,Low
3590,Female,Group A,Bachelor's degree,Standard,Completed,45.0,76.0,42.0,94.46,54.333333333333336,Medium
3591,Male,Group B,Bachelor's degree,Free/Reduced,Completed,79.0,10.0,15.0,63.46,34.666666666666664,Low
3592,Male,Group A,High school,Free/Reduced,Completed,10.0,21.0,21.0,80.71,17.333333333333332,Low
3593,Male,Group A,Bachelor's degree,Standard,,48.0,86.0,62.0,66.38,65.33333333333333,Medium
3594,Male,Group B,Some college,Standard,Completed,98.0,63.0,45.0,95.79,68.66666666666667,Medium
3595,Male,Group A,Bachelor's degree,Free/Reduced,Completed,22.0,11.0,44.0,93.29,25.666666666666668,Low
3596,Male,Group B,Some college,Standard,Completed,54.0,52.0,40.0,97.36,48.666666666666664,Low
3597,Female,Group B,Associate degree,Free/Reduced,Completed,4.0,54.0,24.0,95.0,27.333333333333332,Low
3598,Male,Group B,High school,Free/Reduced,,63.0,52.0,49.0,89.46,54.666666666666664,Medium
3599,Female,Group C,High school,Free/Reduced,,34.0,20.0,66.0,67.4,40.0,Low
3600,Male,Group A,Master's degree,Standard,Completed,92.0,51.0,51.0,72.1,64.66666666666667,Medium
3601,Male,Group D,Associate degree,Free/Reduced,Completed,68.0,51.0,85.0,79.87,68.0,Medium
3602,Female,Group B,Some college,Standard,Completed,53.0,87.0,30.0,83.56,56.666666666666664,Medium
3603,Male,Group A,Associate degree,Standard,Completed,2.0,93.0,36.0,91.29,43.666666666666664,Low
3604,Female,Group E,High school,Free/Reduced,Completed,5.0,71.0,21.0,69.08,32.333333333333336,Low
3605,Female,Group B,Some college,Free/Reduced,Completed,86.0,65.0,26.0,65.13,59.0,Medium
3606,Male,Group B,Associate degree,Free/Reduced,Completed,55.0,58.0,1.0,79.3,38.0,Low
3607,Female,Group D,High school,Free/Reduced,,1.0,48.0,21.0,66.31,23.333333333333332,Low
3608,Female,Group C,Some college,Standard,Completed,81.0,97.0,52.0,87.75,76.66666666666667,High
3609,Male,Group C,Some college,Standard,,93.0,58.0,16.0,83.03,55.666666666666664,Medium
3610,Female,Group B,High school,Free/Reduced,,37.0,22.0,55.0,89.64,38.0,Low
3611,Male,Group A,Some college,Standard,Completed,55.0,2.0,83.0,62.54,46.666666666666664,Low
3612,Male,Group E,High school,Free/Reduced,,4.0,55.0,50.0,98.59,36.333333333333336,Low
3613,Male,Group E,Bachelor's degree,Standard,,45.0,57.0,30.0,60.0,44.0,Low
3614,Male,Group A,Bachelor's degree,Standard,,10.0,87.0,42.0,73.02,46.333333333333336,Low
3615,Female,Group B,Some college,Standard,Completed,64.0,61.0,50.0,87.19,58.333333333333336,Medium
3616,Male,Group E,Some college,Free/Reduced,,9.0,17.0,52.0,61.81,26.0,Low
3617,Male,Group C,High school,Standard,,40.0,60.0,4.0,63.33,34.666666666666664,Low
3618,Female,Group A,Some college,Standard,Completed,43.0,36.0,1.0,63.07,26.666666666666668,Low
3619,Male,Group D,Master's degree,Standard,Completed,89.0,53.0,58.0,83.26,66.66666666666667,Medium
3620,Male,Group B,Bachelor's degree,Standard,,32.0,94.0,3.0,95.84,43.0,Low
3621,Female,Group A,Some college,Free/Reduced,Completed,90.0,77.0,98.0,82.22,88.33333333333333,High
3622,Female,Group E,Some college,Standard,Completed,55.0,64.0,33.0,84.14,50.666666666666664,Medium
3623,Female,Group B,Associate degree,Free/Reduced,,11.0,13.0,66.0,73.84,30.0,Low
3624,Female,Group C,Some college,Free/Reduced,,1.0,4.0,83.0,60.75,29.333333333333332,Low
3625,Female,Group B,Master's degree,Standard,,0.0,94.0,72.0,60.86,55.333333333333336,Medium
3626,Female,Group B,Bachelor's degree,Standard,Completed,64.0,94.0,5.0,95.53,54.333333333333336,Medium
3627,Female,Group C,Master's degree,Free/Reduced,,32.0,93.0,57.0,64.1,60.666666666666664,Medium
3628,Male,Group C,High school,Free/Reduced,,85.0,99.0,46.0,99.99,76.66666666666667,High
3629,Female,Group B,High school,Free/Reduced,Completed,75.0,61.0,4.0,66.58,46.666666666666664,Low
3630,Female,Group C,Bachelor's degree,Standard,Completed,35.0,0.0,60.0,86.99,31.666666666666668,Low
3631,Female,Group A,High school,Standard,Completed,20.0,62.0,55.0,97.96,45.666666666666664,Low
3632,Male,Group C,Master's degree,Free/Reduced,Completed,83.0,51.0,34.0,74.49,56.0,Medium
3633,Male,Group C,Some college,Free/Reduced,,35.0,19.0,94.0,89.38,49.333333333333336,Low
3634,Female,Group B,Bachelor's degree,Free/Reduced,,25.0,42.0,12.0,74.03,26.333333333333332,Low
3635,Female,Group A,Associate degree,Standard,,46.0,84.0,25.0,72.2,51.666666666666664,Medium
3636,Female,Group D,Some college,Standard,Completed,94.0,93.0,85.0,68.07,90.66666666666667,High
3637,Male,Group D,High school,Free/Reduced,,0.0,41.0,95.0,92.84,45.333333333333336,Low
3638,Male,Group E,High school,Standard,Completed,37.0,93.0,63.0,70.3,64.33333333333333,Medium
3639,Female,Group C,Associate degree,Free/Reduced,Completed,13.0,68.0,78.0,71.33,53.0,Medium
3640,Male,Group C,Master's degree,Standard,Completed,89.0,73.0,10.0,99.96,57.333333333333336,Medium
3641,Female,Group A,Associate degree,Free/Reduced,,45.0,51.0,50.0,73.09,48.666666666666664,Low
3642,Male,Group D,Bachelor's degree,Standard,Completed,41.0,38.0,79.0,76.91,52.666666666666664,Medium
3643,Male,Group E,Associate degree,Standard,,6.0,61.0,46.0,99.6,37.666666666666664,Low
3644,Female,Group A,High school,Standard,,54.0,47.0,69.0,74.77,56.666666666666664,Medium
3645,Female,Group C,Master's degree,Standard,,55.0,5.0,74.0,74.65,44.666666666666664,Low
3646,Female,Group D,Master's degree,Standard,Completed,75.0,73.0,57.0,93.11,68.33333333333333,Medium
3647,Female,Group E,Associate degree,Standard,,62.0,41.0,50.0,72.48,51.0,Medium
3648,Male,Group B,Bachelor's degree,Standard,,23.0,51.0,15.0,69.35,29.666666666666668,Low
3649,Male,Group D,High school,Free/Reduced,Completed,82.0,42.0,11.0,76.93,45.0,Low
3650,Male,Group E,Some college,Free/Reduced,,72.0,9.0,70.0,88.03,50.333333333333336,Medium
3651,Female,Group A,Master's degree,Free/Reduced,Completed,98.0,88.0,90.0,61.73,92.0,High
3652,Male,Group B,Associate degree,Standard,,3.0,77.0,87.0,74.96,55.666666666666664,Medium
3653,Female,Group E,Bachelor's degree,Standard,Completed,49.0,38.0,49.0,73.85,45.333333333333336,Low
3654,Male,Group E,Bachelor's degree,Standard,Completed,95.0,12.0,14.0,69.79,40.333333333333336,Low
3655,Female,Group C,High school,Free/Reduced,Completed,69.0,74.0,58.0,86.17,67.0,Medium
3656,Female,Group D,Master's degree,Free/Reduced,Completed,27.0,38.0,69.0,71.6,44.666666666666664,Low
3657,Male,Group C,High school,Free/Reduced,Completed,91.0,10.0,61.0,84.27,54.0,Medium
3658,Female,Group B,Some college,Free/Reduced,,39.0,51.0,82.0,80.17,57.333333333333336,Medium
3659,Female,Group E,Master's degree,Free/Reduced,,50.0,32.0,71.0,68.69,51.0,Medium
3660,Male,Group C,Some college,Free/Reduced,,28.0,51.0,61.0,70.66,46.666666666666664,Low
3661,Female,Group D,Master's degree,Standard,,41.0,95.0,99.0,66.82,78.33333333333333,High
3662,Female,Group B,Master's degree,Free/Reduced,Completed,68.0,58.0,49.0,62.27,58.333333333333336,Medium
3663,Female,Group A,High school,Standard,Completed,4.0,73.0,76.0,84.77,51.0,Medium
3664,Male,Group C,High school,Free/Reduced,,100.0,50.0,53.0,86.91,67.66666666666667,Medium
3665,Male,Group B,Some college,Free/Reduced,Completed,40.0,14.0,53.0,66.64,35.666666666666664,Low
3666,Female,Group A,Master's degree,Standard,,60.0,79.0,96.0,84.62,78.33333333333333,High
3667,Male,Group C,Master's degree,Standard,Completed,54.0,42.0,95.0,99.28,63.666666666666664,Medium
3668,Female,Group B,Associate degree,Standard,Completed,27.0,26.0,27.0,62.98,26.666666666666668,Low
3669,Female,Group B,Master's degree,Free/Reduced,,40.0,55.0,50.0,79.61,48.333333333333336,Low
3670,Female,Group C,Master's degree,Free/Reduced,,8.0,59.0,73.0,89.32,46.666666666666664,Low
3671,Female,Group B,High school,Standard,Completed,28.0,95.0,32.0,61.84,51.666666666666664,Medium
3672,Female,Group E,Master's degree,Free/Reduced,,77.0,69.0,0.0,91.13,48.666666666666664,Low
3673,Male,Group C,Master's degree,Standard,,37.0,46.0,84.0,99.18,55.666666666666664,Medium
3674,Female,Group B,High school,Free/Reduced,,61.0,99.0,68.0,63.54,76.0,High
3675,Male,Group A,Master's degree,Free/Reduced,,53.0,7.0,0.0,92.89,20.0,Low
3676,Male,Group A,High school,Free/Reduced,Completed,51.0,62.0,54.0,75.14,55.666666666666664,Medium
3677,Female,Group E,Associate degree,Standard,Completed,33.0,88.0,84.0,65.76,68.33333333333333,Medium
3678,Female,Group C,Bachelor's degree,Free/Reduced,Completed,36.0,6.0,88.0,79.73,43.333333333333336,Low
3679,Male,Group B,High school,Standard,Completed,48.0,80.0,83.0,62.86,70.33333333333333,Medium
3680,Male,Group B,High school,Standard,,41.0,93.0,44.0,80.88,59.333333333333336,Medium
3681,Male,Group A,Master's degree,Standard,,13.0,1.0,72.0,60.77,28.666666666666668,Low
3682,Female,Group E,High school,Standard,,81.0,16.0,79.0,89.14,58.666666666666664,Medium
3683,Male,Group A,Some college,Standard,Completed,32.0,3.0,91.0,79.52,42.0,Low
3684,Female,Group A,Some college,Standard,Completed,97.0,25.0,39.0,78.36,53.666666666666664,Medium
3685,Female,Group E,Associate degree,Standard,Completed,91.0,77.0,60.0,67.85,76.0,High
3686,Female,Group C,High school,Standard,Completed,99.0,71.0,35.0,74.45,68.33333333333333,Medium
3687,Male,Group B,Master's degree,Standard,,100.0,68.0,23.0,67.27,63.666666666666664,Medium
3688,Female,Group C,Master's degree,Free/Reduced,,86.0,4.0,79.0,89.42,56.333333333333336,Medium
3689,Female,Group D,Bachelor's degree,Standard,,16.0,4.0,13.0,67.96,11.0,Low
3690,Female,Group D,Associate degree,Free/Reduced,Completed,74.0,90.0,97.0,84.67,87.0,High
3691,Female,Group D,Master's degree,Standard,Completed,31.0,68.0,87.0,71.18,62.0,Medium
3692,Female,Group E,Bachelor's degree,Free/Reduced,Completed,100.0,2.0,74.0,86.28,58.666666666666664,Medium
3693,Male,Group A,Master's degree,Free/Reduced,Completed,78.0,37.0,99.0,81.62,71.33333333333333,Medium
3694,Female,Group C,Bachelor's degree,Free/Reduced,Completed,49.0,93.0,0.0,76.94,47.333333333333336,Low
3695,Female,Group B,Some college,Free/Reduced,Completed,38.0,0.0,46.0,86.92,28.0,Low
3696,Male,Group D,Some college,Free/Reduced,,93.0,7.0,75.0,76.63,58.333333333333336,Medium
3697,Female,Group C,Master's degree,Free/Reduced,Completed,9.0,12.0,20.0,92.85,13.666666666666666,Low
3698,Male,Group D,Associate degree,Standard,Completed,86.0,83.0,72.0,89.18,80.33333333333333,High
3699,Female,Group D,High school,Standard,Completed,23.0,69.0,38.0,81.63,43.333333333333336,Low
3700,Male,Group B,Associate degree,Standard,,99.0,49.0,2.0,95.08,50.0,Medium
3701,Male,Group E,Associate degree,Standard,,57.0,7.0,15.0,93.15,26.333333333333332,Low
3702,Female,Group A,High school,Standard,Completed,68.0,29.0,67.0,81.27,54.666666666666664,Medium
3703,Female,Group E,Some college,Standard,,100.0,39.0,25.0,62.74,54.666666666666664,Medium
3704,Female,Group C,Some college,Free/Reduced,,49.0,78.0,53.0,82.64,60.0,Medium
3705,Male,Group E,High school,Standard,,18.0,73.0,12.0,74.21,34.333333333333336,Low
3706,Male,Group C,Bachelor's degree,Free/Reduced,Completed,100.0,32.0,60.0,81.6,64.0,Medium
3707,Male,Group C,Associate degree,Free/Reduced,,7.0,72.0,19.0,85.89,32.666666666666664,Low
3708,Female,Group A,Master's degree,Free/Reduced,,70.0,51.0,82.0,85.79,67.66666666666667,Medium
3709,Male,Group B,Some college,Free/Reduced,,39.0,32.0,26.0,86.94,32.333333333333336,Low
3710,Male,Group A,Master's degree,Free/Reduced,Completed,12.0,72.0,1.0,87.17,28.333333333333332,Low
3711,Female,Group E,High school,Free/Reduced,,100.0,77.0,9.0,64.37,62.0,Medium
3712,Male,Group C,Master's degree,Standard,Completed,26.0,95.0,59.0,67.67,60.0,Medium
3713,Male,Group D,Master's degree,Free/Reduced,,81.0,36.0,88.0,85.22,68.33333333333333,Medium
3714,Female,Group D,Associate degree,Free/Reduced,Completed,87.0,69.0,18.0,76.33,58.0,Medium
3715,Male,Group C,High school,Standard,Completed,1.0,68.0,14.0,90.51,27.666666666666668,Low
3716,Female,Group A,Master's degree,Standard,Completed,15.0,3.0,46.0,65.0,21.333333333333332,Low
3717,Female,Group B,Some college,Standard,Completed,13.0,59.0,23.0,67.66,31.666666666666668,Low
3718,Female,Group A,High school,Standard,Completed,16.0,79.0,15.0,82.34,36.666666666666664,Low
3719,Female,Group C,Some college,Standard,,59.0,73.0,80.0,80.03,70.66666666666667,Medium
3720,Female,Group C,Bachelor's degree,Standard,,49.0,51.0,59.0,70.66,53.0,Medium
3721,Male,Group B,Master's degree,Standard,,98.0,94.0,79.0,76.33,90.33333333333333,High
3722,Male,Group E,High school,Free/Reduced,Completed,16.0,13.0,81.0,61.4,36.666666666666664,Low
3723,Female,Group E,Some college,Standard,Completed,44.0,76.0,48.0,61.48,56.0,Medium
3724,Female,Group B,Master's degree,Free/Reduced,Completed,37.0,59.0,3.0,63.8,33.0,Low
3725,Male,Group E,Associate degree,Standard,,63.0,67.0,65.0,83.07,65.0,Medium
3726,Female,Group D,Some college,Standard,Completed,5.0,25.0,48.0,94.55,26.0,Low
3727,Female,Group E,Some college,Free/Reduced,Completed,59.0,51.0,30.0,70.41,46.666666666666664,Low
3728,Female,Group E,Bachelor's degree,Standard,Completed,48.0,55.0,65.0,61.36,56.0,Medium
3729,Male,Group E,Master's degree,Standard,Completed,20.0,51.0,53.0,88.35,41.333333333333336,Low
3730,Male,Group D,Bachelor's degree,Standard,,98.0,34.0,1.0,94.21,44.333333333333336,Low
3731,Female,Group E,Associate degree,Standard,Completed,22.0,78.0,60.0,65.53,53.333333333333336,Medium
3732,Female,Group D,Some college,Standard,Completed,75.0,23.0,14.0,75.43,37.333333333333336,Low
3733,Male,Group B,Bachelor's degree,Standard,Completed,56.0,30.0,59.0,66.35,48.333333333333336,Low
3734,Male,Group A,Master's degree,Standard,Completed,49.0,82.0,42.0,64.25,57.666666666666664,Medium
3735,Female,Group B,Associate degree,Free/Reduced,,28.0,65.0,92.0,85.93,61.666666666666664,Medium
3736,Female,Group A,Some college,Standard,Completed,26.0,65.0,97.0,98.7,62.666666666666664,Medium
3737,Male,Group B,High school,Free/Reduced,,5.0,40.0,39.0,87.13,28.0,Low
3738,Male,Group A,Associate degree,Free/Reduced,,20.0,35.0,95.0,99.39,50.0,Medium
3739,Male,Group A,Associate degree,Free/Reduced,Completed,70.0,100.0,84.0,77.38,84.66666666666667,High
3740,Female,Group C,Master's degree,Free/Reduced,Completed,40.0,33.0,29.0,95.91,34.0,Low
3741,Male,Group A,Associate degree,Free/Reduced,,79.0,38.0,62.0,68.2,59.666666666666664,Medium
3742,Female,Group A,Associate degree,Free/Reduced,Completed,4.0,82.0,23.0,64.72,36.333333333333336,Low
3743,Male,Group C,Master's degree,Free/Reduced,Completed,14.0,51.0,43.0,88.1,36.0,Low
3744,Male,Group E,Master's degree,Standard,,20.0,79.0,13.0,74.86,37.333333333333336,Low
3745,Male,Group E,Bachelor's degree,Standard,,57.0,43.0,27.0,72.71,42.333333333333336,Low
3746,Male,Group C,Some college,Standard,,3.0,69.0,13.0,86.85,28.333333333333332,Low
3747,Female,Group D,Some college,Free/Reduced,,68.0,57.0,55.0,73.34,60.0,Medium
3748,Female,Group A,Bachelor's degree,Standard,,6.0,58.0,33.0,82.9,32.333333333333336,Low
3749,Male,Group A,Some college,Free/Reduced,,34.0,25.0,77.0,71.98,45.333333333333336,Low
3750,Female,Group C,Associate degree,Free/Reduced,Completed,35.0,21.0,88.0,91.35,48.0,Low
3751,Male,Group C,Bachelor's degree,Standard,Completed,14.0,87.0,11.0,72.5,37.333333333333336,Low
3752,Male,Group D,Bachelor's degree,Free/Reduced,Completed,91.0,39.0,55.0,81.4,61.666666666666664,Medium
3753,Male,Group E,Some college,Free/Reduced,Completed,1.0,84.0,60.0,60.93,48.333333333333336,Low
3754,Male,Group B,High school,Standard,Completed,56.0,93.0,60.0,91.67,69.66666666666667,Medium
3755,Female,Group E,Some college,Free/Reduced,Completed,4.0,10.0,39.0,84.81,17.666666666666668,Low
3756,Male,Group A,High school,Standard,Completed,70.0,8.0,19.0,67.69,32.333333333333336,Low
3757,Male,Group C,Bachelor's degree,Free/Reduced,Completed,85.0,11.0,41.0,68.61,45.666666666666664,Low
3758,Female,Group D,High school,Free/Reduced,Completed,94.0,25.0,6.0,70.5,41.666666666666664,Low
3759,Male,Group E,Associate degree,Standard,,31.0,37.0,78.0,83.06,48.666666666666664,Low
3760,Male,Group D,Master's degree,Standard,,71.0,2.0,72.0,81.93,48.333333333333336,Low
3761,Male,Group E,High school,Standard,Completed,40.0,96.0,67.0,70.95,67.66666666666667,Medium
3762,Female,Group A,Master's degree,Free/Reduced,Completed,41.0,14.0,30.0,87.76,28.333333333333332,Low
3763,Male,Group B,Associate degree,Free/Reduced,,49.0,46.0,86.0,95.56,60.333333333333336,Medium
3764,Female,Group D,Master's degree,Standard,,64.0,4.0,69.0,61.74,45.666666666666664,Low
3765,Male,Group D,Associate degree,Standard,,39.0,53.0,91.0,76.69,61.0,Medium
3766,Male,Group B,Master's degree,Standard,Completed,82.0,23.0,75.0,83.74,60.0,Medium
3767,Female,Group D,Master's degree,Free/Reduced,,37.0,10.0,46.0,83.46,31.0,Low
3768,Male,Group D,Some college,Free/Reduced,,41.0,32.0,50.0,60.78,41.0,Low
3769,Male,Group E,High school,Standard,,36.0,86.0,57.0,68.42,59.666666666666664,Medium
3770,Female,Group E,Master's degree,Standard,Completed,55.0,73.0,21.0,62.47,49.666666666666664,Low
3771,Female,Group B,Bachelor's degree,Standard,,70.0,56.0,23.0,82.76,49.666666666666664,Low
3772,Female,Group A,Some college,Free/Reduced,Completed,54.0,51.0,50.0,85.82,51.666666666666664,Medium
3773,Female,Group D,High school,Standard,,88.0,63.0,62.0,66.39,71.0,Medium
3774,Female,Group A,Some college,Standard,,53.0,42.0,59.0,73.32,51.333333333333336,Medium
3775,Male,Group B,High school,Standard,Completed,21.0,51.0,18.0,73.19,30.0,Low
3776,Female,Group B,Associate degree,Free/Reduced,,26.0,80.0,23.0,92.79,43.0,Low
3777,Male,Group E,Master's degree,Free/Reduced,,49.0,43.0,63.0,67.79,51.666666666666664,Medium
3778,Male,Group D,Bachelor's degree,Standard,,37.0,89.0,19.0,81.93,48.333333333333336,Low
3779,Male,Group C,Some college,Free/Reduced,Completed,38.0,88.0,50.0,91.32,58.666666666666664,Medium
3780,Female,Group B,Some college,Standard,Completed,14.0,35.0,26.0,93.18,25.0,Low
3781,Female,Group D,Some college,Standard,Completed,65.0,11.0,57.0,86.66,44.333333333333336,Low
3782,Male,Group A,Some college,Standard,,60.0,55.0,43.0,71.98,52.666666666666664,Medium
3783,Female,Group E,Master's degree,Standard,Completed,59.0,2.0,92.0,92.92,51.0,Medium
3784,Female,Group A,High school,Free/Reduced,,7.0,49.0,64.0,89.69,40.0,Low
3785,Female,Group B,Master's degree,Standard,,43.0,28.0,45.0,88.18,38.666666666666664,Low
3786,Female,Group B,Associate degree,Standard,,42.0,87.0,50.0,62.69,59.666666666666664,Medium
3787,Male,Group A,Master's degree,Free/Reduced,,5.0,82.0,53.0,61.73,46.666666666666664,Low
3788,Male,Group B,Master's degree,Standard,,83.0,76.0,38.0,87.81,65.66666666666667,Medium
3789,Female,Group D,Associate degree,Free/Reduced,,26.0,51.0,6.0,97.79,27.666666666666668,Low
3790,Male,Group B,Master's degree,Standard,,44.0,39.0,53.0,90.95,45.333333333333336,Low
3791,Female,Group E,High school,Standard,,22.0,26.0,42.0,93.26,30.0,Low
3792,Female,Group D,Bachelor's degree,Standard,Completed,80.0,69.0,19.0,81.8,56.0,Medium
3793,Male,Group C,Associate degree,Standard,Completed,12.0,41.0,83.0,72.18,45.333333333333336,Low
3794,Male,Group B,Some college,Free/Reduced,,67.0,56.0,24.0,87.11,49.0,Low
3795,Male,Group B,High school,Standard,Completed,83.0,9.0,42.0,88.48,44.666666666666664,Low
3796,Female,Group E,Bachelor's degree,Free/Reduced,Completed,63.0,37.0,84.0,87.01,61.333333333333336,Medium
3797,Male,Group E,High school,Free/Reduced,Completed,24.0,7.0,72.0,97.87,34.333333333333336,Low
3798,Female,Group A,High school,Free/Reduced,,85.0,17.0,26.0,74.69,42.666666666666664,Low
3799,Male,Group A,Some college,Standard,Completed,51.0,95.0,91.0,61.59,79.0,High
3800,Male,Group A,Bachelor's degree,Free/Reduced,,47.0,16.0,24.0,96.34,29.0,Low
3801,Female,Group E,High school,Free/Reduced,Completed,60.0,57.0,35.0,66.42,50.666666666666664,Medium
3802,Female,Group A,Some college,Free/Reduced,Completed,16.0,65.0,97.0,87.89,59.333333333333336,Medium
3803,Female,Group A,Master's degree,Standard,Completed,49.0,43.0,65.0,94.93,52.333333333333336,Medium
3804,Female,Group C,Some college,Standard,,74.0,83.0,50.0,72.41,69.0,Medium
3805,Female,Group A,Master's degree,Free/Reduced,,88.0,73.0,82.0,93.22,81.0,High
3806,Female,Group B,Some college,Free/Reduced,,68.0,8.0,78.0,73.28,51.333333333333336,Medium
3807,Female,Group E,Some college,Standard,,84.0,47.0,52.0,91.77,61.0,Medium
3808,Female,Group D,Some college,Free/Reduced,,25.0,38.0,20.0,62.79,27.666666666666668,Low
3809,Male,Group C,High school,Free/Reduced,,79.0,88.0,49.0,86.21,72.0,Medium
3810,Female,Group E,Bachelor's degree,Free/Reduced,,55.0,88.0,15.0,87.09,52.666666666666664,Medium
3811,Female,Group E,Some college,Standard,,39.0,87.0,65.0,79.66,63.666666666666664,Medium
3812,Male,Group B,Some college,Free/Reduced,,84.0,5.0,25.0,87.48,38.0,Low
3813,Female,Group A,Master's degree,Free/Reduced,Completed,95.0,29.0,43.0,96.93,55.666666666666664,Medium
3814,Male,Group B,Master's degree,Standard,Completed,67.0,73.0,28.0,89.35,56.0,Medium
3815,Male,Group A,Associate degree,Free/Reduced,,7.0,94.0,96.0,98.45,65.66666666666667,Medium
3816,Female,Group A,Associate degree,Standard,Completed,72.0,17.0,97.0,77.94,62.0,Medium
3817,Male,Group E,Master's degree,Standard,Completed,44.0,42.0,45.0,81.13,43.666666666666664,Low
3818,Female,Group A,Bachelor's degree,Standard,,16.0,32.0,90.0,70.55,46.0,Low
3819,Male,Group C,Associate degree,Free/Reduced,,40.0,52.0,70.0,99.42,54.0,Medium
3820,Male,Group C,Bachelor's degree,Free/Reduced,Completed,76.0,55.0,48.0,62.21,59.666666666666664,Medium
3821,Male,Group C,Master's degree,Free/Reduced,,8.0,18.0,14.0,74.34,13.333333333333334,Low
3822,Female,Group E,Associate degree,Free/Reduced,Completed,69.0,86.0,16.0,71.91,57.0,Medium
3823,Female,Group B,Some college,Free/Reduced,,90.0,68.0,8.0,75.46,55.333333333333336,Medium
3824,Male,Group D,Master's degree,Free/Reduced,Completed,100.0,25.0,76.0,96.71,67.0,Medium
3825,Male,Group A,Associate degree,Free/Reduced,,23.0,28.0,31.0,74.72,27.333333333333332,Low
3826,Female,Group D,Bachelor's degree,Free/Reduced,Completed,72.0,23.0,65.0,96.68,53.333333333333336,Medium
3827,Female,Group B,Bachelor's degree,Standard,Completed,10.0,5.0,58.0,76.93,24.333333333333332,Low
3828,Male,Group B,Associate degree,Free/Reduced,Completed,34.0,53.0,31.0,94.19,39.333333333333336,Low
3829,Male,Group E,Bachelor's degree,Free/Reduced,Completed,28.0,38.0,50.0,80.87,38.666666666666664,Low
3830,Female,Group C,Associate degree,Standard,,7.0,3.0,50.0,72.45,20.0,Low
3831,Female,Group C,Associate degree,Free/Reduced,Completed,16.0,57.0,82.0,77.97,51.666666666666664,Medium
3832,Female,Group B,Bachelor's degree,Standard,,49.0,47.0,90.0,76.98,62.0,Medium
3833,Female,Group E,High school,Free/Reduced,Completed,11.0,59.0,99.0,70.4,56.333333333333336,Medium
3834,Female,Group E,Some college,Free/Reduced,,78.0,25.0,58.0,71.59,53.666666666666664,Medium
3835,Male,Group A,Master's degree,Standard,Completed,92.0,78.0,29.0,67.46,66.33333333333333,Medium
3836,Female,Group C,Some college,Standard,,49.0,76.0,10.0,73.44,45.0,Low
3837,Male,Group B,Master's degree,Free/Reduced,Completed,23.0,39.0,79.0,84.98,47.0,Low
3838,Female,Group D,Master's degree,Standard,Completed,36.0,85.0,25.0,75.46,48.666666666666664,Low
3839,Male,Group C,Some college,Free/Reduced,,77.0,76.0,93.0,88.49,82.0,High
3840,Female,Group A,Associate degree,Free/Reduced,Completed,10.0,55.0,1.0,99.48,22.0,Low
3841,Female,Group E,Bachelor's degree,Free/Reduced,Completed,98.0,38.0,33.0,75.08,56.333333333333336,Medium
3842,Male,Group B,High school,Free/Reduced,Completed,80.0,80.0,40.0,78.51,66.66666666666667,Medium
3843,Male,Group C,High school,Free/Reduced,Completed,58.0,99.0,85.0,66.56,80.66666666666667,High
3844,Female,Group D,High school,Free/Reduced,,54.0,38.0,30.0,75.69,40.666666666666664,Low
3845,Female,Group A,Some college,Standard,Completed,26.0,47.0,62.0,89.07,45.0,Low
3846,Female,Group A,Some college,Standard,,66.0,24.0,54.0,68.7,48.0,Low
3847,Female,Group C,Associate degree,Standard,,59.0,33.0,60.0,67.28,50.666666666666664,Medium
3848,Female,Group D,High school,Free/Reduced,,1.0,20.0,84.0,75.05,35.0,Low
3849,Male,Group A,Associate degree,Standard,,67.0,24.0,35.0,92.75,42.0,Low
3850,Male,Group B,High school,Free/Reduced,Completed,17.0,88.0,39.0,84.95,48.0,Low
3851,Female,Group A,Some college,Standard,Completed,19.0,21.0,22.0,98.3,20.666666666666668,Low
3852,Male,Group D,Bachelor's degree,Free/Reduced,,84.0,22.0,25.0,96.18,43.666666666666664,Low
3853,Male,Group E,Bachelor's degree,Free/Reduced,Completed,62.0,24.0,17.0,66.05,34.333333333333336,Low
3854,Male,Group E,Bachelor's degree,Free/Reduced,Completed,77.0,77.0,78.0,61.7,77.33333333333333,High
3855,Female,Group C,Bachelor's degree,Free/Reduced,,71.0,77.0,33.0,75.96,60.333333333333336,Medium
3856,Male,Group D,Master's degree,Free/Reduced,,1.0,25.0,85.0,80.88,37.0,Low
3857,Female,Group A,High school,Standard,,89.0,29.0,27.0,80.62,48.333333333333336,Low
3858,Male,Group A,Bachelor's degree,Free/Reduced,Completed,82.0,89.0,48.0,65.36,73.0,Medium
3859,Female,Group E,Master's degree,Standard,,41.0,37.0,63.0,64.99,47.0,Low
3860,Male,Group E,Master's degree,Free/Reduced,,49.0,85.0,70.0,61.87,68.0,Medium
3861,Female,Group B,Master's degree,Free/Reduced,Completed,28.0,33.0,50.0,94.03,37.0,Low
3862,Female,Group E,Associate degree,Free/Reduced,Completed,68.0,88.0,61.0,97.91,72.33333333333333,Medium
3863,Male,Group B,Associate degree,Standard,Completed,27.0,99.0,41.0,64.63,55.666666666666664,Medium
3864,Female,Group A,Master's degree,Free/Reduced,Completed,59.0,76.0,23.0,68.52,52.666666666666664,Medium
3865,Female,Group B,Bachelor's degree,Standard,Completed,89.0,92.0,34.0,63.59,71.66666666666667,Medium
3866,Female,Group B,High school,Free/Reduced,Completed,4.0,72.0,76.0,95.1,50.666666666666664,Medium
3867,Female,Group C,Some college,Standard,Completed,14.0,14.0,54.0,98.35,27.333333333333332,Low
3868,Female,Group E,Associate degree,Standard,Completed,72.0,94.0,48.0,70.47,71.33333333333333,Medium
3869,Female,Group B,Bachelor's degree,Standard,,31.0,43.0,76.0,72.14,50.0,Medium
3870,Female,Group A,Bachelor's degree,Free/Reduced,Completed,51.0,90.0,94.0,74.51,78.33333333333333,High
3871,Female,Group D,Some college,Free/Reduced,,89.0,94.0,58.0,80.1,80.33333333333333,High
3872,Male,Group B,Some college,Standard,Completed,36.0,51.0,82.0,87.3,56.333333333333336,Medium
3873,Male,Group E,Bachelor's degree,Free/Reduced,Completed,14.0,36.0,92.0,80.18,47.333333333333336,Low
3874,Female,Group C,Some college,Free/Reduced,,40.0,6.0,21.0,98.04,22.333333333333332,Low
3875,Female,Group A,Bachelor's degree,Free/Reduced,Completed,3.0,31.0,84.0,64.0,39.333333333333336,Low
3876,Male,Group C,Some college,Standard,,52.0,10.0,60.0,91.94,40.666666666666664,Low
3877,Male,Group D,Some college,Standard,Completed,99.0,47.0,79.0,73.38,75.0,High
3878,Male,Group B,Bachelor's degree,Free/Reduced,,83.0,91.0,29.0,75.1,67.66666666666667,Medium
3879,Female,Group B,Master's degree,Standard,,26.0,67.0,68.0,88.35,53.666666666666664,Medium
3880,Male,Group E,Bachelor's degree,Free/Reduced,Completed,20.0,47.0,59.0,97.18,42.0,Low
3881,Female,Group B,High school,Free/Reduced,,59.0,44.0,5.0,88.65,36.0,Low
3882,Female,Group A,Some college,Standard,,85.0,94.0,84.0,91.03,87.66666666666667,High
3883,Male,Group D,Associate degree,Standard,Completed,63.0,92.0,10.0,90.03,55.0,Medium
3884,Female,Group C,Some college,Free/Reduced,Completed,70.0,32.0,23.0,72.84,41.666666666666664,Low
3885,Female,Group D,High school,Free/Reduced,,46.0,3.0,91.0,90.28,46.666666666666664,Low
3886,Female,Group B,Associate degree,Free/Reduced,Completed,53.0,51.0,78.0,91.38,60.666666666666664,Medium
3887,Female,Group C,Associate degree,Standard,,30.0,89.0,50.0,81.34,56.333333333333336,Medium
3888,Male,Group E,Bachelor's degree,Standard,,16.0,52.0,18.0,81.47,28.666666666666668,Low
3889,Male,Group D,Master's degree,Free/Reduced,,49.0,30.0,49.0,90.39,42.666666666666664,Low
3890,Female,Group C,Bachelor's degree,Free/Reduced,Completed,6.0,30.0,80.0,92.68,38.666666666666664,Low
3891,Female,Group C,Associate degree,Standard,Completed,49.0,26.0,2.0,73.49,25.666666666666668,Low
3892,Male,Group C,Associate degree,Free/Reduced,,27.0,88.0,2.0,92.06,39.0,Low
3893,Female,Group A,Master's degree,Standard,,9.0,47.0,91.0,92.57,49.0,Low
3894,Male,Group D,Some college,Standard,,26.0,35.0,30.0,69.37,30.333333333333332,Low
3895,Female,Group C,Master's degree,Free/Reduced,Completed,12.0,48.0,46.0,88.68,35.333333333333336,Low
3896,Female,Group D,Bachelor's degree,Free/Reduced,,65.0,30.0,7.0,67.46,34.0,Low
3897,Male,Group C,Some college,Standard,Completed,85.0,100.0,16.0,63.72,67.0,Medium
3898,Male,Group E,Master's degree,Free/Reduced,,83.0,43.0,98.0,82.98,74.66666666666667,Medium
3899,Male,Group E,Master's degree,Standard,,59.0,58.0,99.0,96.35,72.0,Medium
3900,Male,Group E,Some college,Standard,,42.0,22.0,90.0,61.42,51.333333333333336,Medium
3901,Female,Group B,Master's degree,Standard,,68.0,98.0,44.0,93.06,70.0,Medium
3902,Male,Group C,Master's degree,Free/Reduced,Completed,62.0,67.0,96.0,80.26,75.0,High
3903,Female,Group B,Associate degree,Free/Reduced,Completed,69.0,91.0,59.0,94.44,73.0,Medium
3904,Male,Group D,Some college,Free/Reduced,Completed,98.0,41.0,74.0,93.74,71.0,Medium
3905,Male,Group B,Associate degree,Standard,Completed,64.0,41.0,20.0,95.01,41.666666666666664,Low
3906,Female,Group D,High school,Standard,Completed,98.0,12.0,69.0,90.75,59.666666666666664,Medium
3907,Male,Group D,Some college,Standard,,66.0,0.0,20.0,93.72,28.666666666666668,Low
3908,Male,Group D,Associate degree,Standard,Completed,53.0,75.0,57.0,67.04,61.666666666666664,Medium
3909,Male,Group B,Associate degree,Free/Reduced,Completed,35.0,52.0,54.0,72.15,47.0,Low
3910,Male,Group C,Some college,Free/Reduced,Completed,49.0,39.0,27.0,69.7,38.333333333333336,Low
3911,Female,Group B,Associate degree,Free/Reduced,Completed,49.0,89.0,80.0,89.7,72.66666666666667,Medium
3912,Female,Group C,Associate degree,Standard,,14.0,45.0,81.0,66.15,46.666666666666664,Low
3913,Male,Group C,Some college,Standard,,74.0,86.0,74.0,67.29,78.0,High
3914,Male,Group D,Associate degree,Free/Reduced,,17.0,21.0,50.0,95.16,29.333333333333332,Low
3915,Male,Group B,Associate degree,Standard,Completed,3.0,51.0,43.0,88.24,32.333333333333336,Low
3916,Female,Group C,Bachelor's degree,Free/Reduced,,49.0,27.0,88.0,95.02,54.666666666666664,Medium
3917,Female,Group E,Bachelor's degree,Standard,,10.0,52.0,93.0,65.57,51.666666666666664,Medium
3918,Female,Group C,High school,Standard,Completed,5.0,62.0,24.0,75.96,30.333333333333332,Low
3919,Female,Group E,Bachelor's degree,Standard,Completed,50.0,16.0,70.0,71.33,45.333333333333336,Low
3920,Male,Group B,Bachelor's degree,Standard,Completed,57.0,63.0,48.0,60.39,56.0,Medium
3921,Male,Group B,High school,Standard,,59.0,5.0,100.0,71.38,54.666666666666664,Medium
3922,Male,Group B,Associate degree,Free/Reduced,Completed,17.0,13.0,45.0,75.18,25.0,Low
3923,Female,Group C,Associate degree,Free/Reduced,,78.0,16.0,90.0,63.69,61.333333333333336,Medium
3924,Male,Group A,Bachelor's degree,Free/Reduced,,66.0,37.0,89.0,82.66,64.0,Medium
3925,Female,Group C,High school,Standard,,16.0,68.0,62.0,75.33,48.666666666666664,Low
3926,Female,Group C,Associate degree,Free/Reduced,,96.0,12.0,76.0,61.86,61.333333333333336,Medium
3927,Male,Group D,Master's degree,Free/Reduced,,33.0,52.0,87.0,88.16,57.333333333333336,Medium
3928,Male,Group D,Some college,Standard,Completed,29.0,8.0,11.0,89.17,16.0,Low
3929,Male,Group C,Some college,Standard,,18.0,43.0,77.0,93.38,46.0,Low
3930,Female,Group E,Some college,Free/Reduced,,8.0,25.0,56.0,79.42,29.666666666666668,Low
3931,Female,Group D,Bachelor's degree,Free/Reduced,,39.0,76.0,72.0,98.75,62.333333333333336,Medium
3932,Male,Group C,Some college,Free/Reduced,,43.0,18.0,63.0,96.56,41.333333333333336,Low
3933,Male,Group A,Some college,Free/Reduced,,94.0,47.0,30.0,82.05,57.0,Medium
3934,Female,Group E,Master's degree,Free/Reduced,Completed,58.0,80.0,3.0,77.8,47.0,Low
3935,Male,Group B,Associate degree,Standard,,90.0,79.0,53.0,60.12,74.0,Medium
3936,Female,Group C,Master's degree,Free/Reduced,,24.0,51.0,82.0,88.44,52.333333333333336,Medium
3937,Female,Group C,Bachelor's degree,Free/Reduced,,70.0,31.0,64.0,82.6,55.0,Medium
3938,Male,Group E,Some college,Free/Reduced,,52.0,77.0,92.0,97.5,73.66666666666667,Medium
3939,Male,Group D,Associate degree,Free/Reduced,Completed,47.0,78.0,5.0,83.77,43.333333333333336,Low
3940,Male,Group D,Some college,Free/Reduced,,70.0,75.0,64.0,99.71,69.66666666666667,Medium
3941,Male,Group D,Some college,Free/Reduced,,83.0,100.0,88.0,94.15,90.33333333333333,High
3942,Female,Group B,Bachelor's degree,Standard,,52.0,74.0,90.0,98.14,72.0,Medium
3943,Female,Group E,Some college,Standard,,48.0,68.0,21.0,73.11,45.666666666666664,Low
3944,Female,Group E,High school,Standard,Completed,42.0,10.0,16.0,65.97,22.666666666666668,Low
3945,Male,Group D,Associate degree,Free/Reduced,Completed,99.0,97.0,58.0,91.87,84.66666666666667,High
3946,Female,Group D,Associate degree,Free/Reduced,Completed,18.0,82.0,28.0,91.45,42.666666666666664,Low
3947,Male,Group A,High school,Standard,,65.0,25.0,66.0,68.46,52.0,Medium
3948,Male,Group A,Bachelor's degree,Free/Reduced,Completed,33.0,25.0,16.0,90.59,24.666666666666668,Low
3949,Male,Group C,Some college,Free/Reduced,Completed,80.0,16.0,1.0,83.28,32.333333333333336,Low
3950,Male,Group C,Some college,Free/Reduced,Completed,87.0,94.0,31.0,64.38,70.66666666666667,Medium
3951,Male,Group E,Associate degree,Standard,Completed,72.0,82.0,21.0,80.07,58.333333333333336,Medium
3952,Male,Group E,Bachelor's degree,Standard,Completed,53.0,43.0,96.0,97.25,64.0,Medium
3953,Female,Group B,Bachelor's degree,Standard,,0.0,83.0,50.0,80.26,44.333333333333336,Low
3954,Male,Group B,Bachelor's degree,Free/Reduced,Completed,91.0,22.0,52.0,91.55,55.0,Medium
3955,Female,Group A,Some college,Standard,Completed,54.0,24.0,85.0,61.16,54.333333333333336,Medium
3956,Female,Group C,Bachelor's degree,Standard,Completed,14.0,91.0,46.0,89.12,50.333333333333336,Medium
3957,Male,Group A,High school,Standard,,84.0,36.0,3.0,97.87,41.0,Low
3958,Male,Group A,Master's degree,Free/Reduced,,14.0,75.0,37.0,79.98,42.0,Low
3959,Male,Group C,Bachelor's degree,Standard,Completed,49.0,64.0,12.0,73.51,41.666666666666664,Low
3960,Female,Group B,Master's degree,Standard,,65.0,1.0,60.0,85.87,42.0,Low
3961,Male,Group C,Some college,Free/Reduced,,45.0,73.0,86.0,96.65,68.0,Medium
3962,Female,Group D,Bachelor's degree,Standard,Completed,99.0,97.0,63.0,67.07,86.33333333333333,High
3963,Male,Group D,Associate degree,Free/Reduced,,8.0,31.0,76.0,76.15,38.333333333333336,Low
3964,Male,Group D,Master's degree,Free/Reduced,Completed,65.0,88.0,83.0,66.25,78.66666666666667,High
3965,Female,Group E,High school,Standard,Completed,65.0,73.0,32.0,79.87,56.666666666666664,Medium
3966,Female,Group B,High school,Standard,Completed,17.0,54.0,97.0,81.62,56.0,Medium
3967,Male,Group B,Master's degree,Standard,,16.0,49.0,37.0,97.77,34.0,Low
3968,Female,Group E,Master's degree,Free/Reduced,Completed,71.0,64.0,28.0,76.5,54.333333333333336,Medium
3969,Female,Group A,Associate degree,Standard,Completed,97.0,31.0,60.0,82.68,62.666666666666664,Medium
3970,Female,Group D,Associate degree,Standard,,33.0,36.0,31.0,95.41,33.333333333333336,Low
3971,Female,Group D,High school,Standard,Completed,68.0,75.0,10.0,72.86,51.0,Medium
3972,Female,Group A,Bachelor's degree,Free/Reduced,,63.0,81.0,17.0,86.97,53.666666666666664,Medium
3973,Male,Group C,High school,Free/Reduced,,49.0,93.0,44.0,90.29,62.0,Medium
3974,Male,Group C,High school,Free/Reduced,Completed,28.0,51.0,20.0,73.22,33.0,Low
3975,Female,Group B,Associate degree,Standard,,61.0,51.0,11.0,66.57,41.0,Low
3976,Male,Group E,Master's degree,Standard,Completed,91.0,2.0,19.0,80.12,37.333333333333336,Low
3977,Male,Group B,Master's degree,Free/Reduced,,15.0,84.0,6.0,74.27,35.0,Low
3978,Female,Group C,Associate degree,Standard,,77.0,41.0,90.0,70.66,69.33333333333333,Medium
3979,Male,Group A,Associate degree,Standard,,51.0,77.0,50.0,98.94,59.333333333333336,Medium
3980,Female,Group B,High school,Free/Reduced,,1.0,39.0,1.0,80.09,13.666666666666666,Low
3981,Female,Group D,Bachelor's degree,Free/Reduced,Completed,60.0,73.0,42.0,94.26,58.333333333333336,Medium
3982,Male,Group D,High school,Free/Reduced,Completed,3.0,65.0,96.0,67.81,54.666666666666664,Medium
3983,Female,Group A,Some college,Standard,,51.0,59.0,20.0,97.58,43.333333333333336,Low
3984,Female,Group C,Master's degree,Standard,Completed,40.0,100.0,28.0,91.78,56.0,Medium
3985,Female,Group D,Associate degree,Standard,Completed,51.0,10.0,31.0,92.35,30.666666666666668,Low
3986,Female,Group D,Some college,Free/Reduced,Completed,30.0,0.0,44.0,75.59,24.666666666666668,Low
3987,Female,Group E,Associate degree,Free/Reduced,Completed,25.0,25.0,75.0,79.43,41.666666666666664,Low
3988,Male,Group B,Associate degree,Standard,Completed,26.0,41.0,76.0,83.73,47.666666666666664,Low
3989,Male,Group C,Associate degree,Free/Reduced,Completed,50.0,61.0,58.0,91.59,56.333333333333336,Medium
3990,Female,Group B,Some college,Free/Reduced,Completed,97.0,60.0,2.0,93.96,53.0,Medium
3991,Female,Group C,High school,Standard,,94.0,76.0,38.0,63.12,69.33333333333333,Medium
3992,Male,Group D,Associate degree,Free/Reduced,Completed,47.0,91.0,50.0,96.16,62.666666666666664,Medium
3993,Female,Group E,Bachelor's degree,Standard,,10.0,51.0,7.0,97.5,22.666666666666668,Low
3994,Male,Group B,Some college,Free/Reduced,,7.0,84.0,45.0,83.72,45.333333333333336,Low
3995,Female,Group D,Master's degree,Standard,,49.0,61.0,65.0,67.47,58.333333333333336,Medium
3996,Female,Group C,Some college,Free/Reduced,Completed,98.0,73.0,5.0,92.74,58.666666666666664,Medium
3997,Female,Group B,High school,Standard,Completed,44.0,11.0,57.0,81.94,37.333333333333336,Low
3998,Female,Group B,Some college,Free/Reduced,,33.0,26.0,40.0,92.69,33.0,Low
3999,Female,Group D,Master's degree,Free/Reduced,,76.0,66.0,78.0,92.59,73.33333333333333,Medium
4000,Female,Group B,Bachelor's degree,Free/Reduced,Completed,90.0,27.0,53.0,63.47,56.666666666666664,Medium
4001,Female,Group E,Master's degree,Free/Reduced,Completed,71.0,65.0,75.0,84.28,70.33333333333333,Medium
4002,Male,Group E,Some college,Free/Reduced,Completed,46.0,27.0,40.0,79.33,37.666666666666664,Low
4003,Male,Group D,Master's degree,Standard,,20.0,51.0,47.0,97.84,39.333333333333336,Low
4004,Male,Group C,Some college,Standard,,40.0,20.0,95.0,71.87,51.666666666666664,Medium
4005,Female,Group D,Bachelor's degree,Standard,Completed,74.0,6.0,69.0,68.24,49.666666666666664,Low
4006,Female,Group E,Bachelor's degree,Free/Reduced,Completed,21.0,94.0,26.0,95.88,47.0,Low
4007,Female,Group A,High school,Standard,,20.0,13.0,46.0,65.95,26.333333333333332,Low
4008,Female,Group A,Bachelor's degree,Free/Reduced,Completed,27.0,38.0,76.0,87.46,47.0,Low
4009,Female,Group B,Associate degree,Free/Reduced,Completed,66.0,72.0,22.0,72.0,53.333333333333336,Medium
4010,Female,Group B,Master's degree,Standard,,70.0,86.0,73.0,82.71,76.33333333333333,High
4011,Female,Group A,Master's degree,Standard,,13.0,61.0,13.0,84.65,29.0,Low
4012,Male,Group E,Some college,Free/Reduced,,49.0,11.0,60.0,76.69,40.0,Low
4013,Female,Group B,Bachelor's degree,Free/Reduced,,72.0,92.0,66.0,99.0,76.66666666666667,High
4014,Male,Group D,High school,Standard,Completed,51.0,37.0,75.0,65.27,54.333333333333336,Medium
4015,Male,Group D,High school,Standard,,42.0,57.0,24.0,75.66,41.0,Low
4016,Female,Group E,High school,Free/Reduced,Completed,70.0,55.0,64.0,77.22,63.0,Medium
4017,Female,Group B,Associate degree,Free/Reduced,Completed,75.0,38.0,95.0,85.24,69.33333333333333,Medium
4018,Male,Group D,Bachelor's degree,Standard,Completed,18.0,85.0,23.0,76.29,42.0,Low
4019,Male,Group B,High school,Free/Reduced,,26.0,3.0,52.0,63.88,27.0,Low
4020,Female,Group B,Associate degree,Free/Reduced,,17.0,47.0,72.0,97.9,45.333333333333336,Low
4021,Female,Group D,Master's degree,Standard,Completed,12.0,6.0,49.0,76.64,22.333333333333332,Low
4022,Male,Group A,Some college,Standard,Completed,49.0,59.0,0.0,73.71,36.0,Low
4023,Female,Group D,Bachelor's degree,Free/Reduced,,84.0,39.0,38.0,77.87,53.666666666666664,Medium
4024,Female,Group E,Master's degree,Free/Reduced,Completed,33.0,7.0,50.0,68.66,30.0,Low
4025,Female,Group C,Master's degree,Standard,Completed,12.0,57.0,43.0,64.01,37.333333333333336,Low
4026,Male,Group D,Bachelor's degree,Free/Reduced,Completed,50.0,56.0,93.0,65.94,66.33333333333333,Medium
4027,Male,Group B,Bachelor's degree,Standard,Completed,86.0,34.0,4.0,66.67,41.333333333333336,Low
4028,Male,Group B,Bachelor's degree,Free/Reduced,Completed,0.0,72.0,67.0,67.91,46.333333333333336,Low
4029,Female,Group D,Bachelor's degree,Standard,Completed,86.0,12.0,71.0,76.8,56.333333333333336,Medium
4030,Female,Group C,Associate degree,Free/Reduced,Completed,27.0,38.0,79.0,84.96,48.0,Low
4031,Male,Group D,Associate degree,Free/Reduced,Completed,31.0,83.0,64.0,85.16,59.333333333333336,Medium
4032,Male,Group C,Some college,Free/Reduced,,49.0,20.0,78.0,60.0,49.0,Low
4033,Male,Group C,Bachelor's degree,Standard,,54.0,46.0,87.0,96.84,62.333333333333336,Medium
4034,Female,Group E,Master's degree,Standard,Completed,25.0,51.0,14.0,92.91,30.0,Low
4035,Male,Group B,High school,Standard,Completed,13.0,1.0,49.0,98.56,21.0,Low
4036,Male,Group B,Some college,Free/Reduced,,87.0,43.0,5.0,74.4,45.0,Low
4037,Female,Group C,High school,Free/Reduced,,92.0,29.0,65.0,86.59,62.0,Medium
4038,Female,Group B,High school,Standard,,67.0,86.0,68.0,66.72,73.66666666666667,Medium
4039,Female,Group A,Bachelor's degree,Standard,Completed,62.0,54.0,38.0,92.68,51.333333333333336,Medium
4040,Male,Group C,Master's degree,Free/Reduced,,81.0,39.0,97.0,66.45,72.33333333333333,Medium
4041,Female,Group B,High school,Free/Reduced,,13.0,76.0,95.0,73.04,61.333333333333336,Medium
4042,Female,Group A,High school,Free/Reduced,Completed,49.0,96.0,28.0,79.63,57.666666666666664,Medium
4043,Male,Group E,Some college,Free/Reduced,,40.0,95.0,92.0,83.78,75.66666666666667,High
4044,Female,Group B,Master's degree,Standard,Completed,49.0,91.0,87.0,82.39,75.66666666666667,High
4045,Male,Group A,Master's degree,Standard,,93.0,23.0,45.0,64.08,53.666666666666664,Medium
4046,Male,Group D,High school,Free/Reduced,,58.0,41.0,30.0,76.87,43.0,Low
4047,Female,Group D,Master's degree,Free/Reduced,,99.0,27.0,23.0,96.92,49.666666666666664,Low
4048,Female,Group A,Some college,Free/Reduced,,22.0,93.0,14.0,94.89,43.0,Low
4049,Female,Group C,Some college,Standard,,17.0,92.0,75.0,83.63,61.333333333333336,Medium
4050,Female,Group C,Some college,Standard,Completed,73.0,97.0,19.0,82.89,63.0,Medium
4051,Female,Group B,Master's degree,Free/Reduced,Completed,75.0,50.0,3.0,64.47,42.666666666666664,Low
4052,Female,Group D,High school,Free/Reduced,,40.0,21.0,57.0,68.01,39.333333333333336,Low
4053,Male,Group C,Master's degree,Free/Reduced,Completed,7.0,88.0,76.0,70.11,57.0,Medium
4054,Male,Group C,Some college,Free/Reduced,,31.0,77.0,60.0,79.53,56.0,Medium
4055,Female,Group D,High school,Free/Reduced,,80.0,73.0,9.0,89.25,54.0,Medium
4056,Male,Group E,High school,Free/Reduced,,40.0,73.0,40.0,78.43,51.0,Medium
4057,Female,Group C,Bachelor's degree,Standard,,44.0,7.0,52.0,65.04,34.333333333333336,Low
4058,Male,Group A,Master's degree,Standard,,77.0,13.0,86.0,77.57,58.666666666666664,Medium
4059,Male,Group B,Master's degree,Standard,Completed,100.0,44.0,70.0,66.51,71.33333333333333,Medium
4060,Male,Group C,Some college,Free/Reduced,Completed,49.0,37.0,75.0,90.05,53.666666666666664,Medium
4061,Female,Group C,Some college,Free/Reduced,Completed,89.0,31.0,47.0,66.66,55.666666666666664,Medium
4062,Male,Group E,High school,Free/Reduced,Completed,47.0,61.0,14.0,79.3,40.666666666666664,Low
4063,Female,Group A,Master's degree,Standard,,23.0,95.0,6.0,87.74,41.333333333333336,Low
4064,Male,Group B,Master's degree,Free/Reduced,Completed,86.0,66.0,71.0,69.13,74.33333333333333,Medium
4065,Male,Group C,Some college,Standard,,94.0,83.0,70.0,63.04,82.33333333333333,High
4066,Male,Group B,Associate degree,Free/Reduced,,43.0,60.0,42.0,82.53,48.333333333333336,Low
4067,Male,Group D,High school,Free/Reduced,Completed,57.0,12.0,3.0,62.17,24.0,Low
4068,Male,Group C,Master's degree,Free/Reduced,Completed,65.0,86.0,50.0,83.51,67.0,Medium
4069,Female,Group C,Bachelor's degree,Standard,,17.0,82.0,70.0,90.14,56.333333333333336,Medium
4070,Female,Group D,Bachelor's degree,Standard,,79.0,79.0,58.0,73.17,72.0,Medium
4071,Male,Group E,Associate degree,Standard,,28.0,99.0,50.0,79.53,59.0,Medium
4072,Male,Group C,Some college,Free/Reduced,Completed,74.0,98.0,60.0,97.15,77.33333333333333,High
4073,Male,Group B,Some college,Standard,,1.0,46.0,29.0,78.84,25.333333333333332,Low
4074,Male,Group A,Some college,Free/Reduced,,77.0,53.0,17.0,99.86,49.0,Low
4075,Female,Group B,Bachelor's degree,Free/Reduced,,67.0,70.0,29.0,66.28,55.333333333333336,Medium
4076,Male,Group E,Some college,Standard,,97.0,51.0,6.0,88.36,51.333333333333336,Medium
4077,Female,Group A,Bachelor's degree,Standard,Completed,38.0,100.0,51.0,86.1,63.0,Medium
4078,Male,Group B,Associate degree,Free/Reduced,Completed,72.0,71.0,50.0,94.89,64.33333333333333,Medium
4079,Female,Group B,High school,Free/Reduced,,40.0,51.0,22.0,63.7,37.666666666666664,Low
4080,Male,Group D,Master's degree,Free/Reduced,Completed,70.0,22.0,36.0,71.21,42.666666666666664,Low
4081,Male,Group E,Associate degree,Free/Reduced,,80.0,73.0,70.0,65.29,74.33333333333333,Medium
4082,Female,Group D,Bachelor's degree,Standard,Completed,49.0,51.0,92.0,97.32,64.0,Medium
4083,Male,Group A,Associate degree,Standard,Completed,74.0,96.0,97.0,77.07,89.0,High
4084,Male,Group D,Master's degree,Standard,Completed,21.0,10.0,52.0,96.4,27.666666666666668,Low
4085,Male,Group E,High school,Free/Reduced,Completed,81.0,34.0,44.0,71.78,53.0,Medium
4086,Female,Group C,Master's degree,Free/Reduced,,48.0,26.0,48.0,65.05,40.666666666666664,Low
4087,Male,Group C,Bachelor's degree,Free/Reduced,,27.0,66.0,48.0,71.86,47.0,Low
4088,Male,Group A,Master's degree,Standard,,15.0,46.0,81.0,83.89,47.333333333333336,Low
4089,Female,Group C,Associate degree,Free/Reduced,Completed,67.0,49.0,46.0,93.81,54.0,Medium
4090,Female,Group D,Some college,Free/Reduced,Completed,61.0,7.0,24.0,75.42,30.666666666666668,Low
4091,Female,Group A,Associate degree,Standard,,35.0,54.0,90.0,96.59,59.666666666666664,Medium
4092,Male,Group E,Bachelor's degree,Standard,Completed,21.0,76.0,26.0,69.77,41.0,Low
4093,Male,Group A,High school,Free/Reduced,Completed,10.0,41.0,11.0,87.74,20.666666666666668,Low
4094,Male,Group A,Master's degree,Standard,,84.0,66.0,22.0,89.43,57.333333333333336,Medium
4095,Female,Group B,High school,Free/Reduced,Completed,79.0,19.0,16.0,70.96,38.0,Low
4096,Male,Group B,Bachelor's degree,Standard,,41.0,44.0,43.0,61.08,42.666666666666664,Low
4097,Male,Group A,Master's degree,Free/Reduced,Completed,54.0,51.0,70.0,74.61,58.333333333333336,Medium
4098,Female,Group C,Associate degree,Standard,,72.0,76.0,23.0,61.81,57.0,Medium
4099,Female,Group B,Associate degree,Standard,Completed,34.0,19.0,50.0,96.03,34.333333333333336,Low
4100,Female,Group E,Bachelor's degree,Standard,Completed,56.0,23.0,92.0,98.14,57.0,Medium
4101,Female,Group D,Master's degree,Standard,Completed,33.0,56.0,59.0,89.42,49.333333333333336,Low
4102,Female,Group B,Associate degree,Free/Reduced,Completed,72.0,54.0,52.0,89.07,59.333333333333336,Medium
4103,Male,Group A,Bachelor's degree,Free/Reduced,Completed,76.0,8.0,91.0,69.64,58.333333333333336,Medium
4104,Female,Group C,Bachelor's degree,Standard,,69.0,93.0,86.0,62.96,82.66666666666667,High
4105,Male,Group D,High school,Free/Reduced,Completed,3.0,88.0,73.0,92.08,54.666666666666664,Medium
4106,Male,Group B,Associate degree,Standard,,45.0,15.0,15.0,82.37,25.0,Low
4107,Female,Group C,Master's degree,Standard,,91.0,54.0,97.0,87.27,80.66666666666667,High
4108,Female,Group C,Associate degree,Free/Reduced,,10.0,71.0,24.0,91.19,35.0,Low
4109,Female,Group C,Associate degree,Free/Reduced,Completed,97.0,57.0,65.0,76.38,73.0,Medium
4110,Male,Group A,Associate degree,Free/Reduced,,60.0,63.0,49.0,65.78,57.333333333333336,Medium
4111,Female,Group E,Bachelor's degree,Free/Reduced,Completed,34.0,91.0,68.0,91.8,64.33333333333333,Medium
4112,Female,Group C,Some college,Free/Reduced,Completed,68.0,75.0,77.0,78.15,73.33333333333333,Medium
4113,Female,Group D,Some college,Free/Reduced,Completed,56.0,51.0,94.0,93.08,67.0,Medium
4114,Female,Group B,High school,Free/Reduced,,49.0,51.0,39.0,77.51,46.333333333333336,Low
4115,Female,Group D,Associate degree,Standard,Completed,11.0,28.0,5.0,68.68,14.666666666666666,Low
4116,Male,Group A,Some college,Free/Reduced,Completed,42.0,78.0,63.0,66.84,61.0,Medium
4117,Male,Group A,High school,Standard,Completed,18.0,81.0,27.0,89.76,42.0,Low
4118,Male,Group D,Bachelor's degree,Free/Reduced,,76.0,6.0,50.0,83.0,44.0,Low
4119,Female,Group E,Associate degree,Free/Reduced,,67.0,76.0,5.0,76.18,49.333333333333336,Low
4120,Female,Group A,Master's degree,Standard,,77.0,82.0,16.0,79.68,58.333333333333336,Medium
4121,Female,Group A,Bachelor's degree,Standard,,49.0,68.0,39.0,81.99,52.0,Medium
4122,Male,Group D,High school,Standard,Completed,1.0,89.0,98.0,69.58,62.666666666666664,Medium
4123,Female,Group A,Bachelor's degree,Standard,,7.0,51.0,75.0,75.13,44.333333333333336,Low
4124,Female,Group E,Master's degree,Free/Reduced,Completed,21.0,32.0,44.0,71.7,32.333333333333336,Low
4125,Female,Group E,Bachelor's degree,Free/Reduced,,76.0,47.0,81.0,75.54,68.0,Medium
4126,Male,Group E,High school,Standard,Completed,20.0,36.0,42.0,80.02,32.666666666666664,Low
4127,Female,Group B,Master's degree,Standard,,84.0,88.0,50.0,66.93,74.0,Medium
4128,Male,Group E,Master's degree,Free/Reduced,,91.0,88.0,45.0,75.74,74.66666666666667,Medium
4129,Female,Group E,Bachelor's degree,Free/Reduced,,96.0,29.0,62.0,75.42,62.333333333333336,Medium
4130,Male,Group B,Master's degree,Standard,Completed,28.0,40.0,0.0,71.44,22.666666666666668,Low
4131,Male,Group C,Bachelor's degree,Free/Reduced,Completed,100.0,3.0,58.0,99.94,53.666666666666664,Medium
4132,Male,Group A,Associate degree,Free/Reduced,,85.0,82.0,62.0,62.95,76.33333333333333,High
4133,Female,Group E,Master's degree,Standard,,89.0,90.0,78.0,85.72,85.66666666666667,High
4134,Female,Group A,Bachelor's degree,Standard,,74.0,38.0,17.0,66.98,43.0,Low
4135,Male,Group D,Associate degree,Standard,,74.0,23.0,85.0,93.58,60.666666666666664,Medium
4136,Male,Group A,Master's degree,Standard,,97.0,49.0,81.0,96.57,75.66666666666667,High
4137,Female,Group B,Associate degree,Free/Reduced,,82.0,36.0,64.0,76.06,60.666666666666664,Medium
4138,Female,Group A,Master's degree,Standard,Completed,36.0,52.0,19.0,92.94,35.666666666666664,Low
4139,Male,Group A,High school,Free/Reduced,Completed,77.0,24.0,55.0,70.0,52.0,Medium
4140,Female,Group A,High school,Free/Reduced,Completed,28.0,92.0,53.0,65.6,57.666666666666664,Medium
4141,Female,Group C,Bachelor's degree,Free/Reduced,Completed,82.0,30.0,47.0,72.64,53.0,Medium
4142,Female,Group C,Some college,Free/Reduced,Completed,36.0,98.0,50.0,73.67,61.333333333333336,Medium
4143,Female,Group D,High school,Standard,Completed,20.0,91.0,53.0,75.89,54.666666666666664,Medium
4144,Male,Group B,Some college,Free/Reduced,,87.0,37.0,88.0,74.92,70.66666666666667,Medium
4145,Female,Group A,Master's degree,Standard,,89.0,57.0,15.0,76.45,53.666666666666664,Medium
4146,Female,Group A,Associate degree,Free/Reduced,,11.0,52.0,19.0,88.4,27.333333333333332,Low
4147,Male,Group A,Some college,Standard,,47.0,49.0,46.0,69.82,47.333333333333336,Low
4148,Male,Group A,Bachelor's degree,Free/Reduced,,82.0,3.0,96.0,60.74,60.333333333333336,Medium
4149,Female,Group C,Master's degree,Free/Reduced,Completed,46.0,91.0,6.0,79.59,47.666666666666664,Low
4150,Female,Group D,Some college,Standard,Completed,93.0,51.0,22.0,77.93,55.333333333333336,Medium
4151,Female,Group E,Some college,Standard,Completed,14.0,30.0,74.0,62.4,39.333333333333336,Low
4152,Female,Group B,Some college,Standard,Completed,66.0,86.0,32.0,65.35,61.333333333333336,Medium
4153,Male,Group A,Some college,Standard,Completed,12.0,77.0,39.0,80.4,42.666666666666664,Low
4154,Male,Group D,Some college,Free/Reduced,,58.0,91.0,4.0,69.39,51.0,Medium
4155,Male,Group E,Bachelor's degree,Free/Reduced,Completed,72.0,13.0,44.0,95.1,43.0,Low
4156,Female,Group D,High school,Free/Reduced,Completed,12.0,0.0,40.0,66.93,17.333333333333332,Low
4157,Female,Group C,Master's degree,Free/Reduced,Completed,49.0,42.0,7.0,60.8,32.666666666666664,Low
4158,Female,Group E,High school,Free/Reduced,,77.0,95.0,80.0,77.9,84.0,High
4159,Female,Group D,Some college,Standard,,71.0,58.0,81.0,99.45,70.0,Medium
4160,Male,Group C,High school,Standard,,18.0,60.0,49.0,85.35,42.333333333333336,Low
4161,Male,Group D,Bachelor's degree,Free/Reduced,,49.0,40.0,90.0,74.16,59.666666666666664,Medium
4162,Female,Group D,Associate degree,Standard,,49.0,17.0,30.0,60.67,32.0,Low
4163,Male,Group E,High school,Free/Reduced,,98.0,59.0,3.0,79.4,53.333333333333336,Medium
4164,Female,Group C,Master's degree,Free/Reduced,Completed,86.0,68.0,65.0,68.26,73.0,Medium
4165,Female,Group A,Bachelor's degree,Standard,Completed,20.0,78.0,55.0,85.91,51.0,Medium
4166,Male,Group B,Associate degree,Free/Reduced,Completed,81.0,58.0,4.0,83.32,47.666666666666664,Low
4167,Female,Group E,Bachelor's degree,Standard,,13.0,41.0,80.0,70.61,44.666666666666664,Low
4168,Female,Group C,Some college,Free/Reduced,,79.0,79.0,53.0,62.76,70.33333333333333,Medium
4169,Male,Group D,Associate degree,Standard,,23.0,99.0,95.0,90.2,72.33333333333333,Medium
4170,Female,Group C,Master's degree,Free/Reduced,,48.0,35.0,92.0,83.42,58.333333333333336,Medium
4171,Female,Group B,Associate degree,Free/Reduced,Completed,31.0,39.0,79.0,93.69,49.666666666666664,Low
4172,Male,Group B,Master's degree,Standard,,74.0,29.0,0.0,70.39,34.333333333333336,Low
4173,Female,Group A,Some college,Free/Reduced,,10.0,86.0,75.0,86.11,57.0,Medium
4174,Male,Group A,Master's degree,Free/Reduced,,59.0,10.0,82.0,64.75,50.333333333333336,Medium
4175,Female,Group B,Bachelor's degree,Standard,,67.0,24.0,50.0,71.67,47.0,Low
4176,Male,Group E,High school,Standard,,60.0,44.0,60.0,86.26,54.666666666666664,Medium
4177,Male,Group E,Bachelor's degree,Standard,Completed,89.0,50.0,6.0,93.02,48.333333333333336,Low
4178,Male,Group D,Bachelor's degree,Free/Reduced,,4.0,42.0,29.0,72.84,25.0,Low
4179,Female,Group A,Associate degree,Standard,,35.0,65.0,14.0,91.95,38.0,Low
4180,Male,Group D,Some college,Standard,Completed,96.0,98.0,3.0,87.11,65.66666666666667,Medium
4181,Male,Group A,High school,Standard,,63.0,46.0,62.0,73.95,57.0,Medium
4182,Male,Group B,Master's degree,Free/Reduced,,77.0,23.0,69.0,95.06,56.333333333333336,Medium
4183,Male,Group E,Associate degree,Standard,Completed,31.0,76.0,37.0,80.37,48.0,Low
4184,Male,Group E,Some college,Free/Reduced,Completed,70.0,36.0,46.0,85.93,50.666666666666664,Medium
4185,Female,Group B,High school,Free/Reduced,Completed,73.0,55.0,59.0,79.83,62.333333333333336,Medium
4186,Female,Group D,Bachelor's degree,Standard,Completed,65.0,93.0,98.0,78.11,85.33333333333333,High
4187,Female,Group D,Some college,Free/Reduced,Completed,9.0,51.0,1.0,93.92,20.333333333333332,Low
4188,Female,Group C,Master's degree,Free/Reduced,Completed,98.0,86.0,68.0,71.79,84.0,High
4189,Female,Group A,Some college,Free/Reduced,Completed,20.0,45.0,7.0,61.47,24.0,Low
4190,Female,Group D,Bachelor's degree,Free/Reduced,Completed,39.0,27.0,50.0,95.19,38.666666666666664,Low
4191,Female,Group B,Master's degree,Free/Reduced,Completed,41.0,92.0,93.0,93.0,75.33333333333333,High
4192,Male,Group D,Associate degree,Standard,Completed,71.0,51.0,18.0,74.66,46.666666666666664,Low
4193,Female,Group E,Master's degree,Standard,,45.0,14.0,93.0,67.42,50.666666666666664,Medium
4194,Male,Group A,High school,Standard,Completed,81.0,44.0,30.0,87.02,51.666666666666664,Medium
4195,Male,Group C,Associate degree,Free/Reduced,Completed,72.0,57.0,79.0,63.15,69.33333333333333,Medium
4196,Female,Group A,High school,Standard,Completed,40.0,66.0,21.0,76.95,42.333333333333336,Low
4197,Male,Group E,Bachelor's degree,Free/Reduced,Completed,93.0,72.0,32.0,63.43,65.66666666666667,Medium
4198,Male,Group E,Master's degree,Free/Reduced,Completed,49.0,71.0,85.0,83.92,68.33333333333333,Medium
4199,Male,Group E,Some college,Free/Reduced,,98.0,96.0,71.0,61.09,88.33333333333333,High
4200,Male,Group E,Associate degree,Free/Reduced,,13.0,51.0,36.0,85.17,33.333333333333336,Low
4201,Female,Group B,Some college,Standard,,13.0,72.0,50.0,86.93,45.0,Low
4202,Female,Group C,High school,Free/Reduced,Completed,52.0,80.0,68.0,79.49,66.66666666666667,Medium
4203,Female,Group E,Some college,Standard,Completed,100.0,40.0,63.0,67.0,67.66666666666667,Medium
4204,Female,Group E,Some college,Standard,,83.0,64.0,24.0,64.06,57.0,Medium
4205,Female,Group D,Bachelor's degree,Free/Reduced,Completed,28.0,39.0,53.0,72.53,40.0,Low
4206,Female,Group C,Bachelor's degree,Standard,Completed,22.0,4.0,28.0,78.61,18.0,Low
4207,Female,Group A,Master's degree,Standard,,49.0,93.0,12.0,85.69,51.333333333333336,Medium
4208,Female,Group C,High school,Standard,Completed,30.0,74.0,25.0,60.05,43.0,Low
4209,Female,Group C,Bachelor's degree,Free/Reduced,Completed,95.0,27.0,21.0,88.44,47.666666666666664,Low
4210,Female,Group C,Bachelor's degree,Free/Reduced,Completed,70.0,37.0,92.0,88.51,66.33333333333333,Medium
4211,Male,Group E,Master's degree,Free/Reduced,Completed,76.0,80.0,75.0,77.78,77.0,High
4212,Female,Group E,Associate degree,Standard,Completed,60.0,86.0,91.0,73.74,79.0,High
4213,Male,Group B,Master's degree,Standard,Completed,22.0,17.0,72.0,93.69,37.0,Low
4214,Male,Group A,Some college,Free/Reduced,Completed,7.0,36.0,9.0,91.38,17.333333333333332,Low
4215,Male,Group D,Some college,Free/Reduced,,75.0,26.0,47.0,99.33,49.333333333333336,Low
4216,Male,Group C,Bachelor's degree,Standard,,49.0,24.0,41.0,74.88,38.0,Low
4217,Female,Group A,Bachelor's degree,Free/Reduced,Completed,49.0,68.0,89.0,96.27,68.66666666666667,Medium
4218,Male,Group A,Master's degree,Free/Reduced,Completed,25.0,82.0,99.0,63.5,68.66666666666667,Medium
4219,Female,Group B,Master's degree,Standard,,28.0,26.0,58.0,76.46,37.333333333333336,Low
4220,Female,Group D,High school,Standard,,92.0,76.0,52.0,78.61,73.33333333333333,Medium
4221,Male,Group C,Some college,Free/Reduced,,5.0,53.0,39.0,77.63,32.333333333333336,Low
4222,Female,Group D,Master's degree,Free/Reduced,,36.0,6.0,74.0,85.0,38.666666666666664,Low
4223,Male,Group B,Master's degree,Free/Reduced,,32.0,89.0,61.0,66.81,60.666666666666664,Medium
4224,Male,Group E,High school,Free/Reduced,,94.0,77.0,5.0,94.66,58.666666666666664,Medium
4225,Female,Group A,Master's degree,Standard,,45.0,26.0,3.0,82.07,24.666666666666668,Low
4226,Female,Group C,Bachelor's degree,Free/Reduced,Completed,60.0,58.0,90.0,96.17,69.33333333333333,Medium
4227,Male,Group E,Master's degree,Free/Reduced,,40.0,71.0,54.0,60.11,55.0,Medium
4228,Female,Group B,Bachelor's degree,Standard,,17.0,30.0,87.0,85.2,44.666666666666664,Low
4229,Female,Group D,Bachelor's degree,Standard,,94.0,98.0,68.0,76.5,86.66666666666667,High
4230,Female,Group A,Some college,Standard,Completed,15.0,90.0,2.0,80.2,35.666666666666664,Low
4231,Male,Group C,Some college,Standard,Completed,50.0,67.0,6.0,89.75,41.0,Low
4232,Male,Group E,Master's degree,Standard,Completed,36.0,3.0,87.0,69.09,42.0,Low
4233,Female,Group E,Master's degree,Standard,,13.0,17.0,85.0,68.2,38.333333333333336,Low
4234,Female,Group A,Associate degree,Standard,,67.0,62.0,11.0,88.12,46.666666666666664,Low
4235,Female,Group D,High school,Free/Reduced,,29.0,51.0,98.0,80.85,59.333333333333336,Medium
4236,Female,Group B,High school,Free/Reduced,Completed,59.0,95.0,16.0,69.35,56.666666666666664,Medium
4237,Female,Group D,Master's degree,Standard,Completed,52.0,75.0,66.0,79.36,64.33333333333333,Medium
4238,Male,Group D,Some college,Free/Reduced,Completed,96.0,51.0,74.0,78.38,73.66666666666667,Medium
4239,Female,Group D,Associate degree,Free/Reduced,Completed,35.0,83.0,69.0,87.66,62.333333333333336,Medium
4240,Male,Group A,High school,Standard,Completed,29.0,62.0,35.0,60.11,42.0,Low
4241,Female,Group A,Master's degree,Standard,Completed,63.0,44.0,16.0,83.47,41.0,Low
4242,Male,Group B,Some college,Standard,,13.0,51.0,85.0,84.23,49.666666666666664,Low
4243,Female,Group D,Some college,Standard,Completed,22.0,7.0,0.0,89.82,9.666666666666666,Low
4244,Male,Group A,Some college,Standard,Completed,47.0,21.0,66.0,95.57,44.666666666666664,Low
4245,Female,Group B,Bachelor's degree,Free/Reduced,Completed,27.0,90.0,79.0,77.61,65.33333333333333,Medium
4246,Male,Group B,Some college,Free/Reduced,Completed,6.0,40.0,98.0,73.7,48.0,Low
4247,Male,Group D,Master's degree,Standard,,41.0,40.0,77.0,64.09,52.666666666666664,Medium
4248,Male,Group C,Associate degree,Standard,,9.0,51.0,48.0,73.47,36.0,Low
4249,Male,Group D,Master's degree,Free/Reduced,Completed,67.0,56.0,50.0,62.74,57.666666666666664,Medium
4250,Male,Group C,Some college,Free/Reduced,,43.0,31.0,70.0,92.11,48.0,Low
4251,Male,Group B,Associate degree,Free/Reduced,,12.0,96.0,89.0,92.28,65.66666666666667,Medium
4252,Female,Group A,High school,Standard,,84.0,94.0,42.0,76.69,73.33333333333333,Medium
4253,Male,Group E,High school,Standard,,32.0,54.0,30.0,70.39,38.666666666666664,Low
4254,Female,Group B,Master's degree,Free/Reduced,,91.0,5.0,23.0,64.72,39.666666666666664,Low
4255,Female,Group A,Associate degree,Standard,,86.0,38.0,82.0,94.05,68.66666666666667,Medium
4256,Female,Group B,Master's degree,Free/Reduced,,31.0,8.0,36.0,95.1,25.0,Low
4257,Female,Group D,Master's degree,Standard,Completed,47.0,31.0,64.0,70.65,47.333333333333336,Low
4258,Female,Group C,Associate degree,Standard,,4.0,35.0,88.0,84.87,42.333333333333336,Low
4259,Male,Group B,Master's degree,Free/Reduced,Completed,60.0,15.0,62.0,70.35,45.666666666666664,Low
4260,Male,Group A,Associate degree,Free/Reduced,,89.0,11.0,55.0,69.01,51.666666666666664,Medium
4261,Male,Group D,Some college,Standard,,89.0,40.0,73.0,60.85,67.33333333333333,Medium
4262,Female,Group E,Associate degree,Free/Reduced,,2.0,66.0,17.0,83.09,28.333333333333332,Low
4263,Male,Group D,Associate degree,Standard,Completed,23.0,57.0,64.0,66.0,48.0,Low
4264,Male,Group C,Master's degree,Free/Reduced,,97.0,90.0,28.0,60.49,71.66666666666667,Medium
4265,Male,Group D,High school,Free/Reduced,Completed,33.0,90.0,76.0,64.19,66.33333333333333,Medium
4266,Male,Group E,Bachelor's degree,Standard,,83.0,8.0,3.0,72.55,31.333333333333332,Low
4267,Male,Group A,Associate degree,Standard,,93.0,16.0,11.0,86.77,40.0,Low
4268,Female,Group B,Bachelor's degree,Standard,Completed,41.0,4.0,55.0,68.1,33.333333333333336,Low
4269,Male,Group C,Associate degree,Free/Reduced,,19.0,25.0,47.0,95.5,30.333333333333332,Low
4270,Female,Group E,Master's degree,Free/Reduced,,40.0,84.0,18.0,71.54,47.333333333333336,Low
4271,Female,Group C,Master's degree,Standard,,81.0,0.0,25.0,73.25,35.333333333333336,Low
4272,Female,Group D,Associate degree,Free/Reduced,Completed,19.0,0.0,37.0,68.72,18.666666666666668,Low
4273,Female,Group C,Master's degree,Standard,,5.0,34.0,79.0,70.15,39.333333333333336,Low
4274,Female,Group E,Master's degree,Standard,,56.0,8.0,24.0,62.97,29.333333333333332,Low
4275,Male,Group B,Associate degree,Standard,,41.0,86.0,55.0,71.79,60.666666666666664,Medium
4276,Male,Group B,High school,Standard,Completed,24.0,37.0,73.0,94.38,44.666666666666664,Low
4277,Male,Group C,Associate degree,Standard,,40.0,3.0,100.0,87.54,47.666666666666664,Low
4278,Female,Group A,High school,Free/Reduced,Completed,40.0,51.0,27.0,95.01,39.333333333333336,Low
4279,Male,Group C,Master's degree,Free/Reduced,,2.0,18.0,60.0,64.19,26.666666666666668,Low
4280,Male,Group D,High school,Standard,,42.0,100.0,91.0,78.22,77.66666666666667,High
4281,Female,Group B,Master's degree,Free/Reduced,Completed,49.0,4.0,88.0,69.17,47.0,Low
4282,Female,Group B,High school,Standard,Completed,56.0,91.0,88.0,88.85,78.33333333333333,High
4283,Female,Group B,High school,Free/Reduced,Completed,82.0,47.0,50.0,98.81,59.666666666666664,Medium
4284,Female,Group A,Master's degree,Free/Reduced,Completed,73.0,86.0,11.0,92.61,56.666666666666664,Medium
4285,Male,Group A,High school,Standard,Completed,50.0,62.0,50.0,61.41,54.0,Medium
4286,Female,Group E,Master's degree,Free/Reduced,,4.0,37.0,99.0,72.67,46.666666666666664,Low
4287,Female,Group C,Associate degree,Standard,,85.0,51.0,57.0,61.14,64.33333333333333,Medium
4288,Male,Group C,High school,Free/Reduced,Completed,72.0,86.0,87.0,61.61,81.66666666666667,High
4289,Male,Group D,Associate degree,Standard,,96.0,45.0,22.0,63.18,54.333333333333336,Medium
4290,Female,Group B,Bachelor's degree,Standard,,14.0,81.0,36.0,71.05,43.666666666666664,Low
4291,Male,Group A,Associate degree,Standard,Completed,87.0,92.0,10.0,72.17,63.0,Medium
4292,Female,Group D,Bachelor's degree,Standard,Completed,93.0,91.0,16.0,76.02,66.66666666666667,Medium
4293,Female,Group D,Bachelor's degree,Standard,Completed,99.0,8.0,91.0,76.2,66.0,Medium
4294,Male,Group A,Associate degree,Standard,,38.0,49.0,55.0,90.86,47.333333333333336,Low
4295,Male,Group C,Master's degree,Free/Reduced,Completed,69.0,73.0,52.0,65.66,64.66666666666667,Medium
4296,Female,Group B,Master's degree,Standard,,78.0,65.0,66.0,66.31,69.66666666666667,Medium
4297,Female,Group C,Master's degree,Free/Reduced,Completed,37.0,76.0,1.0,85.06,38.0,Low
4298,Female,Group D,Some college,Standard,Completed,38.0,37.0,28.0,82.87,34.333333333333336,Low
4299,Male,Group B,Bachelor's degree,Free/Reduced,Completed,51.0,26.0,56.0,66.16,44.333333333333336,Low
4300,Female,Group E,Associate degree,Standard,Completed,49.0,19.0,33.0,94.09,33.666666666666664,Low
4301,Female,Group D,Master's degree,Standard,,2.0,51.0,77.0,73.16,43.333333333333336,Low
4302,Female,Group C,Master's degree,Free/Reduced,,49.0,73.0,96.0,74.68,72.66666666666667,Medium
4303,Female,Group C,Associate degree,Standard,,92.0,15.0,81.0,76.82,62.666666666666664,Medium
4304,Female,Group C,Bachelor's degree,Standard,Completed,30.0,78.0,92.0,72.91,66.66666666666667,Medium
4305,Male,Group A,Associate degree,Standard,,65.0,12.0,50.0,82.3,42.333333333333336,Low
4306,Female,Group D,Some college,Standard,,98.0,19.0,74.0,75.55,63.666666666666664,Medium
4307,Female,Group B,Some college,Free/Reduced,,44.0,23.0,30.0,70.38,32.333333333333336,Low
4308,Female,Group C,Associate degree,Standard,Completed,72.0,51.0,76.0,96.18,66.33333333333333,Medium
4309,Female,Group C,Bachelor's degree,Free/Reduced,,21.0,6.0,43.0,72.33,23.333333333333332,Low
4310,Male,Group A,Master's degree,Standard,Completed,82.0,86.0,89.0,87.94,85.66666666666667,High
4311,Male,Group B,Some college,Standard,Completed,100.0,87.0,55.0,73.89,80.66666666666667,High
4312,Male,Group D,Master's degree,Standard,,9.0,28.0,97.0,77.41,44.666666666666664,Low
4313,Female,Group E,Bachelor's degree,Standard,,20.0,4.0,53.0,69.44,25.666666666666668,Low
4314,Female,Group A,Some college,Free/Reduced,Completed,16.0,34.0,52.0,90.09,34.0,Low
4315,Male,Group D,Some college,Standard,Completed,66.0,64.0,73.0,89.49,67.66666666666667,Medium
4316,Male,Group E,Bachelor's degree,Standard,Completed,6.0,99.0,75.0,60.89,60.0,Medium
4317,Male,Group C,Associate degree,Standard,,100.0,81.0,85.0,62.41,88.66666666666667,High
4318,Female,Group C,Master's degree,Free/Reduced,Completed,35.0,69.0,45.0,96.9,49.666666666666664,Low
4319,Female,Group B,Master's degree,Free/Reduced,Completed,66.0,86.0,53.0,95.55,68.33333333333333,Medium
4320,Male,Group E,Some college,Free/Reduced,Completed,76.0,73.0,30.0,80.24,59.666666666666664,Medium
4321,Male,Group C,Master's degree,Free/Reduced,,29.0,6.0,82.0,79.73,39.0,Low
4322,Male,Group C,Associate degree,Standard,Completed,86.0,43.0,23.0,92.5,50.666666666666664,Medium
4323,Female,Group B,Some college,Standard,Completed,70.0,71.0,24.0,65.54,55.0,Medium
4324,Female,Group D,Master's degree,Free/Reduced,Completed,93.0,12.0,34.0,86.15,46.333333333333336,Low
4325,Female,Group C,High school,Standard,Completed,28.0,93.0,56.0,79.04,59.0,Medium
4326,Male,Group A,High school,Standard,Completed,71.0,81.0,71.0,89.73,74.33333333333333,Medium
4327,Male,Group A,High school,Free/Reduced,,73.0,77.0,68.0,61.2,72.66666666666667,Medium
4328,Female,Group D,High school,Standard,,32.0,74.0,85.0,83.71,63.666666666666664,Medium
4329,Male,Group E,High school,Free/Reduced,Completed,58.0,37.0,27.0,82.27,40.666666666666664,Low
4330,Female,Group B,Master's degree,Free/Reduced,Completed,19.0,12.0,75.0,93.63,35.333333333333336,Low
4331,Male,Group A,Bachelor's degree,Free/Reduced,Completed,92.0,53.0,32.0,87.07,59.0,Medium
4332,Male,Group A,Bachelor's degree,Free/Reduced,Completed,28.0,43.0,52.0,95.21,41.0,Low
4333,Male,Group D,Some college,Free/Reduced,Completed,52.0,96.0,15.0,95.49,54.333333333333336,Medium
4334,Male,Group E,Some college,Free/Reduced,Completed,84.0,12.0,25.0,76.33,40.333333333333336,Low
4335,Female,Group E,Associate degree,Standard,,0.0,24.0,11.0,65.5,11.666666666666666,Low
4336,Male,Group D,Bachelor's degree,Standard,Completed,33.0,23.0,86.0,85.21,47.333333333333336,Low
4337,Female,Group A,High school,Standard,Completed,43.0,28.0,89.0,94.95,53.333333333333336,Medium
4338,Female,Group B,Some college,Free/Reduced,,95.0,99.0,76.0,63.0,90.0,High
4339,Female,Group A,High school,Free/Reduced,,13.0,69.0,86.0,82.32,56.0,Medium
4340,Male,Group E,Bachelor's degree,Free/Reduced,,36.0,17.0,30.0,64.6,27.666666666666668,Low
4341,Female,Group A,Master's degree,Standard,,34.0,91.0,99.0,61.08,74.66666666666667,Medium
4342,Female,Group B,Master's degree,Standard,Completed,58.0,4.0,26.0,87.19,29.333333333333332,Low
4343,Female,Group C,Some college,Free/Reduced,,49.0,17.0,35.0,87.27,33.666666666666664,Low
4344,Male,Group A,Associate degree,Free/Reduced,,64.0,62.0,58.0,84.03,61.333333333333336,Medium
4345,Male,Group D,High school,Free/Reduced,,5.0,36.0,86.0,94.37,42.333333333333336,Low
4346,Female,Group C,Master's degree,Free/Reduced,Completed,67.0,70.0,2.0,63.24,46.333333333333336,Low
4347,Male,Group D,Associate degree,Free/Reduced,Completed,37.0,54.0,50.0,64.21,47.0,Low
4348,Female,Group D,High school,Standard,Completed,0.0,72.0,31.0,94.58,34.333333333333336,Low
4349,Female,Group D,Bachelor's degree,Free/Reduced,,40.0,98.0,14.0,80.13,50.666666666666664,Medium
4350,Male,Group A,Master's degree,Free/Reduced,Completed,30.0,11.0,74.0,70.92,38.333333333333336,Low
4351,Female,Group E,Associate degree,Free/Reduced,,35.0,51.0,65.0,89.53,50.333333333333336,Medium
4352,Male,Group C,High school,Free/Reduced,,72.0,56.0,89.0,95.78,72.33333333333333,Medium
4353,Male,Group B,Some college,Standard,,53.0,45.0,62.0,87.58,53.333333333333336,Medium
4354,Female,Group E,High school,Free/Reduced,,86.0,43.0,97.0,91.68,75.33333333333333,High
4355,Male,Group A,Some college,Free/Reduced,Completed,30.0,23.0,0.0,71.3,17.666666666666668,Low
4356,Male,Group D,Master's degree,Free/Reduced,Completed,28.0,8.0,74.0,71.55,36.666666666666664,Low
4357,Female,Group B,Master's degree,Standard,Completed,84.0,11.0,4.0,94.56,33.0,Low
4358,Female,Group C,High school,Free/Reduced,Completed,2.0,99.0,89.0,84.59,63.333333333333336,Medium
4359,Male,Group E,Master's degree,Standard,,57.0,100.0,5.0,69.37,54.0,Medium
4360,Male,Group E,Master's degree,Free/Reduced,,89.0,8.0,98.0,80.97,65.0,Medium
4361,Female,Group B,Some college,Free/Reduced,,60.0,21.0,4.0,87.43,28.333333333333332,Low
4362,Male,Group A,Associate degree,Free/Reduced,,49.0,16.0,72.0,68.74,45.666666666666664,Low
4363,Male,Group C,Associate degree,Free/Reduced,,19.0,32.0,50.0,86.2,33.666666666666664,Low
4364,Male,Group B,Associate degree,Free/Reduced,Completed,60.0,46.0,82.0,61.69,62.666666666666664,Medium
4365,Male,Group D,High school,Free/Reduced,Completed,45.0,87.0,68.0,72.15,66.66666666666667,Medium
4366,Male,Group C,Associate degree,Free/Reduced,,12.0,14.0,86.0,86.96,37.333333333333336,Low
4367,Male,Group E,High school,Free/Reduced,,22.0,92.0,43.0,65.97,52.333333333333336,Medium
4368,Male,Group B,Master's degree,Free/Reduced,Completed,78.0,95.0,15.0,68.89,62.666666666666664,Medium
4369,Female,Group E,Bachelor's degree,Standard,Completed,30.0,32.0,70.0,95.16,44.0,Low
4370,Female,Group E,Master's degree,Standard,,3.0,92.0,77.0,86.97,57.333333333333336,Medium
4371,Female,Group E,High school,Standard,Completed,74.0,14.0,50.0,79.96,46.0,Low
4372,Female,Group A,High school,Standard,Completed,65.0,26.0,72.0,68.44,54.333333333333336,Medium
4373,Female,Group E,Bachelor's degree,Free/Reduced,,15.0,97.0,22.0,73.66,44.666666666666664,Low
4374,Male,Group D,Some college,Free/Reduced,,30.0,60.0,42.0,82.97,44.0,Low
4375,Male,Group D,Some college,Standard,Completed,47.0,67.0,67.0,66.21,60.333333333333336,Medium
4376,Male,Group C,Some college,Standard,Completed,49.0,81.0,42.0,79.27,57.333333333333336,Medium
4377,Male,Group E,Associate degree,Standard,,3.0,84.0,25.0,76.36,37.333333333333336,Low
4378,Female,Group E,Some college,Standard,Completed,61.0,47.0,40.0,79.07,49.333333333333336,Low
4379,Male,Group B,Associate degree,Free/Reduced,Completed,47.0,7.0,69.0,64.22,41.0,Low
4380,Male,Group A,Associate degree,Standard,Completed,27.0,5.0,50.0,64.26,27.333333333333332,Low
4381,Female,Group C,Some college,Free/Reduced,,15.0,62.0,16.0,98.56,31.0,Low
4382,Male,Group E,Some college,Free/Reduced,Completed,88.0,83.0,8.0,99.17,59.666666666666664,Medium
4383,Male,Group B,Bachelor's degree,Free/Reduced,Completed,76.0,51.0,90.0,77.05,72.33333333333333,Medium
4384,Female,Group A,Bachelor's degree,Standard,,68.0,21.0,54.0,91.56,47.666666666666664,Low
4385,Male,Group C,Associate degree,Standard,,29.0,20.0,5.0,86.23,18.0,Low
4386,Male,Group C,Bachelor's degree,Free/Reduced,Completed,64.0,5.0,69.0,64.68,46.0,Low
4387,Male,Group E,Associate degree,Standard,,68.0,95.0,63.0,71.87,75.33333333333333,High
4388,Male,Group C,High school,Standard,,13.0,69.0,3.0,72.55,28.333333333333332,Low
4389,Male,Group B,Associate degree,Free/Reduced,Completed,74.0,12.0,66.0,83.83,50.666666666666664,Medium
4390,Female,Group C,Associate degree,Free/Reduced,,33.0,0.0,87.0,83.2,40.0,Low
4391,Female,Group D,Bachelor's degree,Standard,Completed,55.0,21.0,55.0,96.94,43.666666666666664,Low
4392,Female,Group B,High school,Free/Reduced,Completed,49.0,23.0,17.0,91.6,29.666666666666668,Low
4393,Female,Group A,Master's degree,Standard,,81.0,63.0,31.0,94.27,58.333333333333336,Medium
4394,Female,Group A,Master's degree,Standard,Completed,78.0,40.0,84.0,95.65,67.33333333333333,Medium
4395,Female,Group E,Master's degree,Free/Reduced,Completed,24.0,93.0,47.0,92.05,54.666666666666664,Medium
4396,Male,Group E,High school,Free/Reduced,Completed,49.0,21.0,28.0,73.32,32.666666666666664,Low
4397,Female,Group D,Some college,Standard,Completed,65.0,51.0,31.0,68.6,49.0,Low
4398,Female,Group A,High school,Free/Reduced,Completed,39.0,11.0,24.0,82.87,24.666666666666668,Low
4399,Male,Group A,Bachelor's degree,Standard,,90.0,89.0,75.0,87.58,84.66666666666667,High
4400,Male,Group A,Associate degree,Free/Reduced,,14.0,3.0,62.0,75.46,26.333333333333332,Low
4401,Female,Group A,Associate degree,Standard,Completed,31.0,82.0,8.0,93.93,40.333333333333336,Low
4402,Male,Group C,Bachelor's degree,Free/Reduced,Completed,19.0,79.0,70.0,98.42,56.0,Medium
4403,Female,Group B,Bachelor's degree,Standard,,52.0,11.0,13.0,82.78,25.333333333333332,Low
4404,Male,Group B,Associate degree,Standard,Completed,77.0,32.0,19.0,78.26,42.666666666666664,Low
4405,Female,Group D,Some college,Free/Reduced,Completed,90.0,20.0,83.0,93.72,64.33333333333333,Medium
4406,Male,Group C,Some college,Standard,Completed,66.0,99.0,9.0,60.97,58.0,Medium
4407,Male,Group A,Some college,Standard,,49.0,72.0,10.0,65.16,43.666666666666664,Low
4408,Female,Group A,Bachelor's degree,Standard,Completed,66.0,71.0,38.0,93.83,58.333333333333336,Medium
4409,Female,Group E,Associate degree,Standard,,76.0,83.0,18.0,89.28,59.0,Medium
4410,Female,Group E,Associate degree,Standard,Completed,88.0,73.0,18.0,76.65,59.666666666666664,Medium
4411,Female,Group D,Associate degree,Free/Reduced,Completed,81.0,95.0,42.0,95.55,72.66666666666667,Medium
4412,Female,Group A,High school,Standard,,0.0,91.0,60.0,74.06,50.333333333333336,Medium
4413,Male,Group D,High school,Standard,,38.0,73.0,69.0,85.35,60.0,Medium
4414,Female,Group C,Master's degree,Standard,Completed,60.0,71.0,71.0,85.37,67.33333333333333,Medium
4415,Female,Group B,High school,Free/Reduced,Completed,54.0,51.0,64.0,67.37,56.333333333333336,Medium
4416,Male,Group A,Some college,Free/Reduced,Completed,68.0,46.0,22.0,71.39,45.333333333333336,Low
4417,Male,Group C,Some college,Standard,,1.0,96.0,100.0,96.64,65.66666666666667,Medium
4418,Female,Group A,Some college,Standard,Completed,93.0,58.0,59.0,67.34,70.0,Medium
4419,Male,Group E,Some college,Free/Reduced,,16.0,46.0,9.0,66.94,23.666666666666668,Low
4420,Male,Group D,Master's degree,Free/Reduced,Completed,28.0,55.0,62.0,79.18,48.333333333333336,Low
4421,Female,Group E,Some college,Standard,Completed,3.0,12.0,50.0,63.69,21.666666666666668,Low
4422,Male,Group B,Bachelor's degree,Free/Reduced,Completed,72.0,43.0,35.0,95.79,50.0,Medium
4423,Male,Group E,Bachelor's degree,Standard,Completed,63.0,34.0,56.0,64.01,51.0,Medium
4424,Female,Group A,Bachelor's degree,Standard,Completed,84.0,28.0,50.0,84.66,54.0,Medium
4425,Female,Group E,High school,Standard,Completed,42.0,55.0,78.0,73.59,58.333333333333336,Medium
4426,Male,Group A,Associate degree,Free/Reduced,Completed,75.0,4.0,19.0,92.17,32.666666666666664,Low
4427,Male,Group B,Master's degree,Standard,,11.0,66.0,41.0,83.59,39.333333333333336,Low
4428,Female,Group E,Bachelor's degree,Standard,Completed,49.0,52.0,20.0,75.53,40.333333333333336,Low
4429,Male,Group D,Bachelor's degree,Free/Reduced,Completed,67.0,51.0,50.0,99.35,56.0,Medium
4430,Male,Group D,Some college,Standard,Completed,60.0,59.0,87.0,62.65,68.66666666666667,Medium
4431,Male,Group D,Bachelor's degree,Standard,Completed,91.0,5.0,65.0,83.11,53.666666666666664,Medium
4432,Female,Group E,Some college,Standard,,72.0,47.0,37.0,99.58,52.0,Medium
4433,Male,Group E,Some college,Free/Reduced,,50.0,79.0,85.0,87.64,71.33333333333333,Medium
4434,Male,Group E,Associate degree,Free/Reduced,Completed,95.0,34.0,92.0,89.59,73.66666666666667,Medium
4435,Female,Group A,High school,Standard,Completed,76.0,17.0,77.0,61.28,56.666666666666664,Medium
4436,Male,Group B,Some college,Free/Reduced,,97.0,10.0,68.0,60.85,58.333333333333336,Medium
4437,Male,Group D,Some college,Standard,,82.0,50.0,23.0,61.44,51.666666666666664,Medium
4438,Female,Group A,Associate degree,Standard,,77.0,22.0,25.0,99.67,41.333333333333336,Low
4439,Female,Group D,Some college,Free/Reduced,Completed,4.0,46.0,1.0,99.18,17.0,Low
4440,Female,Group A,Master's degree,Free/Reduced,,90.0,74.0,45.0,73.38,69.66666666666667,Medium
4441,Female,Group E,High school,Standard,,27.0,58.0,50.0,71.64,45.0,Low
4442,Male,Group D,Master's degree,Free/Reduced,Completed,89.0,56.0,61.0,65.84,68.66666666666667,Medium
4443,Male,Group E,Bachelor's degree,Free/Reduced,Completed,9.0,92.0,86.0,73.17,62.333333333333336,Medium
4444,Female,Group D,High school,Free/Reduced,Completed,87.0,55.0,40.0,74.81,60.666666666666664,Medium
4445,Female,Group C,Master's degree,Standard,,80.0,26.0,98.0,89.93,68.0,Medium
4446,Male,Group A,Some college,Standard,,51.0,72.0,14.0,94.65,45.666666666666664,Low
4447,Female,Group C,Associate degree,Free/Reduced,,79.0,34.0,54.0,89.87,55.666666666666664,Medium
4448,Male,Group A,Master's degree,Standard,,16.0,54.0,2.0,85.86,24.0,Low
4449,Female,Group B,Bachelor's degree,Standard,Completed,64.0,8.0,75.0,90.64,49.0,Low
4450,Male,Group D,Some college,Free/Reduced,,20.0,17.0,37.0,89.54,24.666666666666668,Low
4451,Female,Group B,Master's degree,Standard,Completed,53.0,43.0,50.0,79.03,48.666666666666664,Low
4452,Female,Group B,Master's degree,Free/Reduced,,48.0,20.0,16.0,73.43,28.0,Low
4453,Male,Group A,Bachelor's degree,Standard,,21.0,55.0,90.0,71.31,55.333333333333336,Medium
4454,Female,Group C,Some college,Standard,,68.0,47.0,82.0,87.17,65.66666666666667,Medium
4455,Male,Group E,Associate degree,Free/Reduced,Completed,63.0,99.0,48.0,98.37,70.0,Medium
4456,Male,Group A,Bachelor's degree,Standard,,35.0,0.0,20.0,83.24,18.333333333333332,Low
4457,Male,Group E,Master's degree,Free/Reduced,Completed,20.0,26.0,87.0,96.5,44.333333333333336,Low
4458,Male,Group B,Master's degree,Standard,Completed,55.0,44.0,23.0,60.57,40.666666666666664,Low
4459,Male,Group E,High school,Standard,Completed,72.0,62.0,82.0,91.78,72.0,Medium
4460,Female,Group C,Some college,Standard,Completed,90.0,57.0,94.0,94.14,80.33333333333333,High
4461,Female,Group A,Master's degree,Free/Reduced,,47.0,39.0,39.0,85.24,41.666666666666664,Low
4462,Male,Group C,Associate degree,Standard,,75.0,62.0,19.0,97.36,52.0,Medium
4463,Female,Group C,Bachelor's degree,Standard,Completed,17.0,51.0,78.0,83.6,48.666666666666664,Low
4464,Male,Group A,Master's degree,Free/Reduced,Completed,98.0,28.0,34.0,69.62,53.333333333333336,Medium
4465,Female,Group C,Some college,Free/Reduced,,14.0,39.0,47.0,68.63,33.333333333333336,Low
4466,Female,Group D,Master's degree,Standard,,43.0,18.0,98.0,82.23,53.0,Medium
4467,Female,Group D,High school,Free/Reduced,Completed,93.0,87.0,32.0,96.26,70.66666666666667,Medium
4468,Female,Group D,High school,Free/Reduced,,44.0,55.0,55.0,62.89,51.333333333333336,Medium
4469,Male,Group E,Bachelor's degree,Free/Reduced,,96.0,43.0,40.0,84.18,59.666666666666664,Medium
4470,Male,Group C,Some college,Free/Reduced,,35.0,64.0,53.0,90.79,50.666666666666664,Medium
4471,Female,Group A,Some college,Standard,Completed,39.0,99.0,43.0,64.62,60.333333333333336,Medium
4472,Female,Group A,Bachelor's degree,Free/Reduced,Completed,50.0,86.0,81.0,64.67,72.33333333333333,Medium
4473,Male,Group E,High school,Standard,Completed,29.0,12.0,80.0,74.65,40.333333333333336,Low
4474,Female,Group A,High school,Standard,Completed,25.0,29.0,71.0,70.96,41.666666666666664,Low
4475,Male,Group D,High school,Standard,Completed,84.0,48.0,83.0,67.93,71.66666666666667,Medium
4476,Male,Group C,Master's degree,Free/Reduced,,49.0,100.0,10.0,67.95,53.0,Medium
4477,Male,Group A,Associate degree,Free/Reduced,,30.0,74.0,93.0,65.23,65.66666666666667,Medium
4478,Female,Group A,High school,Standard,,55.0,62.0,90.0,84.43,69.0,Medium
4479,Male,Group B,Associate degree,Standard,Completed,60.0,70.0,13.0,87.53,47.666666666666664,Low
4480,Female,Group B,Associate degree,Free/Reduced,,16.0,34.0,41.0,88.12,30.333333333333332,Low
4481,Male,Group B,Some college,Free/Reduced,Completed,80.0,10.0,78.0,81.29,56.0,Medium
4482,Female,Group C,Bachelor's degree,Standard,Completed,97.0,48.0,11.0,98.12,52.0,Medium
4483,Female,Group D,Master's degree,Free/Reduced,Completed,23.0,39.0,83.0,95.22,48.333333333333336,Low
4484,Female,Group D,Associate degree,Free/Reduced,Completed,96.0,20.0,16.0,98.31,44.0,Low
4485,Male,Group D,Master's degree,Standard,Completed,49.0,46.0,89.0,75.55,61.333333333333336,Medium
4486,Male,Group C,Some college,Free/Reduced,Completed,8.0,2.0,77.0,95.11,29.0,Low
4487,Female,Group C,High school,Free/Reduced,,1.0,29.0,24.0,90.51,18.0,Low
4488,Female,Group B,Associate degree,Standard,Completed,34.0,87.0,25.0,73.6,48.666666666666664,Low
4489,Female,Group A,Bachelor's degree,Free/Reduced,,37.0,66.0,46.0,64.26,49.666666666666664,Low
4490,Male,Group E,Some college,Standard,Completed,44.0,61.0,24.0,87.3,43.0,Low
4491,Male,Group E,Master's degree,Free/Reduced,,14.0,36.0,88.0,65.46,46.0,Low
4492,Male,Group A,High school,Standard,Completed,41.0,96.0,59.0,71.75,65.33333333333333,Medium
4493,Male,Group B,Master's degree,Free/Reduced,Completed,2.0,21.0,59.0,80.01,27.333333333333332,Low
4494,Female,Group A,Bachelor's degree,Standard,,30.0,30.0,26.0,87.2,28.666666666666668,Low
4495,Female,Group A,Associate degree,Free/Reduced,Completed,51.0,45.0,42.0,97.05,46.0,Low
4496,Male,Group E,Bachelor's degree,Free/Reduced,Completed,40.0,75.0,75.0,83.73,63.333333333333336,Medium
4497,Male,Group B,Master's degree,Free/Reduced,,56.0,51.0,19.0,86.86,42.0,Low
4498,Female,Group C,Master's degree,Standard,,41.0,13.0,62.0,72.4,38.666666666666664,Low
4499,Male,Group E,Master's degree,Free/Reduced,Completed,52.0,11.0,79.0,87.49,47.333333333333336,Low
4500,Male,Group C,Bachelor's degree,Standard,,55.0,62.0,24.0,77.51,47.0,Low
4501,Male,Group B,Bachelor's degree,Free/Reduced,,86.0,90.0,26.0,94.28,67.33333333333333,Medium
4502,Male,Group A,High school,Free/Reduced,Completed,75.0,76.0,50.0,75.7,67.0,Medium
4503,Male,Group D,Master's degree,Free/Reduced,,71.0,87.0,81.0,78.73,79.66666666666667,High
4504,Male,Group D,Some college,Free/Reduced,Completed,52.0,37.0,9.0,77.3,32.666666666666664,Low
4505,Female,Group B,High school,Free/Reduced,,84.0,46.0,49.0,92.44,59.666666666666664,Medium
4506,Male,Group D,High school,Free/Reduced,Completed,84.0,53.0,29.0,98.15,55.333333333333336,Medium
4507,Male,Group C,High school,Standard,Completed,49.0,54.0,0.0,73.09,34.333333333333336,Low
4508,Female,Group D,Some college,Standard,Completed,80.0,47.0,53.0,79.0,60.0,Medium
4509,Female,Group B,Bachelor's degree,Free/Reduced,,49.0,72.0,3.0,88.24,41.333333333333336,Low
4510,Female,Group B,Master's degree,Free/Reduced,Completed,36.0,71.0,86.0,95.82,64.33333333333333,Medium
4511,Male,Group C,Associate degree,Free/Reduced,,87.0,100.0,50.0,79.75,79.0,High
4512,Female,Group D,Associate degree,Free/Reduced,Completed,7.0,14.0,29.0,64.36,16.666666666666668,Low
4513,Male,Group D,Master's degree,Free/Reduced,Completed,81.0,70.0,89.0,74.75,80.0,High
4514,Male,Group A,Some college,Standard,Completed,10.0,87.0,64.0,82.01,53.666666666666664,Medium
4515,Male,Group E,Master's degree,Free/Reduced,,53.0,15.0,28.0,76.7,32.0,Low
4516,Female,Group B,High school,Free/Reduced,Completed,59.0,87.0,24.0,67.46,56.666666666666664,Medium
4517,Female,Group A,Associate degree,Standard,Completed,9.0,42.0,39.0,61.48,30.0,Low
4518,Female,Group B,Master's degree,Standard,,89.0,6.0,25.0,87.5,40.0,Low
4519,Female,Group A,High school,Standard,Completed,69.0,42.0,16.0,99.71,42.333333333333336,Low
4520,Female,Group E,Associate degree,Free/Reduced,Completed,80.0,27.0,30.0,96.77,45.666666666666664,Low
4521,Male,Group A,Master's degree,Free/Reduced,,49.0,65.0,60.0,87.33,58.0,Medium
4522,Male,Group B,Some college,Free/Reduced,,41.0,97.0,7.0,93.66,48.333333333333336,Low
4523,Male,Group D,Master's degree,Free/Reduced,,36.0,59.0,68.0,70.23,54.333333333333336,Medium
4524,Male,Group B,Some college,Free/Reduced,Completed,91.0,2.0,50.0,84.9,47.666666666666664,Low
4525,Female,Group C,High school,Standard,,79.0,0.0,78.0,62.42,52.333333333333336,Medium
4526,Female,Group C,Master's degree,Free/Reduced,Completed,75.0,51.0,99.0,88.29,75.0,High
4527,Male,Group C,Bachelor's degree,Free/Reduced,Completed,57.0,55.0,70.0,98.79,60.666666666666664,Medium
4528,Female,Group C,Bachelor's degree,Free/Reduced,,84.0,86.0,45.0,94.43,71.66666666666667,Medium
4529,Female,Group E,Bachelor's degree,Standard,,58.0,83.0,90.0,81.38,77.0,High
4530,Male,Group D,Bachelor's degree,Free/Reduced,Completed,23.0,79.0,98.0,91.55,66.66666666666667,Medium
4531,Male,Group D,Bachelor's degree,Free/Reduced,,27.0,45.0,90.0,97.76,54.0,Medium
4532,Female,Group B,Some college,Free/Reduced,,36.0,31.0,19.0,68.64,28.666666666666668,Low
4533,Female,Group A,Master's degree,Free/Reduced,Completed,20.0,80.0,81.0,91.73,60.333333333333336,Medium
4534,Male,Group B,High school,Standard,,32.0,17.0,39.0,70.79,29.333333333333332,Low
4535,Male,Group B,Bachelor's degree,Standard,,1.0,67.0,1.0,95.08,23.0,Low
4536,Male,Group B,Bachelor's degree,Standard,,100.0,34.0,93.0,63.93,75.66666666666667,High
4537,Female,Group B,High school,Free/Reduced,Completed,82.0,99.0,60.0,67.13,80.33333333333333,High
4538,Male,Group D,High school,Standard,,27.0,22.0,93.0,88.82,47.333333333333336,Low
4539,Male,Group A,Bachelor's degree,Standard,,14.0,78.0,50.0,66.99,47.333333333333336,Low
4540,Female,Group B,Some college,Free/Reduced,Completed,0.0,12.0,76.0,66.32,29.333333333333332,Low
4541,Female,Group D,High school,Free/Reduced,Completed,27.0,77.0,96.0,82.22,66.66666666666667,Medium
4542,Female,Group B,Master's degree,Standard,Completed,49.0,13.0,29.0,93.4,30.333333333333332,Low
4543,Female,Group C,Master's degree,Standard,Completed,34.0,36.0,29.0,70.74,33.0,Low
4544,Female,Group B,Some college,Standard,,95.0,4.0,86.0,93.65,61.666666666666664,Medium
4545,Male,Group B,Associate degree,Standard,Completed,27.0,21.0,44.0,92.32,30.666666666666668,Low
4546,Male,Group E,Some college,Free/Reduced,Completed,49.0,27.0,23.0,83.16,33.0,Low
4547,Female,Group C,Bachelor's degree,Free/Reduced,,23.0,3.0,83.0,85.86,36.333333333333336,Low
4548,Female,Group A,Associate degree,Standard,Completed,62.0,51.0,91.0,61.62,68.0,Medium
4549,Female,Group B,Bachelor's degree,Standard,Completed,3.0,28.0,55.0,74.69,28.666666666666668,Low
4550,Female,Group A,Master's degree,Standard,,55.0,36.0,50.0,70.54,47.0,Low
4551,Female,Group C,High school,Free/Reduced,Completed,40.0,51.0,60.0,66.0,50.333333333333336,Medium
4552,Male,Group B,Bachelor's degree,Free/Reduced,Completed,66.0,19.0,12.0,75.59,32.333333333333336,Low
4553,Male,Group E,Master's degree,Free/Reduced,,47.0,34.0,79.0,74.2,53.333333333333336,Medium
4554,Male,Group D,Some college,Standard,,85.0,98.0,50.0,89.16,77.66666666666667,High
4555,Male,Group E,Bachelor's degree,Free/Reduced,,49.0,83.0,14.0,83.92,48.666666666666664,Low
4556,Female,Group E,Master's degree,Standard,,49.0,1.0,10.0,96.52,20.0,Low
4557,Male,Group D,High school,Standard,,49.0,57.0,11.0,65.82,39.0,Low
4558,Female,Group D,Bachelor's degree,Free/Reduced,,59.0,17.0,85.0,62.39,53.666666666666664,Medium
4559,Female,Group D,Master's degree,Standard,,85.0,93.0,88.0,81.38,88.66666666666667,High
4560,Female,Group B,Bachelor's degree,Free/Reduced,,46.0,55.0,2.0,60.04,34.333333333333336,Low
4561,Male,Group A,High school,Free/Reduced,,97.0,51.0,23.0,91.51,57.0,Medium
4562,Female,Group A,Bachelor's degree,Standard,,60.0,92.0,88.0,80.24,80.0,High
4563,Male,Group D,Bachelor's degree,Standard,,83.0,51.0,8.0,79.52,47.333333333333336,Low
4564,Male,Group E,Master's degree,Free/Reduced,,99.0,21.0,91.0,74.5,70.33333333333333,Medium
4565,Female,Group C,Associate degree,Free/Reduced,Completed,100.0,92.0,45.0,75.0,79.0,High
4566,Female,Group D,Bachelor's degree,Free/Reduced,,26.0,51.0,93.0,77.25,56.666666666666664,Medium
4567,Female,Group E,Associate degree,Free/Reduced,,95.0,9.0,70.0,60.64,58.0,Medium
4568,Male,Group E,Some college,Free/Reduced,,41.0,83.0,59.0,63.34,61.0,Medium
4569,Female,Group B,Bachelor's degree,Free/Reduced,,51.0,79.0,50.0,80.2,60.0,Medium
4570,Male,Group B,Associate degree,Free/Reduced,,92.0,5.0,9.0,66.0,35.333333333333336,Low
4571,Female,Group A,Some college,Standard,Completed,47.0,80.0,2.0,91.15,43.0,Low
4572,Female,Group A,Master's degree,Free/Reduced,Completed,31.0,5.0,18.0,70.98,18.0,Low
4573,Male,Group C,Bachelor's degree,Standard,Completed,23.0,85.0,50.0,63.92,52.666666666666664,Medium
4574,Male,Group C,Master's degree,Standard,Completed,2.0,81.0,16.0,69.41,33.0,Low
4575,Male,Group C,Some college,Free/Reduced,,26.0,95.0,92.0,74.28,71.0,Medium
4576,Male,Group C,Master's degree,Free/Reduced,Completed,72.0,51.0,1.0,61.41,41.333333333333336,Low
4577,Male,Group E,Master's degree,Free/Reduced,Completed,39.0,41.0,52.0,65.67,44.0,Low
4578,Male,Group E,High school,Free/Reduced,,49.0,73.0,15.0,72.95,45.666666666666664,Low
4579,Female,Group A,Some college,Free/Reduced,Completed,6.0,40.0,9.0,72.42,18.333333333333332,Low
4580,Female,Group B,Master's degree,Standard,Completed,80.0,62.0,67.0,92.02,69.66666666666667,Medium
4581,Male,Group B,Associate degree,Standard,,36.0,21.0,42.0,93.73,33.0,Low
4582,Female,Group D,Some college,Free/Reduced,,6.0,91.0,89.0,67.74,62.0,Medium
4583,Male,Group E,High school,Free/Reduced,Completed,93.0,78.0,57.0,64.96,76.0,High
4584,Female,Group C,Bachelor's degree,Free/Reduced,,76.0,28.0,59.0,85.37,54.333333333333336,Medium
4585,Female,Group C,Master's degree,Free/Reduced,Completed,81.0,51.0,23.0,92.18,51.666666666666664,Medium
4586,Male,Group D,Associate degree,Standard,,94.0,33.0,75.0,98.55,67.33333333333333,Medium
4587,Male,Group B,High school,Standard,Completed,21.0,95.0,84.0,60.27,66.66666666666667,Medium
4588,Male,Group C,Some college,Standard,Completed,77.0,1.0,15.0,76.55,31.0,Low
4589,Female,Group B,Master's degree,Free/Reduced,Completed,81.0,25.0,99.0,89.36,68.33333333333333,Medium
4590,Male,Group D,High school,Free/Reduced,,98.0,74.0,98.0,93.14,90.0,High
4591,Female,Group B,High school,Free/Reduced,,16.0,88.0,8.0,62.49,37.333333333333336,Low
4592,Male,Group B,Associate degree,Standard,Completed,18.0,18.0,5.0,87.22,13.666666666666666,Low
4593,Female,Group B,Bachelor's degree,Standard,,94.0,19.0,64.0,71.56,59.0,Medium
4594,Female,Group C,Bachelor's degree,Standard,,38.0,32.0,77.0,62.98,49.0,Low
4595,Male,Group A,Bachelor's degree,Free/Reduced,Completed,35.0,80.0,23.0,79.56,46.0,Low
4596,Female,Group E,Some college,Standard,,14.0,93.0,9.0,66.33,38.666666666666664,Low
4597,Female,Group B,High school,Free/Reduced,,62.0,81.0,81.0,89.48,74.66666666666667,Medium
4598,Male,Group B,Some college,Standard,Completed,49.0,95.0,72.0,89.65,72.0,Medium
4599,Female,Group B,High school,Free/Reduced,Completed,59.0,3.0,26.0,93.68,29.333333333333332,Low
4600,Male,Group A,Associate degree,Free/Reduced,,55.0,31.0,82.0,75.1,56.0,Medium
4601,Male,Group D,Associate degree,Free/Reduced,,39.0,18.0,99.0,60.53,52.0,Medium
4602,Male,Group C,Some college,Free/Reduced,,15.0,2.0,2.0,70.39,6.333333333333333,Low
4603,Male,Group A,Some college,Standard,Completed,32.0,91.0,37.0,78.71,53.333333333333336,Medium
4604,Female,Group B,Associate degree,Standard,,88.0,60.0,50.0,87.76,66.0,Medium
4605,Female,Group A,Master's degree,Standard,,15.0,37.0,73.0,75.28,41.666666666666664,Low
4606,Female,Group A,Bachelor's degree,Free/Reduced,,29.0,5.0,72.0,81.44,35.333333333333336,Low
4607,Male,Group A,Bachelor's degree,Standard,,97.0,55.0,16.0,80.97,56.0,Medium
4608,Female,Group D,Associate degree,Free/Reduced,,65.0,39.0,47.0,66.6,50.333333333333336,Medium
4609,Female,Group E,Bachelor's degree,Standard,,43.0,80.0,48.0,84.92,57.0,Medium
4610,Male,Group C,Master's degree,Standard,Completed,37.0,68.0,42.0,77.57,49.0,Low
4611,Male,Group D,Master's degree,Free/Reduced,Completed,50.0,82.0,83.0,92.32,71.66666666666667,Medium
4612,Female,Group D,High school,Free/Reduced,Completed,59.0,41.0,6.0,87.62,35.333333333333336,Low
4613,Male,Group E,Some college,Free/Reduced,,17.0,98.0,67.0,64.46,60.666666666666664,Medium
4614,Male,Group D,Bachelor's degree,Standard,,49.0,85.0,73.0,79.55,69.0,Medium
4615,Male,Group A,Master's degree,Free/Reduced,Completed,39.0,87.0,20.0,88.1,48.666666666666664,Low
4616,Male,Group A,Some college,Standard,Completed,5.0,73.0,77.0,63.48,51.666666666666664,Medium
4617,Female,Group B,Some college,Standard,Completed,75.0,1.0,24.0,91.7,33.333333333333336,Low
4618,Male,Group D,High school,Standard,Completed,11.0,27.0,80.0,68.88,39.333333333333336,Low
4619,Male,Group B,Some college,Free/Reduced,Completed,11.0,100.0,60.0,80.12,57.0,Medium
4620,Male,Group C,Some college,Standard,,72.0,16.0,27.0,97.62,38.333333333333336,Low
4621,Male,Group A,Associate degree,Free/Reduced,,21.0,69.0,77.0,82.85,55.666666666666664,Medium
4622,Male,Group C,High school,Free/Reduced,,48.0,68.0,51.0,76.96,55.666666666666664,Medium
4623,Male,Group E,High school,Standard,,49.0,38.0,50.0,60.27,45.666666666666664,Low
4624,Male,Group A,Bachelor's degree,Standard,,79.0,6.0,33.0,65.34,39.333333333333336,Low
4625,Male,Group C,Some college,Standard,Completed,3.0,31.0,66.0,83.15,33.333333333333336,Low
4626,Female,Group E,Bachelor's degree,Standard,Completed,49.0,3.0,3.0,79.75,18.333333333333332,Low
4627,Male,Group C,Master's degree,Free/Reduced,,49.0,20.0,50.0,74.55,39.666666666666664,Low
4628,Female,Group E,Some college,Free/Reduced,Completed,15.0,31.0,14.0,96.93,20.0,Low
4629,Male,Group E,Master's degree,Free/Reduced,,13.0,81.0,83.0,73.3,59.0,Medium
4630,Male,Group A,Associate degree,Free/Reduced,,63.0,96.0,7.0,81.49,55.333333333333336,Medium
4631,Male,Group B,Some college,Free/Reduced,Completed,40.0,13.0,4.0,82.75,19.0,Low
4632,Male,Group E,Master's degree,Free/Reduced,,67.0,69.0,65.0,81.1,67.0,Medium
4633,Female,Group E,Bachelor's degree,Free/Reduced,,58.0,51.0,91.0,79.1,66.66666666666667,Medium
4634,Male,Group A,Some college,Free/Reduced,,1.0,45.0,85.0,73.48,43.666666666666664,Low
4635,Male,Group B,Bachelor's degree,Free/Reduced,Completed,9.0,19.0,72.0,96.35,33.333333333333336,Low
4636,Female,Group D,Some college,Standard,Completed,74.0,92.0,91.0,78.03,85.66666666666667,High
4637,Female,Group D,High school,Standard,,89.0,57.0,45.0,81.14,63.666666666666664,Medium
4638,Male,Group B,Bachelor's degree,Free/Reduced,,100.0,98.0,64.0,86.26,87.33333333333333,High
4639,Female,Group C,Some college,Free/Reduced,Completed,25.0,79.0,99.0,62.71,67.66666666666667,Medium
4640,Female,Group A,Some college,Standard,Completed,3.0,47.0,65.0,91.25,38.333333333333336,Low
4641,Female,Group B,Bachelor's degree,Standard,Completed,89.0,6.0,25.0,80.5,40.0,Low
4642,Male,Group D,High school,Standard,Completed,27.0,39.0,30.0,86.29,32.0,Low
4643,Male,Group E,Bachelor's degree,Free/Reduced,,1.0,58.0,50.0,90.88,36.333333333333336,Low
4644,Male,Group D,Some college,Standard,,65.0,35.0,40.0,94.96,46.666666666666664,Low
4645,Female,Group E,High school,Standard,,15.0,43.0,50.0,75.69,36.0,Low
4646,Male,Group A,Master's degree,Standard,Completed,56.0,30.0,18.0,92.46,34.666666666666664,Low
4647,Female,Group E,Associate degree,Standard,Completed,22.0,41.0,94.0,70.35,52.333333333333336,Medium
4648,Male,Group B,Bachelor's degree,Standard,,22.0,43.0,72.0,86.41,45.666666666666664,Low
4649,Male,Group E,Some college,Free/Reduced,Completed,76.0,42.0,2.0,64.11,40.0,Low
4650,Female,Group C,High school,Standard,,20.0,42.0,37.0,60.8,33.0,Low
4651,Male,Group B,High school,Free/Reduced,Completed,24.0,46.0,69.0,63.83,46.333333333333336,Low
4652,Female,Group A,Master's degree,Standard,,57.0,5.0,44.0,72.78,35.333333333333336,Low
4653,Female,Group B,Bachelor's degree,Standard,,36.0,51.0,70.0,61.24,52.333333333333336,Medium
4654,Male,Group C,High school,Standard,,48.0,90.0,40.0,85.22,59.333333333333336,Medium
4655,Female,Group A,Master's degree,Standard,,76.0,65.0,24.0,72.66,55.0,Medium
4656,Male,Group D,Some college,Standard,Completed,14.0,85.0,88.0,89.46,62.333333333333336,Medium
4657,Male,Group C,Master's degree,Free/Reduced,,27.0,8.0,49.0,61.84,28.0,Low
4658,Female,Group A,Bachelor's degree,Free/Reduced,,66.0,10.0,0.0,68.67,25.333333333333332,Low
4659,Male,Group E,Master's degree,Free/Reduced,,86.0,79.0,53.0,76.32,72.66666666666667,Medium
4660,Female,Group B,Master's degree,Free/Reduced,,3.0,76.0,85.0,75.31,54.666666666666664,Medium
4661,Male,Group A,High school,Free/Reduced,Completed,46.0,51.0,83.0,65.24,60.0,Medium
4662,Male,Group B,Associate degree,Free/Reduced,,49.0,24.0,12.0,99.77,28.333333333333332,Low
4663,Male,Group E,Master's degree,Free/Reduced,,59.0,96.0,39.0,71.38,64.66666666666667,Medium
4664,Male,Group A,Some college,Standard,Completed,61.0,73.0,20.0,88.84,51.333333333333336,Medium
4665,Male,Group D,Bachelor's degree,Free/Reduced,,66.0,51.0,86.0,68.8,67.66666666666667,Medium
4666,Female,Group C,Associate degree,Standard,,71.0,29.0,40.0,95.11,46.666666666666664,Low
4667,Female,Group A,Master's degree,Standard,,42.0,0.0,60.0,75.51,34.0,Low
4668,Female,Group E,Some college,Free/Reduced,,49.0,62.0,32.0,96.04,47.666666666666664,Low
4669,Female,Group A,Associate degree,Standard,Completed,57.0,96.0,72.0,73.67,75.0,High
4670,Female,Group B,High school,Standard,Completed,51.0,78.0,28.0,60.35,52.333333333333336,Medium
4671,Female,Group A,Bachelor's degree,Free/Reduced,Completed,75.0,28.0,54.0,80.68,52.333333333333336,Medium
4672,Male,Group D,Master's degree,Standard,Completed,68.0,65.0,31.0,80.99,54.666666666666664,Medium
4673,Male,Group A,Some college,Free/Reduced,Completed,96.0,51.0,10.0,64.79,52.333333333333336,Medium
4674,Female,Group C,High school,Standard,Completed,45.0,52.0,51.0,69.4,49.333333333333336,Low
4675,Female,Group A,Associate degree,Free/Reduced,,24.0,97.0,35.0,91.34,52.0,Medium
4676,Male,Group B,Bachelor's degree,Standard,,24.0,18.0,92.0,61.47,44.666666666666664,Low
4677,Male,Group A,Associate degree,Free/Reduced,,34.0,65.0,30.0,79.58,43.0,Low
4678,Male,Group D,Associate degree,Standard,,60.0,83.0,13.0,81.22,52.0,Medium
4679,Female,Group E,Some college,Free/Reduced,Completed,14.0,51.0,62.0,87.55,42.333333333333336,Low
4680,Female,Group A,High school,Standard,,89.0,30.0,51.0,61.5,56.666666666666664,Medium
4681,Female,Group A,Master's degree,Standard,,73.0,59.0,53.0,83.43,61.666666666666664,Medium
4682,Male,Group C,Some college,Free/Reduced,Completed,87.0,67.0,49.0,60.12,67.66666666666667,Medium
4683,Male,Group D,Bachelor's degree,Standard,,34.0,92.0,88.0,70.61,71.33333333333333,Medium
4684,Female,Group E,Associate degree,Free/Reduced,,28.0,29.0,53.0,79.99,36.666666666666664,Low
4685,Female,Group B,Bachelor's degree,Standard,Completed,37.0,12.0,89.0,96.45,46.0,Low
4686,Male,Group A,Some college,Standard,,68.0,14.0,85.0,65.06,55.666666666666664,Medium
4687,Male,Group E,Some college,Free/Reduced,,23.0,19.0,72.0,66.77,38.0,Low
4688,Male,Group B,Master's degree,Standard,Completed,18.0,33.0,96.0,86.77,49.0,Low
4689,Male,Group D,Associate degree,Free/Reduced,,45.0,91.0,50.0,74.99,62.0,Medium
4690,Female,Group D,Some college,Standard,,48.0,19.0,98.0,84.94,55.0,Medium
4691,Male,Group E,Bachelor's degree,Standard,,43.0,49.0,83.0,99.9,58.333333333333336,Medium
4692,Male,Group B,Master's degree,Standard,,72.0,88.0,96.0,99.47,85.33333333333333,High
4693,Male,Group D,Bachelor's degree,Standard,,25.0,26.0,34.0,74.15,28.333333333333332,Low
4694,Female,Group E,Associate degree,Free/Reduced,Completed,24.0,29.0,29.0,80.16,27.333333333333332,Low
4695,Female,Group D,Master's degree,Free/Reduced,,34.0,55.0,54.0,96.19,47.666666666666664,Low
4696,Male,Group D,Master's degree,Standard,,35.0,51.0,93.0,63.69,59.666666666666664,Medium
4697,Male,Group D,Master's degree,Standard,,13.0,64.0,85.0,78.09,54.0,Medium
4698,Male,Group C,Master's degree,Free/Reduced,Completed,55.0,98.0,0.0,75.1,51.0,Medium
4699,Female,Group B,Master's degree,Standard,Completed,5.0,54.0,14.0,71.8,24.333333333333332,Low
4700,Female,Group E,Bachelor's degree,Free/Reduced,Completed,31.0,23.0,24.0,99.77,26.0,Low
4701,Female,Group E,Bachelor's degree,Standard,,25.0,51.0,19.0,89.34,31.666666666666668,Low
4702,Male,Group B,Associate degree,Standard,,14.0,52.0,70.0,75.55,45.333333333333336,Low
4703,Female,Group B,Some college,Free/Reduced,,48.0,75.0,15.0,93.16,46.0,Low
4704,Male,Group B,Some college,Standard,,94.0,10.0,51.0,79.59,51.666666666666664,Medium
4705,Male,Group B,High school,Free/Reduced,,55.0,93.0,86.0,94.91,78.0,High
4706,Male,Group A,Master's degree,Free/Reduced,Completed,36.0,59.0,50.0,70.66,48.333333333333336,Low
4707,Female,Group E,High school,Free/Reduced,,52.0,76.0,64.0,68.94,64.0,Medium
4708,Male,Group A,Associate degree,Free/Reduced,,57.0,46.0,83.0,69.89,62.0,Medium
4709,Female,Group D,Associate degree,Free/Reduced,Completed,100.0,24.0,82.0,81.54,68.66666666666667,Medium
4710,Female,Group D,Some college,Free/Reduced,Completed,82.0,24.0,69.0,71.65,58.333333333333336,Medium
4711,Male,Group E,Associate degree,Standard,Completed,77.0,16.0,95.0,65.88,62.666666666666664,Medium
4712,Male,Group D,Master's degree,Free/Reduced,Completed,35.0,51.0,0.0,99.79,28.666666666666668,Low
4713,Female,Group B,Bachelor's degree,Free/Reduced,Completed,100.0,51.0,93.0,96.02,81.33333333333333,High
4714,Male,Group A,Associate degree,Standard,,10.0,10.0,15.0,85.4,11.666666666666666,Low
4715,Female,Group B,High school,Free/Reduced,,26.0,9.0,26.0,95.66,20.333333333333332,Low
4716,Male,Group D,Master's degree,Standard,,1.0,51.0,17.0,97.42,23.0,Low
4717,Female,Group A,Associate degree,Free/Reduced,,21.0,59.0,76.0,87.04,52.0,Medium
4718,Female,Group B,Associate degree,Free/Reduced,,65.0,53.0,43.0,80.75,53.666666666666664,Medium
4719,Female,Group E,Master's degree,Free/Reduced,Completed,83.0,79.0,49.0,95.28,70.33333333333333,Medium
4720,Female,Group B,Associate degree,Standard,,16.0,62.0,91.0,82.71,56.333333333333336,Medium
4721,Male,Group D,Bachelor's degree,Standard,,3.0,19.0,73.0,65.07,31.666666666666668,Low
4722,Male,Group A,Some college,Free/Reduced,Completed,13.0,4.0,13.0,74.67,10.0,Low
4723,Female,Group E,Master's degree,Free/Reduced,Completed,6.0,40.0,50.0,77.84,32.0,Low
4724,Female,Group A,High school,Standard,,78.0,62.0,92.0,97.41,77.33333333333333,High
4725,Male,Group E,Associate degree,Standard,,93.0,51.0,74.0,86.37,72.66666666666667,Medium
4726,Male,Group A,Some college,Standard,Completed,49.0,31.0,49.0,95.01,43.0,Low
4727,Male,Group D,High school,Free/Reduced,,65.0,26.0,90.0,90.3,60.333333333333336,Medium
4728,Male,Group E,High school,Standard,Completed,18.0,67.0,16.0,72.39,33.666666666666664,Low
4729,Male,Group C,Bachelor's degree,Standard,,0.0,47.0,2.0,88.75,16.333333333333332,Low
4730,Male,Group A,Some college,Standard,Completed,30.0,6.0,50.0,67.81,28.666666666666668,Low
4731,Female,Group A,Master's degree,Standard,Completed,3.0,45.0,50.0,76.33,32.666666666666664,Low
4732,Male,Group B,Some college,Standard,Completed,90.0,77.0,20.0,92.24,62.333333333333336,Medium
4733,Male,Group E,Some college,Standard,,57.0,87.0,32.0,84.48,58.666666666666664,Medium
4734,Female,Group C,High school,Standard,Completed,55.0,17.0,0.0,93.02,24.0,Low
4735,Male,Group D,Bachelor's degree,Free/Reduced,Completed,52.0,37.0,69.0,70.19,52.666666666666664,Medium
4736,Male,Group B,Bachelor's degree,Standard,,88.0,64.0,55.0,89.99,69.0,Medium
4737,Male,Group C,Some college,Free/Reduced,,85.0,16.0,3.0,68.09,34.666666666666664,Low
4738,Male,Group E,Some college,Free/Reduced,,42.0,89.0,21.0,81.81,50.666666666666664,Medium
4739,Male,Group C,Associate degree,Standard,Completed,73.0,85.0,76.0,77.34,78.0,High
4740,Female,Group A,High school,Free/Reduced,Completed,96.0,81.0,57.0,82.26,78.0,High
4741,Male,Group A,Master's degree,Free/Reduced,Completed,48.0,37.0,43.0,65.42,42.666666666666664,Low
4742,Female,Group B,Master's degree,Standard,,59.0,91.0,56.0,74.45,68.66666666666667,Medium
4743,Female,Group E,Bachelor's degree,Free/Reduced,,93.0,84.0,93.0,86.68,90.0,High
4744,Male,Group E,High school,Standard,Completed,93.0,62.0,39.0,82.34,64.66666666666667,Medium
4745,Female,Group C,Bachelor's degree,Standard,,15.0,96.0,89.0,81.96,66.66666666666667,Medium
4746,Male,Group B,Master's degree,Standard,,72.0,93.0,55.0,80.43,73.33333333333333,Medium
4747,Female,Group E,Some college,Standard,Completed,80.0,51.0,62.0,97.76,64.33333333333333,Medium
4748,Female,Group A,High school,Standard,Completed,98.0,7.0,38.0,97.38,47.666666666666664,Low
4749,Male,Group C,High school,Standard,,59.0,29.0,6.0,74.41,31.333333333333332,Low
4750,Male,Group D,Associate degree,Standard,Completed,46.0,63.0,50.0,74.08,53.0,Medium
4751,Male,Group A,Some college,Free/Reduced,,14.0,8.0,89.0,82.2,37.0,Low
4752,Male,Group B,Some college,Standard,,62.0,96.0,50.0,63.82,69.33333333333333,Medium
4753,Male,Group E,Bachelor's degree,Free/Reduced,Completed,27.0,56.0,54.0,72.12,45.666666666666664,Low
4754,Female,Group A,High school,Standard,Completed,19.0,51.0,55.0,69.23,41.666666666666664,Low
4755,Female,Group D,Bachelor's degree,Standard,,96.0,92.0,87.0,68.94,91.66666666666667,High
4756,Female,Group D,Some college,Standard,,62.0,51.0,56.0,85.54,56.333333333333336,Medium
4757,Female,Group B,Associate degree,Free/Reduced,Completed,32.0,66.0,57.0,75.37,51.666666666666664,Medium
4758,Female,Group A,High school,Free/Reduced,,35.0,74.0,24.0,66.85,44.333333333333336,Low
4759,Female,Group C,Some college,Free/Reduced,,49.0,4.0,95.0,95.5,49.333333333333336,Low
4760,Female,Group A,Associate degree,Free/Reduced,,61.0,94.0,69.0,94.97,74.66666666666667,Medium
4761,Male,Group D,Master's degree,Free/Reduced,,67.0,83.0,79.0,94.5,76.33333333333333,High
4762,Male,Group B,Some college,Free/Reduced,,22.0,3.0,2.0,75.63,9.0,Low
4763,Female,Group B,Master's degree,Standard,Completed,71.0,7.0,20.0,62.28,32.666666666666664,Low
4764,Female,Group C,Bachelor's degree,Standard,,12.0,41.0,31.0,64.27,28.0,Low
4765,Male,Group B,Master's degree,Free/Reduced,,87.0,34.0,1.0,71.04,40.666666666666664,Low
4766,Male,Group B,Some college,Free/Reduced,Completed,49.0,12.0,19.0,68.8,26.666666666666668,Low
4767,Male,Group B,Master's degree,Free/Reduced,Completed,29.0,4.0,74.0,94.96,35.666666666666664,Low
4768,Male,Group B,High school,Free/Reduced,Completed,93.0,39.0,17.0,99.45,49.666666666666664,Low
4769,Female,Group B,Some college,Free/Reduced,,24.0,18.0,53.0,92.67,31.666666666666668,Low
4770,Male,Group D,Associate degree,Standard,,96.0,81.0,74.0,89.19,83.66666666666667,High
4771,Female,Group A,Master's degree,Standard,Completed,72.0,96.0,98.0,83.54,88.66666666666667,High
4772,Female,Group E,High school,Standard,Completed,25.0,51.0,35.0,90.8,37.0,Low
4773,Female,Group B,Bachelor's degree,Standard,Completed,23.0,58.0,75.0,97.88,52.0,Medium
4774,Male,Group E,Bachelor's degree,Standard,Completed,96.0,17.0,60.0,84.05,57.666666666666664,Medium
4775,Male,Group E,Master's degree,Standard,Completed,38.0,23.0,59.0,66.18,40.0,Low
4776,Female,Group D,Master's degree,Standard,,88.0,92.0,94.0,66.55,91.33333333333333,High
4777,Female,Group B,Associate degree,Standard,Completed,78.0,30.0,35.0,83.35,47.666666666666664,Low
4778,Female,Group E,Some college,Free/Reduced,,60.0,57.0,93.0,73.34,70.0,Medium
4779,Male,Group B,High school,Free/Reduced,,48.0,27.0,43.0,96.41,39.333333333333336,Low
4780,Female,Group C,Master's degree,Standard,Completed,40.0,8.0,67.0,84.47,38.333333333333336,Low
4781,Male,Group C,Bachelor's degree,Standard,Completed,69.0,44.0,65.0,87.06,59.333333333333336,Medium
4782,Female,Group C,Some college,Standard,Completed,19.0,89.0,43.0,60.23,50.333333333333336,Medium
4783,Female,Group E,Associate degree,Free/Reduced,Completed,43.0,48.0,76.0,79.95,55.666666666666664,Medium
4784,Female,Group C,Bachelor's degree,Free/Reduced,Completed,15.0,1.0,89.0,77.25,35.0,Low
4785,Male,Group D,Bachelor's degree,Standard,,20.0,5.0,28.0,88.23,17.666666666666668,Low
4786,Male,Group D,High school,Free/Reduced,Completed,14.0,28.0,47.0,75.31,29.666666666666668,Low
4787,Female,Group E,Associate degree,Standard,Completed,38.0,25.0,35.0,99.06,32.666666666666664,Low
4788,Male,Group B,Associate degree,Standard,,41.0,51.0,91.0,86.81,61.0,Medium
4789,Female,Group A,Master's degree,Standard,Completed,60.0,6.0,50.0,86.4,38.666666666666664,Low
4790,Male,Group B,High school,Standard,Completed,3.0,33.0,4.0,96.77,13.333333333333334,Low
4791,Male,Group B,Master's degree,Standard,Completed,23.0,55.0,95.0,99.81,57.666666666666664,Medium
4792,Male,Group B,High school,Free/Reduced,,2.0,9.0,93.0,67.91,34.666666666666664,Low
4793,Female,Group B,Associate degree,Standard,Completed,0.0,56.0,77.0,92.42,44.333333333333336,Low
4794,Male,Group A,High school,Standard,Completed,93.0,46.0,46.0,66.49,61.666666666666664,Medium
4795,Male,Group C,High school,Standard,Completed,12.0,85.0,42.0,78.28,46.333333333333336,Low
4796,Female,Group B,High school,Standard,Completed,53.0,26.0,9.0,64.01,29.333333333333332,Low
4797,Female,Group D,Some college,Free/Reduced,,81.0,38.0,9.0,84.93,42.666666666666664,Low
4798,Female,Group E,Master's degree,Standard,Completed,39.0,21.0,5.0,78.74,21.666666666666668,Low
4799,Female,Group E,Associate degree,Standard,,10.0,18.0,15.0,85.15,14.333333333333334,Low
4800,Male,Group D,High school,Free/Reduced,Completed,41.0,99.0,59.0,87.12,66.33333333333333,Medium
4801,Male,Group B,Associate degree,Standard,Completed,92.0,51.0,25.0,84.78,56.0,Medium
4802,Male,Group A,Some college,Standard,Completed,3.0,18.0,20.0,71.76,13.666666666666666,Low
4803,Male,Group C,High school,Standard,,49.0,1.0,99.0,93.48,49.666666666666664,Low
4804,Male,Group E,Master's degree,Standard,Completed,99.0,91.0,57.0,82.07,82.33333333333333,High
4805,Female,Group C,Some college,Free/Reduced,Completed,35.0,60.0,40.0,79.59,45.0,Low
4806,Male,Group A,Some college,Standard,,63.0,58.0,29.0,99.48,50.0,Medium
4807,Male,Group E,Some college,Standard,Completed,43.0,85.0,4.0,71.34,44.0,Low
4808,Male,Group C,High school,Free/Reduced,Completed,39.0,69.0,9.0,81.12,39.0,Low
4809,Female,Group A,Bachelor's degree,Standard,Completed,91.0,70.0,94.0,87.29,85.0,High
4810,Female,Group C,Master's degree,Standard,Completed,44.0,69.0,10.0,65.01,41.0,Low
4811,Male,Group B,Master's degree,Free/Reduced,,7.0,32.0,62.0,74.17,33.666666666666664,Low
4812,Female,Group A,Associate degree,Standard,,84.0,51.0,6.0,92.07,47.0,Low
4813,Female,Group C,High school,Free/Reduced,,34.0,64.0,58.0,69.47,52.0,Medium
4814,Female,Group B,Some college,Standard,Completed,43.0,24.0,11.0,79.73,26.0,Low
4815,Female,Group B,Bachelor's degree,Free/Reduced,Completed,17.0,69.0,63.0,85.23,49.666666666666664,Low
4816,Female,Group A,High school,Standard,Completed,46.0,27.0,40.0,86.85,37.666666666666664,Low
4817,Female,Group D,High school,Standard,Completed,24.0,17.0,59.0,89.13,33.333333333333336,Low
4818,Female,Group E,Bachelor's degree,Free/Reduced,,40.0,62.0,71.0,94.64,57.666666666666664,Medium
4819,Male,Group A,Some college,Standard,Completed,4.0,90.0,27.0,75.71,40.333333333333336,Low
4820,Male,Group B,High school,Free/Reduced,,63.0,48.0,50.0,88.27,53.666666666666664,Medium
4821,Female,Group B,Master's degree,Free/Reduced,Completed,61.0,65.0,62.0,89.29,62.666666666666664,Medium
4822,Male,Group A,Master's degree,Free/Reduced,Completed,71.0,51.0,2.0,72.01,41.333333333333336,Low
4823,Male,Group D,Bachelor's degree,Free/Reduced,,86.0,84.0,100.0,98.73,90.0,High
4824,Female,Group E,Some college,Standard,Completed,2.0,86.0,31.0,94.61,39.666666666666664,Low
4825,Male,Group C,Bachelor's degree,Free/Reduced,,36.0,65.0,20.0,71.59,40.333333333333336,Low
4826,Female,Group A,High school,Standard,,94.0,51.0,54.0,87.0,66.33333333333333,Medium
4827,Female,Group E,Master's degree,Standard,Completed,49.0,3.0,17.0,88.71,23.0,Low
4828,Female,Group E,Associate degree,Free/Reduced,,40.0,33.0,52.0,77.26,41.666666666666664,Low
4829,Male,Group B,Bachelor's degree,Free/Reduced,,19.0,4.0,74.0,94.55,32.333333333333336,Low
4830,Male,Group C,Associate degree,Standard,Completed,66.0,97.0,60.0,87.61,74.33333333333333,Medium
4831,Male,Group A,Associate degree,Free/Reduced,,86.0,51.0,49.0,86.33,62.0,Medium
4832,Male,Group B,Master's degree,Standard,,39.0,51.0,7.0,68.83,32.333333333333336,Low
4833,Female,Group B,Bachelor's degree,Free/Reduced,Completed,84.0,46.0,11.0,76.31,47.0,Low
4834,Female,Group D,Associate degree,Standard,,76.0,76.0,50.0,77.36,67.33333333333333,Medium
4835,Male,Group E,High school,Standard,Completed,7.0,33.0,50.0,89.35,30.0,Low
4836,Female,Group A,Some college,Free/Reduced,,4.0,43.0,40.0,84.74,29.0,Low
4837,Female,Group A,Some college,Standard,Completed,24.0,5.0,50.0,63.43,26.333333333333332,Low
4838,Male,Group A,Master's degree,Standard,Completed,38.0,55.0,8.0,72.31,33.666666666666664,Low
4839,Female,Group B,Master's degree,Free/Reduced,Completed,36.0,28.0,77.0,78.92,47.0,Low
4840,Male,Group D,Bachelor's degree,Free/Reduced,Completed,4.0,96.0,78.0,89.47,59.333333333333336,Medium
4841,Female,Group C,Some college,Free/Reduced,Completed,7.0,52.0,10.0,89.74,23.0,Low
4842,Male,Group B,High school,Free/Reduced,,3.0,0.0,12.0,79.62,5.0,Low
4843,Female,Group C,Some college,Free/Reduced,Completed,40.0,58.0,55.0,64.68,51.0,Medium
4844,Female,Group D,Some college,Standard,Completed,59.0,47.0,27.0,71.72,44.333333333333336,Low
4845,Male,Group E,Bachelor's degree,Standard,,53.0,6.0,50.0,70.19,36.333333333333336,Low
4846,Male,Group A,Associate degree,Free/Reduced,Completed,21.0,85.0,63.0,91.24,56.333333333333336,Medium
4847,Male,Group C,High school,Standard,,77.0,31.0,100.0,67.2,69.33333333333333,Medium
4848,Male,Group B,Bachelor's degree,Standard,,18.0,77.0,63.0,78.6,52.666666666666664,Medium
4849,Female,Group C,Some college,Standard,Completed,76.0,60.0,69.0,86.83,68.33333333333333,Medium
4850,Female,Group E,Associate degree,Standard,,98.0,56.0,54.0,98.59,69.33333333333333,Medium
4851,Male,Group A,High school,Standard,,67.0,50.0,36.0,99.97,51.0,Medium
4852,Female,Group C,Master's degree,Free/Reduced,,32.0,87.0,32.0,98.12,50.333333333333336,Medium
4853,Male,Group E,High school,Free/Reduced,Completed,21.0,18.0,24.0,88.73,21.0,Low
4854,Male,Group B,High school,Standard,,64.0,26.0,22.0,89.86,37.333333333333336,Low
4855,Female,Group D,Some college,Standard,Completed,10.0,62.0,50.0,90.37,40.666666666666664,Low
4856,Female,Group B,Some college,Free/Reduced,Completed,15.0,59.0,55.0,94.5,43.0,Low
4857,Male,Group A,Master's degree,Free/Reduced,,67.0,60.0,62.0,98.07,63.0,Medium
4858,Male,Group B,Master's degree,Free/Reduced,Completed,92.0,60.0,7.0,77.83,53.0,Medium
4859,Male,Group B,Master's degree,Free/Reduced,,43.0,86.0,16.0,76.66,48.333333333333336,Low
4860,Female,Group B,Bachelor's degree,Standard,,87.0,44.0,94.0,78.42,75.0,High
4861,Female,Group B,Master's degree,Free/Reduced,Completed,8.0,20.0,89.0,86.39,39.0,Low
4862,Female,Group A,Some college,Free/Reduced,Completed,71.0,43.0,56.0,91.02,56.666666666666664,Medium
4863,Female,Group E,Some college,Standard,Completed,77.0,92.0,74.0,94.82,81.0,High
4864,Male,Group C,Master's degree,Free/Reduced,,78.0,0.0,61.0,78.25,46.333333333333336,Low
4865,Male,Group D,Bachelor's degree,Free/Reduced,,61.0,94.0,93.0,74.53,82.66666666666667,High
4866,Male,Group C,Associate degree,Free/Reduced,,85.0,90.0,10.0,99.33,61.666666666666664,Medium
4867,Male,Group C,Bachelor's degree,Free/Reduced,Completed,100.0,43.0,66.0,69.28,69.66666666666667,Medium
4868,Male,Group D,Some college,Free/Reduced,,14.0,99.0,39.0,68.88,50.666666666666664,Medium
4869,Male,Group A,Bachelor's degree,Standard,,5.0,61.0,39.0,88.62,35.0,Low
4870,Female,Group D,Some college,Standard,,0.0,60.0,55.0,67.19,38.333333333333336,Low
4871,Female,Group A,Master's degree,Standard,,19.0,90.0,52.0,75.98,53.666666666666664,Medium
4872,Male,Group C,Master's degree,Standard,Completed,35.0,78.0,84.0,71.7,65.66666666666667,Medium
4873,Male,Group A,Master's degree,Standard,,1.0,88.0,98.0,66.75,62.333333333333336,Medium
4874,Female,Group E,Associate degree,Free/Reduced,Completed,69.0,78.0,27.0,83.19,58.0,Medium
4875,Female,Group D,Associate degree,Free/Reduced,,1.0,82.0,85.0,74.94,56.0,Medium
4876,Female,Group E,Some college,Free/Reduced,,2.0,49.0,41.0,78.49,30.666666666666668,Low
4877,Female,Group C,High school,Free/Reduced,,49.0,51.0,45.0,67.83,48.333333333333336,Low
4878,Male,Group D,Associate degree,Free/Reduced,Completed,83.0,40.0,17.0,90.71,46.666666666666664,Low
4879,Male,Group C,Some college,Free/Reduced,Completed,63.0,32.0,22.0,72.59,39.0,Low
4880,Male,Group E,Bachelor's degree,Free/Reduced,Completed,40.0,86.0,25.0,73.71,50.333333333333336,Medium
4881,Male,Group C,Master's degree,Free/Reduced,,53.0,11.0,98.0,70.09,54.0,Medium
4882,Male,Group D,Master's degree,Free/Reduced,,40.0,1.0,28.0,77.38,23.0,Low
4883,Female,Group D,Master's degree,Free/Reduced,Completed,4.0,20.0,51.0,78.54,25.0,Low
4884,Male,Group C,Some college,Free/Reduced,,88.0,13.0,74.0,81.19,58.333333333333336,Medium
4885,Female,Group D,Master's degree,Free/Reduced,,81.0,33.0,50.0,98.7,54.666666666666664,Medium
4886,Male,Group D,Associate degree,Free/Reduced,Completed,62.0,78.0,0.0,96.19,46.666666666666664,Low
4887,Male,Group C,Bachelor's degree,Standard,,0.0,84.0,62.0,84.38,48.666666666666664,Low
4888,Male,Group E,Master's degree,Free/Reduced,,24.0,63.0,15.0,61.56,34.0,Low
4889,Male,Group D,Some college,Standard,,80.0,22.0,24.0,84.49,42.0,Low
4890,Male,Group D,Bachelor's degree,Free/Reduced,Completed,45.0,84.0,61.0,63.59,63.333333333333336,Medium
4891,Female,Group D,Master's degree,Free/Reduced,,14.0,49.0,81.0,88.41,48.0,Low
4892,Female,Group D,High school,Free/Reduced,Completed,68.0,13.0,79.0,75.6,53.333333333333336,Medium
4893,Female,Group C,Master's degree,Standard,,16.0,84.0,82.0,93.51,60.666666666666664,Medium
4894,Male,Group E,Associate degree,Standard,Completed,20.0,75.0,15.0,97.7,36.666666666666664,Low
4895,Male,Group E,Bachelor's degree,Free/Reduced,Completed,49.0,45.0,68.0,76.68,54.0,Medium
4896,Female,Group A,Associate degree,Free/Reduced,Completed,54.0,4.0,90.0,78.42,49.333333333333336,Low
4897,Male,Group D,High school,Free/Reduced,Completed,86.0,51.0,69.0,83.61,68.66666666666667,Medium
4898,Male,Group D,High school,Free/Reduced,,9.0,21.0,33.0,67.89,21.0,Low
4899,Female,Group A,Associate degree,Standard,Completed,80.0,69.0,79.0,97.09,76.0,High
4900,Male,Group E,Bachelor's degree,Standard,,56.0,1.0,52.0,77.32,36.333333333333336,Low
4901,Female,Group B,High school,Free/Reduced,,64.0,28.0,22.0,66.67,38.0,Low
4902,Male,Group B,High school,Standard,Completed,36.0,60.0,42.0,90.51,46.0,Low
4903,Female,Group E,Master's degree,Standard,,6.0,99.0,43.0,68.77,49.333333333333336,Low
4904,Male,Group D,Some college,Free/Reduced,,75.0,70.0,31.0,65.74,58.666666666666664,Medium
4905,Male,Group B,High school,Free/Reduced,,39.0,15.0,22.0,82.51,25.333333333333332,Low
4906,Female,Group C,Bachelor's degree,Free/Reduced,,49.0,63.0,19.0,86.86,43.666666666666664,Low
4907,Male,Group C,Bachelor's degree,Standard,Completed,0.0,96.0,50.0,82.78,48.666666666666664,Low
4908,Male,Group A,Master's degree,Free/Reduced,,19.0,96.0,92.0,86.26,69.0,Medium
4909,Female,Group E,Bachelor's degree,Standard,,30.0,13.0,71.0,64.62,38.0,Low
4910,Male,Group E,Master's degree,Free/Reduced,,67.0,42.0,28.0,79.04,45.666666666666664,Low
4911,Female,Group B,High school,Free/Reduced,,89.0,75.0,17.0,74.28,60.333333333333336,Medium
4912,Male,Group D,High school,Standard,,11.0,42.0,68.0,98.93,40.333333333333336,Low
4913,Male,Group E,High school,Standard,Completed,21.0,69.0,11.0,61.98,33.666666666666664,Low
4914,Male,Group B,High school,Standard,,0.0,54.0,50.0,71.93,34.666666666666664,Low
4915,Male,Group B,Some college,Standard,Completed,0.0,75.0,36.0,97.67,37.0,Low
4916,Female,Group E,Some college,Standard,,2.0,30.0,80.0,99.34,37.333333333333336,Low
4917,Male,Group B,High school,Standard,Completed,75.0,75.0,95.0,93.0,81.66666666666667,High
4918,Female,Group A,Bachelor's degree,Free/Reduced,,20.0,73.0,54.0,63.04,49.0,Low
4919,Male,Group A,Master's degree,Standard,,12.0,39.0,3.0,82.45,18.0,Low
4920,Male,Group E,Associate degree,Standard,Completed,60.0,26.0,94.0,76.0,60.0,Medium
4921,Male,Group D,Master's degree,Free/Reduced,Completed,12.0,51.0,62.0,92.26,41.666666666666664,Low
4922,Male,Group A,Associate degree,Standard,Completed,81.0,6.0,50.0,62.2,45.666666666666664,Low
4923,Female,Group A,Associate degree,Standard,,32.0,45.0,11.0,67.89,29.333333333333332,Low
4924,Female,Group E,High school,Free/Reduced,Completed,5.0,99.0,17.0,79.57,40.333333333333336,Low
4925,Female,Group C,Associate degree,Free/Reduced,Completed,24.0,32.0,7.0,66.31,21.0,Low
4926,Female,Group B,High school,Free/Reduced,Completed,22.0,51.0,31.0,87.71,34.666666666666664,Low
4927,Male,Group A,Some college,Standard,,87.0,7.0,83.0,92.83,59.0,Medium
4928,Female,Group C,Bachelor's degree,Free/Reduced,,100.0,4.0,48.0,88.18,50.666666666666664,Medium
4929,Female,Group D,Associate degree,Standard,,25.0,60.0,62.0,77.61,49.0,Low
4930,Male,Group C,Master's degree,Free/Reduced,Completed,3.0,71.0,76.0,95.14,50.0,Medium
4931,Male,Group E,High school,Standard,,34.0,59.0,58.0,65.51,50.333333333333336,Medium
4932,Male,Group D,Associate degree,Free/Reduced,,74.0,84.0,50.0,70.41,69.33333333333333,Medium
4933,Male,Group D,Master's degree,Free/Reduced,,99.0,23.0,66.0,79.58,62.666666666666664,Medium
4934,Female,Group C,Some college,Free/Reduced,,24.0,6.0,98.0,62.45,42.666666666666664,Low
4935,Female,Group E,Some college,Standard,Completed,19.0,60.0,38.0,63.83,39.0,Low
4936,Male,Group A,Associate degree,Standard,,0.0,82.0,49.0,75.9,43.666666666666664,Low
4937,Male,Group C,Some college,Free/Reduced,Completed,93.0,94.0,84.0,97.76,90.33333333333333,High
4938,Male,Group A,Master's degree,Free/Reduced,Completed,67.0,35.0,70.0,96.34,57.333333333333336,Medium
4939,Female,Group C,Bachelor's degree,Free/Reduced,Completed,22.0,26.0,25.0,78.64,24.333333333333332,Low
4940,Female,Group A,Master's degree,Free/Reduced,Completed,98.0,28.0,22.0,65.69,49.333333333333336,Low
4941,Male,Group C,Some college,Standard,Completed,21.0,86.0,95.0,67.12,67.33333333333333,Medium
4942,Male,Group D,Bachelor's degree,Free/Reduced,Completed,94.0,19.0,62.0,75.1,58.333333333333336,Medium
4943,Female,Group B,Master's degree,Free/Reduced,,61.0,69.0,65.0,68.4,65.0,Medium
4944,Male,Group D,High school,Standard,Completed,0.0,75.0,38.0,63.32,37.666666666666664,Low
4945,Male,Group A,High school,Standard,,58.0,75.0,65.0,86.95,66.0,Medium
4946,Female,Group E,Bachelor's degree,Free/Reduced,Completed,67.0,2.0,45.0,83.26,38.0,Low
4947,Male,Group D,Bachelor's degree,Free/Reduced,,18.0,38.0,14.0,71.65,23.333333333333332,Low
4948,Female,Group B,Bachelor's degree,Standard,Completed,29.0,98.0,15.0,91.16,47.333333333333336,Low
4949,Male,Group A,High school,Standard,,0.0,82.0,89.0,91.04,57.0,Medium
4950,Male,Group D,Master's degree,Free/Reduced,,47.0,44.0,71.0,79.64,54.0,Medium
4951,Female,Group C,Bachelor's degree,Standard,Completed,18.0,67.0,15.0,63.86,33.333333333333336,Low
4952,Female,Group E,High school,Standard,Completed,51.0,30.0,84.0,96.74,55.0,Medium
4953,Male,Group A,Bachelor's degree,Free/Reduced,Completed,84.0,37.0,50.0,86.75,57.0,Medium
4954,Female,Group D,Bachelor's degree,Free/Reduced,Completed,21.0,96.0,10.0,69.88,42.333333333333336,Low
4955,Male,Group A,Bachelor's degree,Standard,,49.0,5.0,87.0,84.42,47.0,Low
4956,Male,Group C,High school,Free/Reduced,,65.0,7.0,35.0,76.2,35.666666666666664,Low
4957,Female,Group B,Master's degree,Free/Reduced,Completed,5.0,51.0,17.0,85.41,24.333333333333332,Low
4958,Male,Group D,High school,Free/Reduced,Completed,63.0,14.0,50.0,78.95,42.333333333333336,Low
4959,Male,Group A,High school,Free/Reduced,,49.0,94.0,76.0,79.42,73.0,Medium
4960,Female,Group A,Bachelor's degree,Free/Reduced,Completed,96.0,7.0,48.0,89.44,50.333333333333336,Medium
4961,Female,Group A,Associate degree,Standard,,18.0,51.0,41.0,84.55,36.666666666666664,Low
4962,Male,Group B,Associate degree,Standard,Completed,90.0,5.0,43.0,63.2,46.0,Low
4963,Female,Group A,Associate degree,Free/Reduced,Completed,36.0,28.0,0.0,62.61,21.333333333333332,Low
4964,Female,Group E,High school,Free/Reduced,,62.0,51.0,6.0,72.2,39.666666666666664,Low
4965,Female,Group E,Bachelor's degree,Free/Reduced,,28.0,51.0,47.0,77.21,42.0,Low
4966,Female,Group A,Associate degree,Standard,Completed,59.0,39.0,84.0,71.01,60.666666666666664,Medium
4967,Male,Group E,Some college,Standard,,91.0,73.0,15.0,86.06,59.666666666666664,Medium
4968,Male,Group D,Some college,Standard,Completed,33.0,12.0,47.0,67.8,30.666666666666668,Low
4969,Male,Group E,Some college,Standard,,0.0,61.0,77.0,88.17,46.0,Low
4970,Female,Group A,Master's degree,Free/Reduced,Completed,47.0,85.0,42.0,90.93,58.0,Medium
4971,Female,Group C,Bachelor's degree,Free/Reduced,Completed,88.0,84.0,50.0,64.97,74.0,Medium
4972,Female,Group D,High school,Standard,Completed,20.0,64.0,65.0,86.03,49.666666666666664,Low
4973,Female,Group B,High school,Standard,,33.0,40.0,30.0,98.46,34.333333333333336,Low
4974,Female,Group A,Bachelor's degree,Free/Reduced,,49.0,41.0,38.0,67.71,42.666666666666664,Low
4975,Female,Group B,Master's degree,Free/Reduced,,35.0,65.0,8.0,96.37,36.0,Low
4976,Female,Group C,Bachelor's degree,Free/Reduced,,98.0,92.0,50.0,84.24,80.0,High
4977,Male,Group B,Master's degree,Free/Reduced,Completed,22.0,10.0,62.0,83.64,31.333333333333332,Low
4978,Male,Group A,Associate degree,Free/Reduced,,80.0,51.0,13.0,62.08,48.0,Low
4979,Female,Group A,Associate degree,Standard,,46.0,49.0,57.0,89.93,50.666666666666664,Medium
4980,Female,Group C,Master's degree,Free/Reduced,,49.0,70.0,73.0,79.13,64.0,Medium
4981,Female,Group A,Bachelor's degree,Standard,Completed,43.0,34.0,87.0,88.85,54.666666666666664,Medium
4982,Male,Group C,Associate degree,Standard,,19.0,93.0,96.0,92.37,69.33333333333333,Medium
4983,Male,Group C,Bachelor's degree,Free/Reduced,,26.0,79.0,50.0,80.95,51.666666666666664,Medium
4984,Female,Group A,Associate degree,Standard,Completed,60.0,51.0,83.0,70.55,64.66666666666667,Medium
4985,Female,Group E,Bachelor's degree,Standard,Completed,36.0,19.0,63.0,65.66,39.333333333333336,Low
4986,Male,Group C,Bachelor's degree,Free/Reduced,Completed,83.0,27.0,27.0,66.42,45.666666666666664,Low
4987,Male,Group A,Some college,Standard,Completed,51.0,36.0,3.0,94.68,30.0,Low
4988,Male,Group E,Master's degree,Free/Reduced,Completed,74.0,2.0,33.0,64.94,36.333333333333336,Low
4989,Male,Group C,High school,Free/Reduced,Completed,91.0,92.0,3.0,75.39,62.0,Medium
4990,Female,Group E,Master's degree,Standard,Completed,61.0,58.0,69.0,73.37,62.666666666666664,Medium
4991,Male,Group D,Bachelor's degree,Free/Reduced,,65.0,100.0,57.0,94.62,74.0,Medium
4992,Male,Group D,Bachelor's degree,Free/Reduced,Completed,23.0,51.0,85.0,79.11,53.0,Medium
4993,Female,Group E,Master's degree,Standard,Completed,79.0,51.0,3.0,99.86,44.333333333333336,Low
4994,Male,Group C,Bachelor's degree,Free/Reduced,Completed,11.0,31.0,49.0,89.48,30.333333333333332,Low
4995,Male,Group A,Associate degree,Standard,Completed,49.0,47.0,4.0,94.04,33.333333333333336,Low
4996,Male,Group B,Bachelor's degree,Standard,Completed,35.0,45.0,74.0,63.95,51.333333333333336,Medium
4997,Female,Group A,Master's degree,Free/Reduced,,1.0,94.0,44.0,70.12,46.333333333333336,Low
4998,Male,Group B,Master's degree,Standard,,88.0,46.0,34.0,65.42,56.0,Medium
4999,Female,Group B,Master's degree,Free/Reduced,,61.0,89.0,82.0,78.54,77.33333333333333,High
5000,Female,Group C,Some college,Standard,,63.0,39.0,74.0,88.73,58.666666666666664,Medium
5001,Male,Group E,Some college,Free/Reduced,,28.0,2.0,74.0,66.76,34.666666666666664,Low
5002,Male,Group A,Some college,Free/Reduced,,91.0,74.0,26.0,65.21,63.666666666666664,Medium
5003,Male,Group E,Some college,Standard,,73.0,28.0,1.0,84.58,34.0,Low
5004,Male,Group D,Some college,Standard,Completed,86.0,90.0,53.0,69.21,76.33333333333333,High
5005,Female,Group C,Some college,Free/Reduced,Completed,95.0,57.0,71.0,79.17,74.33333333333333,Medium
5006,Male,Group C,Some college,Free/Reduced,Completed,30.0,49.0,97.0,62.04,58.666666666666664,Medium
5007,Male,Group D,Master's degree,Standard,Completed,49.0,9.0,83.0,87.22,47.0,Low
5008,Male,Group A,High school,Free/Reduced,Completed,49.0,60.0,86.0,81.65,65.0,Medium
5009,Female,Group D,Master's degree,Free/Reduced,Completed,54.0,98.0,78.0,85.9,76.66666666666667,High
5010,Male,Group A,Master's degree,Standard,,32.0,60.0,47.0,71.02,46.333333333333336,Low
5011,Male,Group B,High school,Standard,Completed,80.0,22.0,76.0,71.14,59.333333333333336,Medium
5012,Female,Group C,Some college,Free/Reduced,Completed,51.0,5.0,94.0,92.05,50.0,Medium
5013,Female,Group A,High school,Standard,Completed,49.0,74.0,48.0,88.74,57.0,Medium
5014,Male,Group E,High school,Standard,,19.0,59.0,77.0,83.19,51.666666666666664,Medium
5015,Male,Group E,Associate degree,Free/Reduced,,72.0,26.0,50.0,85.13,49.333333333333336,Low
5016,Male,Group C,Bachelor's degree,Standard,,37.0,54.0,90.0,63.76,60.333333333333336,Medium
5017,Male,Group D,Associate degree,Standard,Completed,2.0,30.0,50.0,94.25,27.333333333333332,Low
5018,Male,Group D,High school,Free/Reduced,Completed,53.0,29.0,34.0,90.8,38.666666666666664,Low
5019,Female,Group A,Master's degree,Standard,Completed,65.0,66.0,53.0,83.62,61.333333333333336,Medium
5020,Female,Group D,Some college,Free/Reduced,,17.0,12.0,55.0,96.74,28.0,Low
5021,Male,Group C,Bachelor's degree,Standard,,86.0,58.0,14.0,66.75,52.666666666666664,Medium
5022,Male,Group A,Some college,Standard,Completed,82.0,53.0,68.0,87.47,67.66666666666667,Medium
5023,Female,Group B,Master's degree,Free/Reduced,,6.0,20.0,100.0,98.52,42.0,Low
5024,Male,Group D,Bachelor's degree,Standard,Completed,34.0,42.0,3.0,72.4,26.333333333333332,Low
5025,Male,Group D,Associate degree,Standard,,83.0,10.0,83.0,60.61,58.666666666666664,Medium
5026,Male,Group A,High school,Standard,,83.0,66.0,63.0,89.39,70.66666666666667,Medium
5027,Male,Group E,Master's degree,Standard,,82.0,37.0,21.0,60.28,46.666666666666664,Low
5028,Male,Group D,High school,Standard,Completed,79.0,94.0,23.0,94.9,65.33333333333333,Medium
5029,Female,Group C,High school,Standard,,84.0,23.0,46.0,62.25,51.0,Medium
5030,Male,Group D,Some college,Free/Reduced,Completed,92.0,50.0,74.0,86.11,72.0,Medium
5031,Male,Group B,Master's degree,Standard,Completed,59.0,75.0,5.0,75.09,46.333333333333336,Low
5032,Male,Group D,High school,Standard,Completed,23.0,60.0,26.0,68.13,36.333333333333336,Low
5033,Female,Group E,Associate degree,Free/Reduced,,100.0,45.0,9.0,95.93,51.333333333333336,Medium
5034,Female,Group D,Bachelor's degree,Free/Reduced,,92.0,42.0,38.0,89.85,57.333333333333336,Medium
5035,Female,Group A,Master's degree,Free/Reduced,,94.0,26.0,73.0,73.62,64.33333333333333,Medium
5036,Female,Group D,Some college,Standard,Completed,38.0,84.0,89.0,71.37,70.33333333333333,Medium
5037,Male,Group E,Master's degree,Free/Reduced,,11.0,88.0,36.0,89.44,45.0,Low
5038,Female,Group A,Some college,Free/Reduced,,93.0,29.0,53.0,93.46,58.333333333333336,Medium
5039,Male,Group C,Bachelor's degree,Standard,Completed,52.0,93.0,96.0,88.63,80.33333333333333,High
5040,Male,Group A,Associate degree,Free/Reduced,Completed,63.0,62.0,50.0,85.6,58.333333333333336,Medium
5041,Female,Group B,High school,Standard,Completed,3.0,9.0,50.0,69.12,20.666666666666668,Low
5042,Female,Group A,Master's degree,Standard,,93.0,2.0,71.0,94.11,55.333333333333336,Medium
5043,Female,Group C,Some college,Standard,,4.0,76.0,50.0,89.99,43.333333333333336,Low
5044,Female,Group D,Bachelor's degree,Standard,Completed,15.0,59.0,61.0,80.69,45.0,Low
5045,Female,Group A,High school,Standard,,26.0,26.0,50.0,80.46,34.0,Low
5046,Male,Group A,Bachelor's degree,Free/Reduced,Completed,3.0,81.0,50.0,82.77,44.666666666666664,Low
5047,Female,Group A,Associate degree,Standard,,71.0,44.0,27.0,93.13,47.333333333333336,Low
5048,Female,Group A,High school,Free/Reduced,Completed,47.0,61.0,35.0,89.69,47.666666666666664,Low
5049,Female,Group C,High school,Standard,,7.0,23.0,24.0,94.25,18.0,Low
5050,Male,Group E,High school,Free/Reduced,Completed,80.0,45.0,35.0,80.29,53.333333333333336,Medium
5051,Female,Group E,Some college,Standard,Completed,45.0,51.0,76.0,84.99,57.333333333333336,Medium
5052,Male,Group A,High school,Standard,Completed,43.0,43.0,59.0,94.18,48.333333333333336,Low
5053,Female,Group C,Bachelor's degree,Standard,,66.0,62.0,6.0,69.29,44.666666666666664,Low
5054,Female,Group C,Some college,Free/Reduced,,90.0,3.0,50.0,77.76,47.666666666666664,Low
5055,Male,Group A,High school,Free/Reduced,,49.0,15.0,72.0,84.83,45.333333333333336,Low
5056,Female,Group B,Bachelor's degree,Free/Reduced,Completed,33.0,50.0,91.0,96.61,58.0,Medium
5057,Male,Group A,Bachelor's degree,Standard,Completed,61.0,73.0,35.0,60.63,56.333333333333336,Medium
5058,Male,Group B,Master's degree,Standard,Completed,20.0,100.0,93.0,68.5,71.0,Medium
5059,Male,Group A,Bachelor's degree,Free/Reduced,Completed,23.0,90.0,72.0,69.38,61.666666666666664,Medium
5060,Female,Group B,Associate degree,Standard,Completed,43.0,47.0,29.0,73.06,39.666666666666664,Low
5061,Female,Group B,High school,Free/Reduced,Completed,40.0,64.0,98.0,71.27,67.33333333333333,Medium
5062,Female,Group A,High school,Standard,Completed,28.0,68.0,46.0,83.61,47.333333333333336,Low
5063,Male,Group B,High school,Free/Reduced,Completed,5.0,76.0,90.0,95.42,57.0,Medium
5064,Female,Group D,Bachelor's degree,Free/Reduced,Completed,49.0,44.0,28.0,85.48,40.333333333333336,Low
5065,Male,Group E,Bachelor's degree,Standard,,13.0,2.0,4.0,69.66,6.333333333333333,Low
5066,Female,Group C,High school,Free/Reduced,Completed,49.0,16.0,64.0,94.55,43.0,Low
5067,Male,Group B,Some college,Standard,,77.0,82.0,68.0,85.28,75.66666666666667,High
5068,Male,Group B,Some college,Standard,Completed,100.0,36.0,62.0,68.76,66.0,Medium
5069,Male,Group C,Associate degree,Standard,,51.0,4.0,92.0,74.47,49.0,Low
5070,Female,Group B,Master's degree,Free/Reduced,Completed,87.0,46.0,55.0,91.6,62.666666666666664,Medium
5071,Male,Group C,Associate degree,Free/Reduced,,76.0,43.0,16.0,89.56,45.0,Low
5072,Male,Group A,High school,Free/Reduced,Completed,0.0,87.0,50.0,83.06,45.666666666666664,Low
5073,Male,Group D,Master's degree,Standard,Completed,11.0,51.0,36.0,65.79,32.666666666666664,Low
5074,Male,Group D,High school,Standard,Completed,23.0,20.0,87.0,92.13,43.333333333333336,Low
5075,Male,Group E,Master's degree,Free/Reduced,,36.0,66.0,90.0,72.3,64.0,Medium
5076,Male,Group B,Bachelor's degree,Standard,Completed,83.0,67.0,8.0,90.86,52.666666666666664,Medium
5077,Female,Group E,Master's degree,Standard,,69.0,31.0,37.0,85.9,45.666666666666664,Low
5078,Female,Group A,Associate degree,Free/Reduced,,75.0,23.0,52.0,70.57,50.0,Medium
5079,Male,Group D,Bachelor's degree,Free/Reduced,,49.0,34.0,12.0,68.49,31.666666666666668,Low
5080,Female,Group A,Bachelor's degree,Standard,,2.0,17.0,89.0,65.24,36.0,Low
5081,Female,Group A,Associate degree,Standard,,26.0,66.0,52.0,69.68,48.0,Low
5082,Male,Group B,Bachelor's degree,Free/Reduced,Completed,52.0,53.0,74.0,66.31,59.666666666666664,Medium
5083,Male,Group A,Some college,Free/Reduced,,99.0,25.0,87.0,84.68,70.33333333333333,Medium
5084,Male,Group D,Associate degree,Standard,,16.0,51.0,96.0,83.95,54.333333333333336,Medium
5085,Female,Group E,Associate degree,Standard,,14.0,87.0,48.0,83.45,49.666666666666664,Low
5086,Male,Group D,Some college,Standard,,38.0,64.0,69.0,85.68,57.0,Medium
5087,Female,Group B,Master's degree,Free/Reduced,Completed,3.0,50.0,34.0,92.59,29.0,Low
5088,Male,Group D,Master's degree,Standard,Completed,16.0,97.0,15.0,96.54,42.666666666666664,Low
5089,Female,Group C,Master's degree,Standard,Completed,10.0,59.0,12.0,69.22,27.0,Low
5090,Male,Group E,Bachelor's degree,Standard,,11.0,58.0,10.0,83.51,26.333333333333332,Low
5091,Male,Group C,Some college,Standard,,31.0,75.0,86.0,63.13,64.0,Medium
5092,Female,Group C,Associate degree,Standard,,26.0,16.0,1.0,64.81,14.333333333333334,Low
5093,Female,Group B,Master's degree,Standard,Completed,43.0,84.0,93.0,86.17,73.33333333333333,Medium
5094,Female,Group A,Associate degree,Free/Reduced,,42.0,20.0,18.0,79.46,26.666666666666668,Low
5095,Female,Group C,Bachelor's degree,Free/Reduced,Completed,90.0,66.0,44.0,90.33,66.66666666666667,Medium
5096,Female,Group D,Bachelor's degree,Free/Reduced,,48.0,27.0,45.0,77.03,40.0,Low
5097,Female,Group A,Master's degree,Standard,,92.0,51.0,46.0,65.1,63.0,Medium
5098,Male,Group D,Bachelor's degree,Free/Reduced,Completed,72.0,43.0,48.0,94.88,54.333333333333336,Medium
5099,Female,Group D,Master's degree,Standard,,42.0,69.0,78.0,63.32,63.0,Medium
5100,Male,Group A,Master's degree,Standard,Completed,2.0,61.0,41.0,67.56,34.666666666666664,Low
5101,Male,Group A,Associate degree,Standard,,28.0,41.0,32.0,71.08,33.666666666666664,Low
5102,Female,Group D,Bachelor's degree,Standard,Completed,84.0,93.0,40.0,99.81,72.33333333333333,Medium
5103,Male,Group B,Master's degree,Standard,,34.0,95.0,68.0,76.67,65.66666666666667,Medium
5104,Female,Group E,Some college,Free/Reduced,,47.0,21.0,85.0,80.07,51.0,Medium
5105,Female,Group E,Some college,Free/Reduced,,73.0,37.0,90.0,90.79,66.66666666666667,Medium
5106,Male,Group B,Bachelor's degree,Free/Reduced,,86.0,13.0,98.0,85.46,65.66666666666667,Medium
5107,Male,Group A,Associate degree,Standard,,38.0,97.0,18.0,93.66,51.0,Medium
5108,Female,Group D,Associate degree,Free/Reduced,Completed,88.0,51.0,38.0,79.46,59.0,Medium
5109,Female,Group E,Master's degree,Standard,Completed,23.0,39.0,6.0,98.89,22.666666666666668,Low
5110,Male,Group D,Bachelor's degree,Free/Reduced,,19.0,53.0,38.0,91.87,36.666666666666664,Low
5111,Male,Group B,Some college,Free/Reduced,Completed,14.0,12.0,97.0,76.05,41.0,Low
5112,Male,Group D,Master's degree,Free/Reduced,Completed,84.0,93.0,33.0,75.25,70.0,Medium
5113,Male,Group B,Master's degree,Free/Reduced,Completed,49.0,18.0,90.0,97.18,52.333333333333336,Medium
5114,Female,Group A,High school,Free/Reduced,Completed,49.0,41.0,50.0,87.38,46.666666666666664,Low
5115,Female,Group B,Bachelor's degree,Free/Reduced,,59.0,40.0,68.0,84.86,55.666666666666664,Medium
5116,Female,Group B,Master's degree,Standard,Completed,86.0,49.0,67.0,90.31,67.33333333333333,Medium
5117,Female,Group E,Some college,Standard,Completed,92.0,2.0,62.0,82.43,52.0,Medium
5118,Male,Group D,High school,Standard,,40.0,30.0,70.0,66.37,46.666666666666664,Low
5119,Male,Group E,Some college,Standard,,99.0,75.0,50.0,72.77,74.66666666666667,Medium
5120,Female,Group C,Master's degree,Standard,,68.0,14.0,2.0,82.32,28.0,Low
5121,Female,Group B,High school,Free/Reduced,,89.0,53.0,84.0,60.73,75.33333333333333,High
5122,Female,Group C,High school,Standard,,74.0,52.0,33.0,77.49,53.0,Medium
5123,Female,Group E,Master's degree,Standard,,10.0,44.0,8.0,90.23,20.666666666666668,Low
5124,Female,Group D,Associate degree,Standard,,55.0,37.0,60.0,66.57,50.666666666666664,Medium
5125,Female,Group E,Master's degree,Standard,,17.0,77.0,19.0,62.58,37.666666666666664,Low
5126,Female,Group D,Bachelor's degree,Standard,Completed,11.0,98.0,39.0,93.44,49.333333333333336,Low
5127,Female,Group D,Some college,Standard,,15.0,79.0,11.0,84.69,35.0,Low
5128,Female,Group A,Some college,Standard,Completed,26.0,49.0,27.0,67.06,34.0,Low
5129,Male,Group B,Master's degree,Standard,,99.0,23.0,47.0,92.25,56.333333333333336,Medium
5130,Female,Group E,Some college,Standard,,16.0,51.0,96.0,86.33,54.333333333333336,Medium
5131,Male,Group D,Some college,Free/Reduced,Completed,84.0,17.0,73.0,73.36,58.0,Medium
5132,Male,Group E,Bachelor's degree,Standard,,100.0,41.0,74.0,75.05,71.66666666666667,Medium
5133,Female,Group E,Associate degree,Standard,,30.0,16.0,6.0,66.24,17.333333333333332,Low
5134,Female,Group D,High school,Free/Reduced,Completed,34.0,15.0,81.0,93.41,43.333333333333336,Low
5135,Male,Group C,Master's degree,Free/Reduced,Completed,26.0,84.0,82.0,80.36,64.0,Medium
5136,Male,Group B,Master's degree,Standard,Completed,86.0,87.0,13.0,82.28,62.0,Medium
5137,Female,Group B,Bachelor's degree,Standard,Completed,31.0,97.0,80.0,95.34,69.33333333333333,Medium
5138,Male,Group A,Bachelor's degree,Standard,Completed,16.0,51.0,86.0,60.63,51.0,Medium
5139,Female,Group A,High school,Free/Reduced,Completed,10.0,35.0,18.0,62.68,21.0,Low
5140,Female,Group A,Associate degree,Standard,,0.0,90.0,53.0,66.46,47.666666666666664,Low
5141,Female,Group B,Master's degree,Free/Reduced,,91.0,38.0,59.0,61.2,62.666666666666664,Medium
5142,Male,Group C,Bachelor's degree,Free/Reduced,,81.0,80.0,66.0,86.33,75.66666666666667,High
5143,Male,Group B,Master's degree,Free/Reduced,,48.0,51.0,33.0,85.36,44.0,Low
5144,Female,Group B,Some college,Free/Reduced,,40.0,41.0,88.0,68.43,56.333333333333336,Medium
5145,Male,Group B,Master's degree,Free/Reduced,Completed,19.0,51.0,40.0,65.98,36.666666666666664,Low
5146,Male,Group B,Associate degree,Standard,Completed,70.0,67.0,30.0,65.83,55.666666666666664,Medium
5147,Male,Group C,Associate degree,Standard,,36.0,88.0,38.0,98.13,54.0,Medium
5148,Male,Group A,Master's degree,Free/Reduced,Completed,15.0,58.0,77.0,87.74,50.0,Medium
5149,Male,Group E,Some college,Free/Reduced,,38.0,29.0,100.0,83.42,55.666666666666664,Medium
5150,Male,Group A,Associate degree,Free/Reduced,Completed,44.0,56.0,51.0,72.9,50.333333333333336,Medium
5151,Male,Group A,Bachelor's degree,Free/Reduced,,63.0,32.0,46.0,77.32,47.0,Low
5152,Female,Group E,Master's degree,Standard,,46.0,89.0,19.0,63.58,51.333333333333336,Medium
5153,Male,Group B,Some college,Free/Reduced,,22.0,88.0,95.0,99.93,68.33333333333333,Medium
5154,Male,Group C,Bachelor's degree,Free/Reduced,Completed,31.0,52.0,96.0,90.2,59.666666666666664,Medium
5155,Male,Group C,Master's degree,Standard,Completed,48.0,15.0,51.0,84.86,38.0,Low
5156,Male,Group A,Some college,Standard,,49.0,48.0,94.0,83.51,63.666666666666664,Medium
5157,Male,Group E,Bachelor's degree,Standard,Completed,18.0,51.0,70.0,80.17,46.333333333333336,Low
5158,Male,Group D,Associate degree,Standard,,97.0,4.0,61.0,70.3,54.0,Medium
5159,Male,Group B,Master's degree,Free/Reduced,,77.0,76.0,4.0,69.06,52.333333333333336,Medium
5160,Male,Group A,Master's degree,Free/Reduced,Completed,66.0,93.0,56.0,81.98,71.66666666666667,Medium
5161,Female,Group C,Associate degree,Free/Reduced,,38.0,59.0,3.0,62.81,33.333333333333336,Low
5162,Male,Group E,High school,Free/Reduced,,88.0,70.0,10.0,62.98,56.0,Medium
5163,Male,Group E,Bachelor's degree,Free/Reduced,,49.0,80.0,18.0,82.43,49.0,Low
5164,Male,Group A,Associate degree,Free/Reduced,Completed,10.0,54.0,83.0,96.79,49.0,Low
5165,Male,Group D,Master's degree,Free/Reduced,,48.0,90.0,26.0,96.57,54.666666666666664,Medium
5166,Female,Group C,Bachelor's degree,Free/Reduced,,14.0,34.0,28.0,60.43,25.333333333333332,Low
5167,Female,Group A,Bachelor's degree,Free/Reduced,,82.0,68.0,17.0,64.3,55.666666666666664,Medium
5168,Female,Group D,High school,Standard,,60.0,41.0,36.0,83.32,45.666666666666664,Low
5169,Female,Group E,Master's degree,Free/Reduced,Completed,42.0,68.0,60.0,93.94,56.666666666666664,Medium
5170,Female,Group B,Some college,Standard,,14.0,23.0,46.0,98.18,27.666666666666668,Low
5171,Female,Group C,High school,Standard,,78.0,51.0,88.0,94.42,72.33333333333333,Medium
5172,Female,Group C,High school,Standard,Completed,78.0,70.0,19.0,87.1,55.666666666666664,Medium
5173,Female,Group D,Some college,Standard,Completed,72.0,51.0,69.0,68.02,64.0,Medium
5174,Female,Group A,Some college,Free/Reduced,Completed,4.0,13.0,99.0,62.9,38.666666666666664,Low
5175,Female,Group E,High school,Standard,Completed,49.0,54.0,48.0,61.9,50.333333333333336,Medium
5176,Female,Group D,Bachelor's degree,Standard,Completed,87.0,14.0,14.0,84.48,38.333333333333336,Low
5177,Female,Group B,Associate degree,Free/Reduced,Completed,28.0,4.0,17.0,61.45,16.333333333333332,Low
5178,Female,Group B,Associate degree,Standard,,61.0,100.0,37.0,89.57,66.0,Medium
5179,Female,Group B,High school,Free/Reduced,,59.0,3.0,88.0,88.5,50.0,Medium
5180,Female,Group D,Bachelor's degree,Free/Reduced,Completed,68.0,29.0,83.0,63.18,60.0,Medium
5181,Female,Group E,Some college,Free/Reduced,,21.0,83.0,21.0,96.26,41.666666666666664,Low
5182,Male,Group C,High school,Free/Reduced,Completed,12.0,52.0,75.0,80.88,46.333333333333336,Low
5183,Female,Group A,Master's degree,Standard,,49.0,89.0,59.0,96.18,65.66666666666667,Medium
5184,Male,Group C,Bachelor's degree,Free/Reduced,Completed,46.0,72.0,96.0,96.06,71.33333333333333,Medium
5185,Female,Group E,Master's degree,Standard,Completed,28.0,29.0,50.0,67.88,35.666666666666664,Low
5186,Female,Group C,Master's degree,Standard,,79.0,85.0,65.0,75.22,76.33333333333333,High
5187,Male,Group D,High school,Free/Reduced,Completed,99.0,93.0,25.0,65.39,72.33333333333333,Medium
5188,Female,Group B,Master's degree,Standard,,16.0,83.0,63.0,91.0,54.0,Medium
5189,Male,Group E,Master's degree,Free/Reduced,Completed,19.0,91.0,95.0,80.16,68.33333333333333,Medium
5190,Male,Group E,Bachelor's degree,Standard,Completed,77.0,60.0,57.0,97.15,64.66666666666667,Medium
5191,Male,Group C,Associate degree,Standard,,5.0,70.0,50.0,68.33,41.666666666666664,Low
5192,Female,Group D,Master's degree,Standard,Completed,21.0,67.0,29.0,87.53,39.0,Low
5193,Female,Group C,Master's degree,Standard,,8.0,91.0,18.0,99.57,39.0,Low
5194,Female,Group C,Bachelor's degree,Free/Reduced,,31.0,54.0,9.0,86.62,31.333333333333332,Low
5195,Male,Group E,Associate degree,Free/Reduced,,87.0,98.0,88.0,62.75,91.0,High
5196,Male,Group C,Master's degree,Standard,,32.0,96.0,45.0,83.54,57.666666666666664,Medium
5197,Female,Group B,High school,Standard,,49.0,70.0,18.0,67.19,45.666666666666664,Low
5198,Female,Group C,Bachelor's degree,Standard,Completed,98.0,72.0,57.0,61.22,75.66666666666667,High
5199,Female,Group B,Bachelor's degree,Standard,Completed,69.0,97.0,84.0,73.4,83.33333333333333,High
5200,Female,Group E,Master's degree,Free/Reduced,,48.0,51.0,50.0,70.64,49.666666666666664,Low
5201,Female,Group D,Associate degree,Standard,Completed,29.0,97.0,50.0,91.55,58.666666666666664,Medium
5202,Male,Group B,Master's degree,Standard,,15.0,76.0,13.0,74.95,34.666666666666664,Low
5203,Male,Group D,Some college,Standard,Completed,64.0,28.0,57.0,89.32,49.666666666666664,Low
5204,Male,Group D,Master's degree,Free/Reduced,,81.0,34.0,7.0,60.65,40.666666666666664,Low
5205,Female,Group B,Some college,Standard,Completed,85.0,44.0,1.0,60.59,43.333333333333336,Low
5206,Male,Group E,High school,Free/Reduced,,89.0,73.0,17.0,61.17,59.666666666666664,Medium
5207,Male,Group A,Bachelor's degree,Free/Reduced,Completed,13.0,93.0,85.0,68.77,63.666666666666664,Medium
5208,Male,Group D,Master's degree,Standard,,55.0,89.0,56.0,74.96,66.66666666666667,Medium
5209,Male,Group D,Associate degree,Standard,,36.0,98.0,93.0,84.31,75.66666666666667,High
5210,Male,Group E,Master's degree,Standard,Completed,48.0,91.0,99.0,99.44,79.33333333333333,High
5211,Female,Group E,High school,Free/Reduced,,77.0,28.0,50.0,74.18,51.666666666666664,Medium
5212,Male,Group C,Some college,Free/Reduced,,89.0,69.0,34.0,62.23,64.0,Medium
5213,Female,Group E,Associate degree,Standard,Completed,49.0,2.0,65.0,67.8,38.666666666666664,Low
5214,Female,Group D,High school,Free/Reduced,Completed,35.0,92.0,55.0,95.91,60.666666666666664,Medium
5215,Female,Group B,High school,Standard,,51.0,56.0,99.0,87.98,68.66666666666667,Medium
5216,Female,Group A,Some college,Standard,,22.0,65.0,81.0,91.61,56.0,Medium
5217,Female,Group C,Some college,Standard,,65.0,21.0,42.0,64.97,42.666666666666664,Low
5218,Male,Group B,Bachelor's degree,Standard,,70.0,26.0,72.0,65.4,56.0,Medium
5219,Male,Group A,Master's degree,Standard,Completed,49.0,21.0,91.0,64.49,53.666666666666664,Medium
5220,Female,Group A,Associate degree,Standard,,85.0,73.0,71.0,94.29,76.33333333333333,High
5221,Female,Group A,Master's degree,Free/Reduced,,27.0,48.0,50.0,68.4,41.666666666666664,Low
5222,Female,Group B,Associate degree,Free/Reduced,Completed,19.0,82.0,4.0,85.73,35.0,Low
5223,Male,Group C,High school,Free/Reduced,Completed,48.0,23.0,12.0,80.65,27.666666666666668,Low
5224,Female,Group C,Some college,Standard,,56.0,26.0,6.0,81.78,29.333333333333332,Low
5225,Male,Group A,Some college,Standard,Completed,81.0,35.0,20.0,67.82,45.333333333333336,Low
5226,Female,Group B,High school,Standard,Completed,87.0,51.0,92.0,85.41,76.66666666666667,High
5227,Male,Group A,High school,Free/Reduced,Completed,96.0,55.0,36.0,61.72,62.333333333333336,Medium
5228,Female,Group E,Associate degree,Standard,,58.0,9.0,44.0,99.74,37.0,Low
5229,Male,Group C,High school,Free/Reduced,,49.0,53.0,51.0,61.07,51.0,Medium
5230,Female,Group D,Associate degree,Standard,,18.0,80.0,47.0,62.01,48.333333333333336,Low
5231,Male,Group A,Master's degree,Free/Reduced,Completed,12.0,73.0,61.0,72.99,48.666666666666664,Low
5232,Male,Group E,Some college,Standard,,73.0,73.0,77.0,93.27,74.33333333333333,Medium
5233,Male,Group C,Some college,Standard,,61.0,37.0,100.0,70.29,66.0,Medium
5234,Male,Group B,Some college,Free/Reduced,,13.0,80.0,50.0,78.88,47.666666666666664,Low
5235,Male,Group C,Master's degree,Free/Reduced,Completed,72.0,89.0,3.0,60.72,54.666666666666664,Medium
5236,Male,Group B,Master's degree,Free/Reduced,,10.0,89.0,85.0,63.16,61.333333333333336,Medium
5237,Male,Group B,Bachelor's degree,Standard,,66.0,97.0,55.0,84.32,72.66666666666667,Medium
5238,Female,Group A,Associate degree,Free/Reduced,,11.0,3.0,74.0,67.77,29.333333333333332,Low
5239,Female,Group A,Associate degree,Free/Reduced,,34.0,49.0,33.0,87.77,38.666666666666664,Low
5240,Female,Group C,Bachelor's degree,Standard,Completed,38.0,90.0,44.0,91.42,57.333333333333336,Medium
5241,Female,Group E,Some college,Standard,,31.0,60.0,15.0,94.01,35.333333333333336,Low
5242,Female,Group C,Associate degree,Free/Reduced,,13.0,20.0,8.0,65.35,13.666666666666666,Low
5243,Male,Group D,Associate degree,Standard,Completed,64.0,35.0,79.0,78.22,59.333333333333336,Medium
5244,Male,Group B,Some college,Free/Reduced,Completed,26.0,45.0,15.0,97.88,28.666666666666668,Low
5245,Male,Group B,High school,Free/Reduced,Completed,100.0,94.0,94.0,90.88,96.0,High
5246,Male,Group A,High school,Free/Reduced,Completed,59.0,70.0,30.0,64.68,53.0,Medium
5247,Male,Group E,Bachelor's degree,Standard,Completed,42.0,43.0,12.0,80.1,32.333333333333336,Low
5248,Female,Group A,Master's degree,Free/Reduced,,64.0,63.0,4.0,96.9,43.666666666666664,Low
5249,Female,Group D,Associate degree,Free/Reduced,Completed,54.0,97.0,46.0,77.6,65.66666666666667,Medium
5250,Female,Group C,Associate degree,Standard,Completed,92.0,17.0,38.0,93.5,49.0,Low
5251,Female,Group C,Bachelor's degree,Free/Reduced,Completed,87.0,87.0,17.0,79.83,63.666666666666664,Medium
5252,Male,Group E,Bachelor's degree,Free/Reduced,,80.0,12.0,19.0,64.27,37.0,Low
5253,Male,Group A,Associate degree,Free/Reduced,,34.0,12.0,1.0,65.91,15.666666666666666,Low
5254,Male,Group A,Some college,Standard,,94.0,24.0,39.0,61.87,52.333333333333336,Medium
5255,Female,Group D,Some college,Free/Reduced,Completed,31.0,4.0,29.0,67.81,21.333333333333332,Low
5256,Male,Group C,Master's degree,Standard,,18.0,38.0,9.0,95.74,21.666666666666668,Low
5257,Female,Group A,Master's degree,Standard,Completed,94.0,28.0,63.0,86.01,61.666666666666664,Medium
5258,Male,Group E,Associate degree,Free/Reduced,Completed,38.0,56.0,41.0,89.55,45.0,Low
5259,Male,Group C,Associate degree,Free/Reduced,,19.0,45.0,74.0,84.87,46.0,Low
5260,Female,Group D,Associate degree,Standard,,27.0,32.0,52.0,75.46,37.0,Low
5261,Male,Group E,Bachelor's degree,Free/Reduced,,2.0,87.0,92.0,68.67,60.333333333333336,Medium
5262,Male,Group B,High school,Free/Reduced,Completed,31.0,9.0,52.0,97.02,30.666666666666668,Low
5263,Female,Group D,Associate degree,Standard,,85.0,57.0,39.0,80.59,60.333333333333336,Medium
5264,Male,Group E,High school,Free/Reduced,,57.0,24.0,15.0,79.24,32.0,Low
5265,Female,Group A,Some college,Free/Reduced,,53.0,73.0,47.0,99.84,57.666666666666664,Medium
5266,Male,Group B,Master's degree,Standard,,41.0,38.0,60.0,75.36,46.333333333333336,Low
5267,Male,Group D,Some college,Free/Reduced,,14.0,15.0,91.0,94.17,40.0,Low
5268,Male,Group A,Associate degree,Standard,Completed,82.0,59.0,80.0,94.49,73.66666666666667,Medium
5269,Male,Group B,Some college,Standard,Completed,61.0,27.0,37.0,69.31,41.666666666666664,Low
5270,Male,Group C,Bachelor's degree,Free/Reduced,,30.0,75.0,43.0,63.79,49.333333333333336,Low
5271,Male,Group A,High school,Standard,Completed,60.0,43.0,50.0,99.02,51.0,Medium
5272,Male,Group E,Associate degree,Free/Reduced,Completed,25.0,57.0,94.0,77.04,58.666666666666664,Medium
5273,Male,Group D,Master's degree,Free/Reduced,Completed,68.0,31.0,60.0,60.09,53.0,Medium
5274,Female,Group B,High school,Standard,,56.0,62.0,6.0,79.96,41.333333333333336,Low
5275,Female,Group A,Bachelor's degree,Standard,Completed,19.0,92.0,29.0,84.77,46.666666666666664,Low
5276,Male,Group C,Some college,Standard,,65.0,44.0,35.0,91.04,48.0,Low
5277,Male,Group D,Associate degree,Standard,Completed,20.0,51.0,89.0,97.72,53.333333333333336,Medium
5278,Female,Group D,Some college,Standard,,59.0,60.0,10.0,96.61,43.0,Low
5279,Male,Group A,Master's degree,Standard,Completed,62.0,49.0,69.0,97.61,60.0,Medium
5280,Male,Group C,Associate degree,Free/Reduced,Completed,49.0,51.0,28.0,61.29,42.666666666666664,Low
5281,Female,Group B,Some college,Free/Reduced,,99.0,25.0,91.0,88.47,71.66666666666667,Medium
5282,Male,Group A,Associate degree,Standard,,91.0,2.0,78.0,69.03,57.0,Medium
5283,Male,Group B,High school,Free/Reduced,Completed,83.0,51.0,92.0,67.5,75.33333333333333,High
5284,Female,Group D,Associate degree,Standard,,100.0,38.0,5.0,92.01,47.666666666666664,Low
5285,Male,Group B,Associate degree,Standard,,38.0,64.0,75.0,76.69,59.0,Medium
5286,Male,Group C,High school,Free/Reduced,,99.0,34.0,50.0,96.66,61.0,Medium
5287,Female,Group E,Some college,Free/Reduced,,10.0,52.0,79.0,61.7,47.0,Low
5288,Male,Group C,Associate degree,Standard,Completed,56.0,90.0,50.0,92.09,65.33333333333333,Medium
5289,Female,Group B,Bachelor's degree,Standard,,2.0,45.0,72.0,65.47,39.666666666666664,Low
5290,Male,Group A,Associate degree,Standard,Completed,36.0,67.0,21.0,67.06,41.333333333333336,Low
5291,Male,Group D,Some college,Free/Reduced,Completed,83.0,82.0,96.0,79.09,87.0,High
5292,Female,Group E,High school,Standard,,95.0,21.0,89.0,75.82,68.33333333333333,Medium
5293,Female,Group A,Master's degree,Standard,,24.0,59.0,53.0,79.45,45.333333333333336,Low
5294,Male,Group A,Master's degree,Free/Reduced,,20.0,5.0,39.0,97.6,21.333333333333332,Low
5295,Female,Group C,Associate degree,Free/Reduced,,79.0,51.0,6.0,86.3,45.333333333333336,Low
5296,Female,Group B,Associate degree,Free/Reduced,Completed,41.0,72.0,95.0,71.61,69.33333333333333,Medium
5297,Male,Group C,High school,Standard,Completed,0.0,74.0,39.0,66.92,37.666666666666664,Low
5298,Male,Group B,Associate degree,Standard,,22.0,85.0,23.0,76.8,43.333333333333336,Low
5299,Male,Group C,Bachelor's degree,Free/Reduced,Completed,23.0,72.0,40.0,78.07,45.0,Low
5300,Female,Group A,Bachelor's degree,Standard,,46.0,28.0,50.0,84.05,41.333333333333336,Low
5301,Female,Group D,Some college,Standard,Completed,88.0,42.0,38.0,70.64,56.0,Medium
5302,Female,Group B,High school,Free/Reduced,Completed,6.0,73.0,100.0,90.7,59.666666666666664,Medium
5303,Female,Group E,Master's degree,Free/Reduced,Completed,37.0,33.0,82.0,63.94,50.666666666666664,Medium
5304,Male,Group E,Some college,Standard,,49.0,30.0,42.0,82.42,40.333333333333336,Low
5305,Female,Group A,High school,Free/Reduced,,49.0,85.0,68.0,84.94,67.33333333333333,Medium
5306,Male,Group C,High school,Free/Reduced,Completed,77.0,45.0,93.0,68.27,71.66666666666667,Medium
5307,Female,Group C,Some college,Standard,,61.0,3.0,58.0,93.04,40.666666666666664,Low
5308,Male,Group A,Some college,Standard,,72.0,1.0,24.0,84.62,32.333333333333336,Low
5309,Male,Group E,Associate degree,Standard,Completed,2.0,4.0,50.0,85.83,18.666666666666668,Low
5310,Male,Group E,Master's degree,Standard,,19.0,45.0,24.0,79.91,29.333333333333332,Low
5311,Female,Group C,Bachelor's degree,Standard,,96.0,78.0,72.0,96.38,82.0,High
5312,Male,Group B,Associate degree,Standard,Completed,43.0,18.0,90.0,87.76,50.333333333333336,Medium
5313,Male,Group D,High school,Free/Reduced,Completed,31.0,37.0,23.0,75.27,30.333333333333332,Low
5314,Female,Group B,Master's degree,Free/Reduced,Completed,99.0,58.0,61.0,69.54,72.66666666666667,Medium
5315,Male,Group E,Master's degree,Free/Reduced,Completed,25.0,78.0,42.0,62.84,48.333333333333336,Low
5316,Female,Group B,Some college,Standard,,47.0,71.0,58.0,66.61,58.666666666666664,Medium
5317,Female,Group D,Master's degree,Standard,,49.0,19.0,53.0,99.71,40.333333333333336,Low
5318,Male,Group B,Master's degree,Standard,Completed,58.0,75.0,78.0,76.27,70.33333333333333,Medium
5319,Male,Group B,High school,Standard,Completed,60.0,67.0,25.0,95.95,50.666666666666664,Medium
5320,Female,Group B,Associate degree,Standard,,48.0,51.0,53.0,66.82,50.666666666666664,Medium
5321,Male,Group B,Master's degree,Free/Reduced,,29.0,54.0,60.0,77.01,47.666666666666664,Low
5322,Female,Group A,Some college,Standard,,16.0,51.0,93.0,98.42,53.333333333333336,Medium
5323,Female,Group E,Associate degree,Free/Reduced,Completed,69.0,35.0,50.0,63.65,51.333333333333336,Medium
5324,Female,Group D,Some college,Standard,Completed,57.0,57.0,92.0,83.76,68.66666666666667,Medium
5325,Male,Group E,Master's degree,Free/Reduced,Completed,62.0,14.0,78.0,96.77,51.333333333333336,Medium
5326,Female,Group A,Associate degree,Free/Reduced,Completed,60.0,0.0,43.0,97.99,34.333333333333336,Low
5327,Male,Group A,Master's degree,Free/Reduced,,62.0,51.0,8.0,93.84,40.333333333333336,Low
5328,Male,Group A,High school,Free/Reduced,Completed,14.0,8.0,50.0,94.24,24.0,Low
5329,Male,Group A,Associate degree,Free/Reduced,Completed,0.0,51.0,28.0,86.09,26.333333333333332,Low
5330,Male,Group B,Some college,Free/Reduced,,12.0,51.0,78.0,68.82,47.0,Low
5331,Female,Group E,High school,Free/Reduced,Completed,47.0,25.0,80.0,89.23,50.666666666666664,Medium
5332,Male,Group C,Bachelor's degree,Standard,,33.0,59.0,79.0,99.14,57.0,Medium
5333,Female,Group D,Some college,Standard,Completed,29.0,17.0,57.0,81.04,34.333333333333336,Low
5334,Female,Group A,Master's degree,Free/Reduced,,18.0,96.0,85.0,70.43,66.33333333333333,Medium
5335,Male,Group E,Some college,Standard,,63.0,77.0,62.0,82.94,67.33333333333333,Medium
5336,Female,Group A,Master's degree,Standard,,65.0,57.0,48.0,87.62,56.666666666666664,Medium
5337,Female,Group A,Some college,Free/Reduced,Completed,56.0,64.0,10.0,68.33,43.333333333333336,Low
5338,Male,Group A,High school,Standard,Completed,43.0,76.0,88.0,88.77,69.0,Medium
5339,Female,Group A,Some college,Free/Reduced,Completed,11.0,78.0,53.0,83.5,47.333333333333336,Low
5340,Female,Group A,Associate degree,Standard,Completed,39.0,100.0,29.0,84.49,56.0,Medium
5341,Female,Group D,Bachelor's degree,Free/Reduced,Completed,23.0,68.0,65.0,72.24,52.0,Medium
5342,Female,Group E,Some college,Standard,Completed,10.0,13.0,64.0,66.21,29.0,Low
5343,Male,Group A,Bachelor's degree,Free/Reduced,,65.0,77.0,57.0,84.94,66.33333333333333,Medium
5344,Female,Group A,High school,Standard,Completed,0.0,45.0,56.0,83.45,33.666666666666664,Low
5345,Female,Group A,Associate degree,Standard,Completed,57.0,68.0,36.0,73.52,53.666666666666664,Medium
5346,Female,Group A,Master's degree,Standard,,27.0,74.0,53.0,71.84,51.333333333333336,Medium
5347,Female,Group B,Some college,Free/Reduced,,67.0,31.0,72.0,73.89,56.666666666666664,Medium
5348,Male,Group B,High school,Free/Reduced,Completed,93.0,50.0,68.0,79.6,70.33333333333333,Medium
5349,Female,Group C,Bachelor's degree,Standard,,58.0,68.0,23.0,98.99,49.666666666666664,Low
5350,Male,Group A,Bachelor's degree,Standard,Completed,70.0,99.0,62.0,90.54,77.0,High
5351,Female,Group C,High school,Free/Reduced,,21.0,14.0,90.0,94.07,41.666666666666664,Low
5352,Male,Group D,Some college,Standard,Completed,89.0,51.0,93.0,80.23,77.66666666666667,High
5353,Male,Group C,Master's degree,Standard,,28.0,70.0,50.0,81.04,49.333333333333336,Low
5354,Male,Group E,Some college,Free/Reduced,,88.0,68.0,14.0,68.17,56.666666666666664,Medium
5355,Male,Group B,Associate degree,Free/Reduced,Completed,73.0,93.0,46.0,88.84,70.66666666666667,Medium
5356,Male,Group B,Some college,Standard,Completed,83.0,14.0,72.0,76.86,56.333333333333336,Medium
5357,Female,Group A,Associate degree,Free/Reduced,,77.0,29.0,45.0,89.7,50.333333333333336,Medium
5358,Female,Group A,Bachelor's degree,Standard,,96.0,77.0,100.0,76.36,91.0,High
5359,Female,Group D,Associate degree,Standard,,49.0,23.0,29.0,64.34,33.666666666666664,Low
5360,Male,Group D,Master's degree,Free/Reduced,,44.0,87.0,78.0,66.92,69.66666666666667,Medium
5361,Female,Group E,High school,Standard,Completed,69.0,34.0,19.0,92.46,40.666666666666664,Low
5362,Male,Group A,Associate degree,Free/Reduced,,85.0,68.0,56.0,70.34,69.66666666666667,Medium
5363,Male,Group A,Some college,Free/Reduced,,16.0,11.0,48.0,70.57,25.0,Low
5364,Female,Group D,Associate degree,Standard,Completed,78.0,83.0,55.0,97.17,72.0,Medium
5365,Female,Group D,Bachelor's degree,Free/Reduced,Completed,38.0,45.0,55.0,86.31,46.0,Low
5366,Male,Group D,Associate degree,Standard,Completed,39.0,68.0,24.0,64.57,43.666666666666664,Low
5367,Male,Group B,Master's degree,Free/Reduced,Completed,27.0,51.0,8.0,65.74,28.666666666666668,Low
5368,Female,Group C,Master's degree,Standard,Completed,1.0,84.0,21.0,70.89,35.333333333333336,Low
5369,Female,Group C,Master's degree,Free/Reduced,Completed,81.0,47.0,76.0,83.76,68.0,Medium
5370,Female,Group A,Some college,Standard,,26.0,66.0,36.0,90.11,42.666666666666664,Low
5371,Female,Group B,Bachelor's degree,Standard,,20.0,92.0,27.0,70.98,46.333333333333336,Low
5372,Male,Group D,High school,Free/Reduced,,86.0,53.0,13.0,94.83,50.666666666666664,Medium
5373,Female,Group A,Some college,Standard,Completed,6.0,88.0,29.0,64.37,41.0,Low
5374,Female,Group B,Some college,Standard,Completed,60.0,51.0,38.0,68.3,49.666666666666664,Low
5375,Female,Group E,High school,Standard,,51.0,35.0,56.0,98.82,47.333333333333336,Low
5376,Male,Group B,Associate degree,Standard,,47.0,51.0,4.0,65.39,34.0,Low
5377,Male,Group A,Associate degree,Standard,Completed,18.0,21.0,11.0,95.52,16.666666666666668,Low
5378,Male,Group C,Associate degree,Standard,Completed,72.0,37.0,34.0,88.16,47.666666666666664,Low
5379,Male,Group D,Bachelor's degree,Free/Reduced,,11.0,98.0,40.0,62.92,49.666666666666664,Low
5380,Female,Group E,Some college,Free/Reduced,,93.0,61.0,62.0,79.35,72.0,Medium
5381,Male,Group B,Master's degree,Free/Reduced,,70.0,64.0,41.0,80.76,58.333333333333336,Medium
5382,Female,Group A,High school,Free/Reduced,,1.0,2.0,64.0,97.29,22.333333333333332,Low
5383,Female,Group A,Some college,Standard,,16.0,87.0,50.0,76.84,51.0,Medium
5384,Female,Group D,Associate degree,Standard,Completed,74.0,7.0,42.0,77.87,41.0,Low
5385,Female,Group A,High school,Free/Reduced,,75.0,38.0,59.0,64.5,57.333333333333336,Medium
5386,Male,Group A,Master's degree,Standard,,2.0,17.0,19.0,85.57,12.666666666666666,Low
5387,Male,Group D,Some college,Free/Reduced,Completed,20.0,2.0,97.0,68.44,39.666666666666664,Low
5388,Male,Group E,Some college,Standard,,77.0,17.0,97.0,63.1,63.666666666666664,Medium
5389,Female,Group C,Bachelor's degree,Standard,Completed,78.0,79.0,62.0,99.88,73.0,Medium
5390,Female,Group C,Some college,Free/Reduced,Completed,50.0,95.0,23.0,70.79,56.0,Medium
5391,Female,Group B,Some college,Standard,,9.0,0.0,91.0,65.64,33.333333333333336,Low
5392,Female,Group E,Master's degree,Free/Reduced,,54.0,25.0,74.0,87.98,51.0,Medium
5393,Female,Group B,Master's degree,Free/Reduced,Completed,35.0,51.0,71.0,92.87,52.333333333333336,Medium
5394,Male,Group C,High school,Free/Reduced,Completed,50.0,11.0,34.0,62.56,31.666666666666668,Low
5395,Female,Group D,Associate degree,Standard,Completed,73.0,37.0,40.0,64.22,50.0,Medium
5396,Male,Group A,Master's degree,Standard,,16.0,84.0,15.0,63.61,38.333333333333336,Low
5397,Female,Group C,High school,Free/Reduced,,88.0,40.0,79.0,61.88,69.0,Medium
5398,Female,Group E,Some college,Standard,,60.0,52.0,50.0,86.38,54.0,Medium
5399,Male,Group C,High school,Free/Reduced,,90.0,12.0,19.0,83.53,40.333333333333336,Low
5400,Male,Group E,High school,Free/Reduced,,96.0,75.0,55.0,86.51,75.33333333333333,High
5401,Female,Group E,High school,Standard,Completed,74.0,12.0,74.0,80.23,53.333333333333336,Medium
5402,Female,Group E,High school,Free/Reduced,,12.0,17.0,7.0,92.7,12.0,Low
5403,Female,Group B,Master's degree,Standard,,64.0,18.0,83.0,81.87,55.0,Medium
5404,Female,Group D,Associate degree,Standard,Completed,94.0,18.0,95.0,96.75,69.0,Medium
5405,Male,Group C,High school,Standard,,96.0,69.0,96.0,79.43,87.0,High
5406,Female,Group D,Bachelor's degree,Free/Reduced,,84.0,47.0,5.0,91.63,45.333333333333336,Low
5407,Male,Group A,Some college,Free/Reduced,,79.0,70.0,91.0,76.29,80.0,High
5408,Female,Group C,Some college,Standard,Completed,86.0,70.0,7.0,77.41,54.333333333333336,Medium
5409,Male,Group D,Some college,Standard,Completed,73.0,27.0,61.0,93.96,53.666666666666664,Medium
5410,Male,Group D,Master's degree,Free/Reduced,,47.0,91.0,13.0,64.31,50.333333333333336,Medium
5411,Female,Group A,Some college,Standard,,96.0,18.0,2.0,82.6,38.666666666666664,Low
5412,Male,Group E,High school,Standard,,85.0,79.0,1.0,89.05,55.0,Medium
5413,Female,Group C,Associate degree,Free/Reduced,Completed,69.0,80.0,21.0,90.02,56.666666666666664,Medium
5414,Male,Group C,Bachelor's degree,Free/Reduced,Completed,46.0,85.0,96.0,83.66,75.66666666666667,High
5415,Female,Group A,Master's degree,Free/Reduced,,99.0,82.0,84.0,77.92,88.33333333333333,High
5416,Male,Group E,Bachelor's degree,Standard,,9.0,47.0,69.0,70.43,41.666666666666664,Low
5417,Female,Group C,Master's degree,Free/Reduced,,56.0,28.0,70.0,96.38,51.333333333333336,Medium
5418,Female,Group C,Master's degree,Free/Reduced,,79.0,47.0,5.0,74.79,43.666666666666664,Low
5419,Male,Group C,Master's degree,Free/Reduced,Completed,12.0,18.0,49.0,91.96,26.333333333333332,Low
5420,Male,Group E,High school,Free/Reduced,Completed,60.0,98.0,43.0,61.27,67.0,Medium
5421,Male,Group A,Some college,Free/Reduced,,57.0,46.0,7.0,69.29,36.666666666666664,Low
5422,Male,Group C,High school,Free/Reduced,Completed,83.0,88.0,23.0,73.82,64.66666666666667,Medium
5423,Female,Group D,Some college,Free/Reduced,Completed,67.0,59.0,26.0,86.86,50.666666666666664,Medium
5424,Male,Group E,Associate degree,Standard,,83.0,51.0,52.0,72.77,62.0,Medium
5425,Female,Group B,Master's degree,Free/Reduced,,85.0,19.0,50.0,61.65,51.333333333333336,Medium
5426,Male,Group A,Bachelor's degree,Standard,,28.0,100.0,27.0,66.95,51.666666666666664,Medium
5427,Female,Group D,Associate degree,Standard,,15.0,18.0,58.0,70.37,30.333333333333332,Low
5428,Female,Group C,Some college,Free/Reduced,Completed,62.0,41.0,68.0,67.04,57.0,Medium
5429,Female,Group B,High school,Standard,,46.0,76.0,82.0,68.15,68.0,Medium
5430,Female,Group A,Bachelor's degree,Free/Reduced,,42.0,75.0,72.0,90.76,63.0,Medium
5431,Male,Group E,Master's degree,Standard,,22.0,48.0,24.0,76.48,31.333333333333332,Low
5432,Male,Group B,Associate degree,Free/Reduced,,29.0,14.0,43.0,76.21,28.666666666666668,Low
5433,Female,Group B,Master's degree,Standard,Completed,56.0,59.0,46.0,98.66,53.666666666666664,Medium
5434,Male,Group D,Some college,Free/Reduced,,29.0,67.0,12.0,77.87,36.0,Low
5435,Male,Group A,Master's degree,Free/Reduced,,66.0,78.0,50.0,97.11,64.66666666666667,Medium
5436,Female,Group D,High school,Standard,Completed,55.0,80.0,52.0,71.96,62.333333333333336,Medium
5437,Male,Group D,Associate degree,Standard,,23.0,26.0,36.0,76.03,28.333333333333332,Low
5438,Male,Group C,Associate degree,Free/Reduced,,100.0,74.0,62.0,75.85,78.66666666666667,High
5439,Male,Group E,High school,Standard,,49.0,54.0,65.0,81.84,56.0,Medium
5440,Female,Group B,Master's degree,Free/Reduced,Completed,95.0,86.0,39.0,83.37,73.33333333333333,Medium
5441,Male,Group A,High school,Standard,,100.0,14.0,77.0,69.93,63.666666666666664,Medium
5442,Female,Group E,Bachelor's degree,Free/Reduced,,75.0,51.0,60.0,91.74,62.0,Medium
5443,Male,Group E,High school,Standard,,7.0,30.0,94.0,79.86,43.666666666666664,Low
5444,Male,Group A,Master's degree,Free/Reduced,Completed,87.0,51.0,5.0,60.28,47.666666666666664,Low
5445,Male,Group E,High school,Standard,,43.0,6.0,24.0,83.65,24.333333333333332,Low
5446,Female,Group C,Some college,Free/Reduced,,79.0,12.0,45.0,91.92,45.333333333333336,Low
5447,Female,Group E,High school,Standard,,95.0,53.0,30.0,70.02,59.333333333333336,Medium
5448,Male,Group C,High school,Free/Reduced,Completed,33.0,12.0,79.0,61.51,41.333333333333336,Low
5449,Female,Group B,Master's degree,Standard,Completed,34.0,19.0,62.0,92.29,38.333333333333336,Low
5450,Male,Group B,Bachelor's degree,Standard,,95.0,97.0,90.0,99.05,94.0,High
5451,Female,Group D,Bachelor's degree,Free/Reduced,,49.0,9.0,93.0,63.06,50.333333333333336,Medium
5452,Female,Group C,Master's degree,Standard,Completed,16.0,51.0,67.0,97.52,44.666666666666664,Low
5453,Male,Group B,Master's degree,Standard,,1.0,36.0,38.0,74.37,25.0,Low
5454,Male,Group E,Master's degree,Free/Reduced,Completed,89.0,51.0,79.0,97.66,73.0,Medium
5455,Male,Group A,Some college,Free/Reduced,Completed,53.0,26.0,35.0,85.95,38.0,Low
5456,Male,Group A,Associate degree,Free/Reduced,Completed,43.0,33.0,6.0,95.61,27.333333333333332,Low
5457,Female,Group C,High school,Free/Reduced,,80.0,99.0,84.0,91.43,87.66666666666667,High
5458,Female,Group D,Master's degree,Standard,Completed,48.0,61.0,65.0,61.12,58.0,Medium
5459,Female,Group E,Master's degree,Standard,Completed,1.0,15.0,54.0,62.62,23.333333333333332,Low
5460,Male,Group C,Master's degree,Standard,,49.0,58.0,71.0,81.03,59.333333333333336,Medium
5461,Male,Group A,Bachelor's degree,Free/Reduced,,49.0,20.0,41.0,65.18,36.666666666666664,Low
5462,Female,Group C,Master's degree,Standard,,8.0,15.0,50.0,78.44,24.333333333333332,Low
5463,Male,Group E,High school,Standard,Completed,49.0,80.0,1.0,98.19,43.333333333333336,Low
5464,Female,Group B,Master's degree,Free/Reduced,Completed,68.0,78.0,50.0,71.79,65.33333333333333,Medium
5465,Female,Group E,High school,Standard,,8.0,12.0,3.0,79.56,7.666666666666667,Low
5466,Female,Group B,Some college,Standard,Completed,13.0,32.0,20.0,75.37,21.666666666666668,Low
5467,Female,Group B,Associate degree,Free/Reduced,,26.0,53.0,0.0,85.19,26.333333333333332,Low
5468,Female,Group B,Bachelor's degree,Standard,,8.0,68.0,37.0,67.75,37.666666666666664,Low
5469,Male,Group C,High school,Free/Reduced,,35.0,26.0,59.0,70.4,40.0,Low
5470,Male,Group A,Some college,Free/Reduced,,92.0,51.0,75.0,94.35,72.66666666666667,Medium
5471,Male,Group C,Associate degree,Standard,,83.0,64.0,90.0,92.45,79.0,High
5472,Female,Group A,Associate degree,Standard,Completed,78.0,43.0,13.0,91.57,44.666666666666664,Low
5473,Female,Group E,Associate degree,Standard,Completed,99.0,29.0,78.0,90.84,68.66666666666667,Medium
5474,Female,Group D,High school,Free/Reduced,,49.0,22.0,87.0,78.38,52.666666666666664,Medium
5475,Female,Group E,Some college,Free/Reduced,Completed,22.0,51.0,81.0,89.16,51.333333333333336,Medium
5476,Male,Group C,Master's degree,Standard,Completed,72.0,99.0,16.0,75.49,62.333333333333336,Medium
5477,Male,Group C,Some college,Standard,,29.0,82.0,72.0,64.03,61.0,Medium
5478,Female,Group A,Some college,Free/Reduced,Completed,18.0,93.0,46.0,75.73,52.333333333333336,Medium
5479,Female,Group C,Some college,Standard,Completed,66.0,51.0,81.0,66.35,66.0,Medium
5480,Female,Group B,High school,Standard,,49.0,54.0,55.0,75.63,52.666666666666664,Medium
5481,Male,Group C,High school,Free/Reduced,Completed,47.0,17.0,52.0,71.9,38.666666666666664,Low
5482,Male,Group A,High school,Standard,Completed,2.0,89.0,17.0,83.97,36.0,Low
5483,Male,Group A,Some college,Standard,Completed,97.0,16.0,68.0,74.46,60.333333333333336,Medium
5484,Female,Group B,High school,Standard,Completed,65.0,74.0,47.0,88.22,62.0,Medium
5485,Female,Group A,Associate degree,Standard,Completed,49.0,51.0,8.0,80.49,36.0,Low
5486,Male,Group D,High school,Free/Reduced,,86.0,44.0,53.0,96.78,61.0,Medium
5487,Female,Group E,Bachelor's degree,Free/Reduced,,95.0,55.0,34.0,63.64,61.333333333333336,Medium
5488,Male,Group C,High school,Free/Reduced,,98.0,92.0,45.0,87.51,78.33333333333333,High
5489,Female,Group D,High school,Free/Reduced,,39.0,53.0,50.0,86.9,47.333333333333336,Low
5490,Male,Group C,High school,Standard,,17.0,8.0,40.0,98.03,21.666666666666668,Low
5491,Female,Group D,High school,Standard,Completed,26.0,16.0,50.0,74.86,30.666666666666668,Low
5492,Male,Group C,Bachelor's degree,Standard,Completed,10.0,26.0,31.0,72.22,22.333333333333332,Low
5493,Male,Group B,Master's degree,Standard,,38.0,36.0,83.0,66.9,52.333333333333336,Medium
5494,Male,Group A,High school,Free/Reduced,,18.0,21.0,76.0,70.61,38.333333333333336,Low
5495,Male,Group A,Associate degree,Standard,,88.0,51.0,39.0,80.08,59.333333333333336,Medium
5496,Male,Group B,Bachelor's degree,Standard,Completed,6.0,66.0,50.0,93.51,40.666666666666664,Low
5497,Male,Group D,Master's degree,Free/Reduced,Completed,94.0,37.0,61.0,71.37,64.0,Medium
5498,Female,Group E,High school,Free/Reduced,Completed,56.0,98.0,45.0,66.31,66.33333333333333,Medium
5499,Female,Group D,Master's degree,Free/Reduced,Completed,1.0,95.0,47.0,70.89,47.666666666666664,Low
5500,Female,Group A,Associate degree,Standard,Completed,37.0,71.0,42.0,64.04,50.0,Medium
5501,Male,Group E,Bachelor's degree,Free/Reduced,Completed,4.0,43.0,50.0,97.07,32.333333333333336,Low
5502,Male,Group C,Bachelor's degree,Standard,,77.0,90.0,60.0,94.9,75.66666666666667,High
5503,Female,Group E,Master's degree,Standard,Completed,81.0,95.0,41.0,72.34,72.33333333333333,Medium
5504,Male,Group D,High school,Free/Reduced,,35.0,35.0,25.0,69.88,31.666666666666668,Low
5505,Male,Group B,Some college,Free/Reduced,,67.0,97.0,10.0,96.22,58.0,Medium
5506,Male,Group C,Bachelor's degree,Free/Reduced,Completed,87.0,24.0,24.0,60.07,45.0,Low
5507,Male,Group D,Some college,Standard,Completed,76.0,94.0,39.0,84.02,69.66666666666667,Medium
5508,Male,Group C,Bachelor's degree,Standard,Completed,84.0,41.0,24.0,96.64,49.666666666666664,Low
5509,Female,Group E,High school,Standard,Completed,56.0,12.0,83.0,80.34,50.333333333333336,Medium
5510,Female,Group A,High school,Free/Reduced,Completed,96.0,55.0,74.0,60.12,75.0,High
5511,Female,Group D,Bachelor's degree,Standard,Completed,19.0,78.0,73.0,68.75,56.666666666666664,Medium
5512,Female,Group B,Master's degree,Standard,Completed,4.0,50.0,51.0,96.9,35.0,Low
5513,Female,Group E,High school,Standard,Completed,23.0,49.0,2.0,60.68,24.666666666666668,Low
5514,Male,Group D,High school,Standard,,98.0,76.0,38.0,75.79,70.66666666666667,Medium
5515,Male,Group B,Associate degree,Free/Reduced,,29.0,51.0,90.0,91.59,56.666666666666664,Medium
5516,Male,Group D,High school,Standard,Completed,27.0,32.0,34.0,93.52,31.0,Low
5517,Male,Group E,Associate degree,Free/Reduced,,52.0,94.0,39.0,79.1,61.666666666666664,Medium
5518,Female,Group D,High school,Free/Reduced,Completed,50.0,24.0,94.0,69.3,56.0,Medium
5519,Female,Group C,High school,Standard,,6.0,57.0,50.0,83.99,37.666666666666664,Low
5520,Female,Group E,Master's degree,Standard,,41.0,39.0,21.0,70.55,33.666666666666664,Low
5521,Male,Group D,Master's degree,Free/Reduced,Completed,34.0,86.0,61.0,70.21,60.333333333333336,Medium
5522,Female,Group A,High school,Standard,Completed,93.0,37.0,18.0,92.3,49.333333333333336,Low
5523,Male,Group D,Bachelor's degree,Free/Reduced,Completed,33.0,2.0,13.0,66.17,16.0,Low
5524,Female,Group C,Bachelor's degree,Standard,,72.0,15.0,100.0,60.22,62.333333333333336,Medium
5525,Female,Group B,High school,Standard,,75.0,1.0,49.0,73.47,41.666666666666664,Low
5526,Male,Group B,Bachelor's degree,Free/Reduced,Completed,53.0,22.0,61.0,79.64,45.333333333333336,Low
5527,Male,Group B,High school,Standard,,28.0,97.0,86.0,88.2,70.33333333333333,Medium
5528,Female,Group A,Master's degree,Free/Reduced,Completed,9.0,29.0,89.0,91.24,42.333333333333336,Low
5529,Female,Group C,Some college,Free/Reduced,,26.0,9.0,42.0,86.54,25.666666666666668,Low
5530,Male,Group E,Associate degree,Standard,Completed,82.0,64.0,54.0,85.06,66.66666666666667,Medium
5531,Female,Group B,Bachelor's degree,Free/Reduced,,12.0,21.0,39.0,86.63,24.0,Low
5532,Female,Group C,Bachelor's degree,Standard,Completed,41.0,51.0,11.0,70.86,34.333333333333336,Low
5533,Male,Group D,Master's degree,Standard,Completed,36.0,55.0,64.0,75.29,51.666666666666664,Medium
5534,Female,Group A,Bachelor's degree,Standard,Completed,60.0,32.0,33.0,84.66,41.666666666666664,Low
5535,Male,Group C,High school,Free/Reduced,,95.0,51.0,82.0,62.62,76.0,High
5536,Female,Group C,High school,Standard,Completed,78.0,85.0,22.0,71.81,61.666666666666664,Medium
5537,Male,Group E,Some college,Standard,,20.0,79.0,70.0,76.26,56.333333333333336,Medium
5538,Female,Group C,Some college,Free/Reduced,Completed,2.0,29.0,6.0,81.34,12.333333333333334,Low
5539,Male,Group E,Some college,Free/Reduced,Completed,7.0,81.0,64.0,79.46,50.666666666666664,Medium
5540,Female,Group A,High school,Free/Reduced,Completed,69.0,23.0,17.0,88.73,36.333333333333336,Low
5541,Male,Group A,Some college,Free/Reduced,,49.0,4.0,7.0,78.94,20.0,Low
5542,Female,Group D,Some college,Standard,,82.0,52.0,88.0,96.17,74.0,Medium
5543,Female,Group E,High school,Standard,,16.0,100.0,41.0,75.21,52.333333333333336,Medium
5544,Female,Group E,Master's degree,Standard,Completed,9.0,54.0,92.0,81.01,51.666666666666664,Medium
5545,Female,Group B,Bachelor's degree,Standard,,96.0,22.0,86.0,60.13,68.0,Medium
5546,Female,Group B,Associate degree,Free/Reduced,Completed,12.0,90.0,92.0,72.42,64.66666666666667,Medium
5547,Female,Group D,High school,Free/Reduced,Completed,49.0,75.0,0.0,94.66,41.333333333333336,Low
5548,Female,Group A,High school,Standard,Completed,11.0,9.0,78.0,73.34,32.666666666666664,Low
5549,Female,Group B,Associate degree,Free/Reduced,Completed,65.0,97.0,14.0,70.13,58.666666666666664,Medium
5550,Female,Group C,Associate degree,Free/Reduced,Completed,73.0,32.0,27.0,81.74,44.0,Low
5551,Male,Group A,Some college,Free/Reduced,,84.0,79.0,35.0,63.15,66.0,Medium
5552,Male,Group C,Associate degree,Free/Reduced,,49.0,92.0,95.0,81.26,78.66666666666667,High
5553,Female,Group E,Bachelor's degree,Free/Reduced,Completed,64.0,61.0,45.0,72.15,56.666666666666664,Medium
5554,Male,Group A,Bachelor's degree,Standard,Completed,96.0,81.0,76.0,75.32,84.33333333333333,High
5555,Female,Group D,Bachelor's degree,Standard,,49.0,51.0,20.0,91.65,40.0,Low
5556,Female,Group E,Bachelor's degree,Free/Reduced,Completed,60.0,6.0,48.0,86.48,38.0,Low
5557,Male,Group E,Bachelor's degree,Free/Reduced,Completed,25.0,99.0,38.0,77.84,54.0,Medium
5558,Female,Group C,Some college,Standard,Completed,14.0,26.0,37.0,83.1,25.666666666666668,Low
5559,Female,Group E,High school,Standard,Completed,21.0,73.0,8.0,90.67,34.0,Low
5560,Male,Group B,Associate degree,Free/Reduced,,88.0,9.0,19.0,89.83,38.666666666666664,Low
5561,Male,Group A,High school,Free/Reduced,Completed,49.0,74.0,83.0,67.41,68.66666666666667,Medium
5562,Female,Group B,Associate degree,Free/Reduced,,25.0,56.0,7.0,72.04,29.333333333333332,Low
5563,Male,Group C,Some college,Standard,,20.0,29.0,13.0,73.93,20.666666666666668,Low
5564,Male,Group C,Some college,Free/Reduced,,23.0,2.0,61.0,67.5,28.666666666666668,Low
5565,Female,Group A,Master's degree,Free/Reduced,,15.0,28.0,83.0,60.49,42.0,Low
5566,Male,Group E,Master's degree,Free/Reduced,Completed,31.0,13.0,34.0,66.96,26.0,Low
5567,Male,Group D,Master's degree,Free/Reduced,Completed,15.0,76.0,54.0,92.33,48.333333333333336,Low
5568,Female,Group C,Some college,Free/Reduced,Completed,76.0,82.0,44.0,81.84,67.33333333333333,Medium
5569,Male,Group A,Associate degree,Free/Reduced,,41.0,24.0,20.0,73.67,28.333333333333332,Low
5570,Male,Group D,Some college,Free/Reduced,,31.0,9.0,52.0,84.33,30.666666666666668,Low
5571,Female,Group E,High school,Free/Reduced,,49.0,78.0,53.0,89.59,60.0,Medium
5572,Female,Group C,Associate degree,Standard,Completed,40.0,91.0,85.0,74.18,72.0,Medium
5573,Female,Group A,Some college,Standard,Completed,23.0,48.0,42.0,78.64,37.666666666666664,Low
5574,Male,Group A,Associate degree,Standard,Completed,12.0,37.0,50.0,62.57,33.0,Low
5575,Female,Group A,Master's degree,Free/Reduced,,74.0,70.0,50.0,83.88,64.66666666666667,Medium
5576,Female,Group C,Bachelor's degree,Standard,,78.0,13.0,43.0,74.26,44.666666666666664,Low
5577,Male,Group D,Master's degree,Standard,Completed,9.0,29.0,90.0,77.34,42.666666666666664,Low
5578,Female,Group A,Associate degree,Standard,,41.0,51.0,67.0,76.9,53.0,Medium
5579,Female,Group E,Associate degree,Standard,,40.0,11.0,3.0,85.3,18.0,Low
5580,Female,Group A,Bachelor's degree,Standard,Completed,2.0,91.0,62.0,82.9,51.666666666666664,Medium
5581,Female,Group D,Some college,Free/Reduced,,54.0,13.0,91.0,76.88,52.666666666666664,Medium
5582,Male,Group C,Associate degree,Standard,,15.0,0.0,90.0,60.68,35.0,Low
5583,Female,Group A,Bachelor's degree,Free/Reduced,Completed,43.0,67.0,57.0,84.84,55.666666666666664,Medium
5584,Female,Group A,High school,Free/Reduced,,80.0,48.0,53.0,95.18,60.333333333333336,Medium
5585,Male,Group E,Bachelor's degree,Standard,,88.0,17.0,80.0,90.78,61.666666666666664,Medium
5586,Female,Group E,Master's degree,Free/Reduced,,29.0,35.0,37.0,99.26,33.666666666666664,Low
5587,Male,Group A,Master's degree,Standard,,98.0,63.0,59.0,65.56,73.33333333333333,Medium
5588,Male,Group A,Some college,Free/Reduced,Completed,36.0,95.0,51.0,68.9,60.666666666666664,Medium
5589,Male,Group E,Some college,Free/Reduced,Completed,59.0,27.0,28.0,81.57,38.0,Low
5590,Female,Group D,Master's degree,Standard,,76.0,91.0,39.0,69.44,68.66666666666667,Medium
5591,Male,Group B,Master's degree,Free/Reduced,Completed,23.0,31.0,70.0,61.38,41.333333333333336,Low
5592,Male,Group B,Associate degree,Free/Reduced,Completed,25.0,71.0,7.0,76.09,34.333333333333336,Low
5593,Male,Group A,Master's degree,Free/Reduced,Completed,57.0,24.0,96.0,71.51,59.0,Medium
5594,Female,Group E,Some college,Free/Reduced,,8.0,46.0,95.0,70.55,49.666666666666664,Low
5595,Female,Group C,Master's degree,Free/Reduced,,60.0,19.0,34.0,98.13,37.666666666666664,Low
5596,Female,Group C,Some college,Free/Reduced,Completed,18.0,32.0,81.0,69.54,43.666666666666664,Low
5597,Female,Group B,High school,Free/Reduced,Completed,27.0,29.0,15.0,65.18,23.666666666666668,Low
5598,Female,Group D,Master's degree,Free/Reduced,Completed,6.0,36.0,17.0,65.01,19.666666666666668,Low
5599,Female,Group B,Some college,Standard,Completed,44.0,79.0,58.0,92.25,60.333333333333336,Medium
5600,Female,Group A,Bachelor's degree,Free/Reduced,,85.0,52.0,88.0,88.59,75.0,High
5601,Male,Group D,Associate degree,Standard,Completed,93.0,88.0,33.0,65.18,71.33333333333333,Medium
5602,Male,Group C,Some college,Standard,,62.0,73.0,3.0,68.79,46.0,Low
5603,Male,Group E,Master's degree,Free/Reduced,,36.0,68.0,68.0,89.89,57.333333333333336,Medium
5604,Male,Group E,Master's degree,Free/Reduced,,15.0,7.0,77.0,70.98,33.0,Low
5605,Female,Group A,High school,Standard,,99.0,96.0,64.0,99.26,86.33333333333333,High
5606,Male,Group B,Bachelor's degree,Standard,,4.0,100.0,60.0,81.62,54.666666666666664,Medium
5607,Male,Group A,Some college,Standard,,28.0,0.0,85.0,67.68,37.666666666666664,Low
5608,Male,Group E,Bachelor's degree,Free/Reduced,,51.0,94.0,45.0,94.35,63.333333333333336,Medium
5609,Male,Group C,High school,Free/Reduced,Completed,22.0,6.0,20.0,72.78,16.0,Low
5610,Female,Group E,Associate degree,Free/Reduced,,5.0,61.0,76.0,71.55,47.333333333333336,Low
5611,Female,Group D,Bachelor's degree,Standard,Completed,35.0,51.0,99.0,73.1,61.666666666666664,Medium
5612,Female,Group E,High school,Free/Reduced,Completed,56.0,57.0,92.0,90.73,68.33333333333333,Medium
5613,Male,Group E,Some college,Free/Reduced,Completed,32.0,87.0,50.0,66.93,56.333333333333336,Medium
5614,Female,Group D,Associate degree,Free/Reduced,Completed,48.0,77.0,72.0,75.27,65.66666666666667,Medium
5615,Male,Group B,Master's degree,Free/Reduced,Completed,49.0,86.0,96.0,61.23,77.0,High
5616,Female,Group E,High school,Standard,,79.0,72.0,85.0,93.07,78.66666666666667,High
5617,Female,Group A,Master's degree,Free/Reduced,,54.0,7.0,80.0,73.63,47.0,Low
5618,Female,Group E,Associate degree,Free/Reduced,Completed,97.0,63.0,59.0,69.93,73.0,Medium
5619,Female,Group A,High school,Standard,Completed,25.0,7.0,86.0,83.2,39.333333333333336,Low
5620,Female,Group D,Master's degree,Free/Reduced,Completed,36.0,2.0,35.0,88.2,24.333333333333332,Low
5621,Male,Group E,Associate degree,Standard,,76.0,57.0,5.0,92.52,46.0,Low
5622,Female,Group D,Some college,Standard,Completed,16.0,31.0,38.0,73.91,28.333333333333332,Low
5623,Male,Group D,High school,Free/Reduced,,95.0,67.0,28.0,92.49,63.333333333333336,Medium
5624,Male,Group B,Associate degree,Standard,,31.0,48.0,26.0,78.6,35.0,Low
5625,Male,Group E,Bachelor's degree,Free/Reduced,Completed,27.0,37.0,68.0,64.05,44.0,Low
5626,Male,Group A,Master's degree,Standard,,92.0,1.0,8.0,93.85,33.666666666666664,Low
5627,Male,Group A,High school,Standard,,49.0,8.0,23.0,81.91,26.666666666666668,Low
5628,Female,Group E,Bachelor's degree,Free/Reduced,,46.0,45.0,62.0,84.1,51.0,Medium
5629,Female,Group B,High school,Standard,Completed,21.0,64.0,18.0,97.5,34.333333333333336,Low
5630,Female,Group B,Some college,Free/Reduced,Completed,90.0,48.0,96.0,82.37,78.0,High
5631,Female,Group B,Associate degree,Free/Reduced,Completed,60.0,74.0,29.0,60.22,54.333333333333336,Medium
5632,Male,Group A,High school,Free/Reduced,Completed,43.0,28.0,57.0,94.82,42.666666666666664,Low
5633,Female,Group D,Associate degree,Free/Reduced,Completed,19.0,89.0,39.0,71.39,49.0,Low
5634,Female,Group B,High school,Standard,Completed,49.0,90.0,67.0,80.07,68.66666666666667,Medium
5635,Male,Group A,Some college,Free/Reduced,Completed,87.0,28.0,31.0,68.2,48.666666666666664,Low
5636,Male,Group A,Some college,Standard,Completed,46.0,32.0,64.0,71.88,47.333333333333336,Low
5637,Female,Group D,Bachelor's degree,Free/Reduced,,46.0,27.0,33.0,87.47,35.333333333333336,Low
5638,Female,Group E,Some college,Standard,Completed,71.0,94.0,84.0,77.18,83.0,High
5639,Male,Group E,Associate degree,Standard,,49.0,82.0,30.0,85.09,53.666666666666664,Medium
5640,Female,Group B,Some college,Standard,,54.0,25.0,58.0,92.94,45.666666666666664,Low
5641,Female,Group B,High school,Standard,Completed,77.0,28.0,77.0,73.63,60.666666666666664,Medium
5642,Female,Group D,Some college,Free/Reduced,,38.0,10.0,25.0,82.73,24.333333333333332,Low
5643,Female,Group B,Associate degree,Free/Reduced,,13.0,95.0,21.0,91.1,43.0,Low
5644,Male,Group D,High school,Standard,Completed,68.0,84.0,33.0,88.6,61.666666666666664,Medium
5645,Male,Group A,Bachelor's degree,Standard,,46.0,33.0,96.0,81.59,58.333333333333336,Medium
5646,Male,Group B,Bachelor's degree,Free/Reduced,Completed,20.0,85.0,12.0,75.34,39.0,Low
5647,Female,Group A,Bachelor's degree,Standard,,14.0,47.0,95.0,76.3,52.0,Medium
5648,Female,Group C,High school,Standard,,99.0,26.0,54.0,77.33,59.666666666666664,Medium
5649,Female,Group D,Bachelor's degree,Free/Reduced,Completed,96.0,71.0,7.0,73.95,58.0,Medium
5650,Female,Group C,Some college,Standard,,80.0,39.0,61.0,87.96,60.0,Medium
5651,Female,Group B,High school,Standard,,83.0,30.0,21.0,65.02,44.666666666666664,Low
5652,Male,Group A,High school,Free/Reduced,Completed,0.0,64.0,55.0,98.7,39.666666666666664,Low
5653,Female,Group B,High school,Standard,Completed,79.0,38.0,83.0,91.16,66.66666666666667,Medium
5654,Female,Group C,Master's degree,Free/Reduced,,81.0,97.0,20.0,71.93,66.0,Medium
5655,Male,Group B,Associate degree,Free/Reduced,,9.0,23.0,97.0,61.7,43.0,Low
5656,Female,Group E,Master's degree,Free/Reduced,Completed,22.0,91.0,48.0,88.45,53.666666666666664,Medium
5657,Male,Group C,Master's degree,Free/Reduced,,17.0,67.0,93.0,89.37,59.0,Medium
5658,Male,Group B,Master's degree,Standard,Completed,49.0,81.0,5.0,98.54,45.0,Low
5659,Male,Group A,Associate degree,Free/Reduced,Completed,72.0,92.0,34.0,70.15,66.0,Medium
5660,Male,Group B,Master's degree,Free/Reduced,Completed,93.0,22.0,26.0,63.31,47.0,Low
5661,Male,Group A,Bachelor's degree,Standard,,76.0,100.0,83.0,96.61,86.33333333333333,High
5662,Female,Group E,High school,Free/Reduced,,51.0,60.0,39.0,70.35,50.0,Medium
5663,Male,Group B,High school,Standard,,94.0,26.0,13.0,88.86,44.333333333333336,Low
5664,Male,Group E,Some college,Free/Reduced,Completed,49.0,15.0,73.0,62.43,45.666666666666664,Low
5665,Female,Group C,Master's degree,Free/Reduced,,12.0,44.0,51.0,90.42,35.666666666666664,Low
5666,Female,Group A,Associate degree,Free/Reduced,Completed,95.0,26.0,78.0,65.08,66.33333333333333,Medium
5667,Male,Group C,High school,Free/Reduced,,16.0,72.0,50.0,87.82,46.0,Low
5668,Female,Group A,Master's degree,Standard,Completed,66.0,4.0,42.0,81.29,37.333333333333336,Low
5669,Female,Group E,Some college,Standard,Completed,60.0,58.0,57.0,98.22,58.333333333333336,Medium
5670,Male,Group D,Some college,Standard,,64.0,71.0,2.0,61.48,45.666666666666664,Low
5671,Male,Group B,High school,Free/Reduced,Completed,52.0,81.0,14.0,71.68,49.0,Low
5672,Female,Group E,Bachelor's degree,Free/Reduced,,4.0,51.0,44.0,62.78,33.0,Low
5673,Male,Group A,Some college,Free/Reduced,,31.0,69.0,94.0,95.17,64.66666666666667,Medium
5674,Male,Group A,High school,Standard,,88.0,86.0,10.0,83.76,61.333333333333336,Medium
5675,Female,Group A,Bachelor's degree,Free/Reduced,,44.0,45.0,50.0,81.4,46.333333333333336,Low
5676,Male,Group A,High school,Standard,,55.0,89.0,18.0,65.26,54.0,Medium
5677,Male,Group B,High school,Standard,Completed,4.0,55.0,78.0,79.56,45.666666666666664,Low
5678,Male,Group C,Bachelor's degree,Standard,,100.0,23.0,19.0,75.95,47.333333333333336,Low
5679,Male,Group D,Bachelor's degree,Free/Reduced,Completed,86.0,51.0,85.0,72.63,74.0,Medium
5680,Male,Group B,Bachelor's degree,Free/Reduced,,75.0,78.0,70.0,90.89,74.33333333333333,Medium
5681,Female,Group A,High school,Free/Reduced,Completed,33.0,37.0,55.0,62.45,41.666666666666664,Low
5682,Female,Group B,Some college,Free/Reduced,Completed,60.0,83.0,77.0,85.87,73.33333333333333,Medium
5683,Male,Group E,Associate degree,Standard,,86.0,92.0,3.0,92.92,60.333333333333336,Medium
5684,Female,Group A,Associate degree,Standard,Completed,79.0,69.0,8.0,96.29,52.0,Medium
5685,Male,Group D,High school,Free/Reduced,,61.0,47.0,24.0,89.84,44.0,Low
5686,Male,Group A,High school,Free/Reduced,,68.0,8.0,46.0,71.3,40.666666666666664,Low
5687,Male,Group D,Some college,Free/Reduced,,62.0,49.0,50.0,84.02,53.666666666666664,Medium
5688,Male,Group D,Bachelor's degree,Standard,Completed,43.0,68.0,100.0,65.66,70.33333333333333,Medium
5689,Male,Group C,High school,Free/Reduced,Completed,27.0,47.0,50.0,64.68,41.333333333333336,Low
5690,Female,Group C,Master's degree,Standard,Completed,69.0,38.0,26.0,85.54,44.333333333333336,Low
5691,Female,Group B,Bachelor's degree,Standard,Completed,12.0,82.0,50.0,94.04,48.0,Low
5692,Male,Group B,High school,Standard,,42.0,4.0,50.0,62.69,32.0,Low
5693,Female,Group D,Master's degree,Standard,,29.0,83.0,96.0,64.24,69.33333333333333,Medium
5694,Male,Group A,Some college,Standard,Completed,25.0,10.0,96.0,82.62,43.666666666666664,Low
5695,Female,Group E,Master's degree,Standard,Completed,80.0,59.0,61.0,68.73,66.66666666666667,Medium
5696,Male,Group E,High school,Standard,,62.0,26.0,15.0,84.47,34.333333333333336,Low
5697,Female,Group A,Associate degree,Free/Reduced,Completed,72.0,92.0,86.0,68.58,83.33333333333333,High
5698,Male,Group A,Master's degree,Free/Reduced,,56.0,6.0,45.0,64.66,35.666666666666664,Low
5699,Male,Group C,Associate degree,Free/Reduced,Completed,63.0,59.0,74.0,81.82,65.33333333333333,Medium
5700,Female,Group E,Some college,Standard,Completed,79.0,49.0,45.0,94.49,57.666666666666664,Medium
5701,Female,Group D,Some college,Standard,Completed,48.0,66.0,39.0,87.4,51.0,Medium
5702,Male,Group B,Bachelor's degree,Free/Reduced,,51.0,68.0,82.0,92.75,67.0,Medium
5703,Female,Group C,Bachelor's degree,Standard,,62.0,54.0,33.0,70.65,49.666666666666664,Low
5704,Male,Group E,Associate degree,Standard,Completed,81.0,76.0,86.0,95.44,81.0,High
5705,Female,Group A,Associate degree,Standard,Completed,12.0,15.0,9.0,75.08,12.0,Low
5706,Female,Group E,Some college,Standard,Completed,92.0,11.0,100.0,94.1,67.66666666666667,Medium
5707,Male,Group D,Master's degree,Standard,Completed,87.0,26.0,0.0,78.85,37.666666666666664,Low
5708,Female,Group C,Associate degree,Standard,Completed,44.0,51.0,65.0,70.71,53.333333333333336,Medium
5709,Female,Group A,Associate degree,Standard,Completed,45.0,78.0,85.0,70.41,69.33333333333333,Medium
5710,Male,Group D,Master's degree,Standard,Completed,76.0,84.0,50.0,82.71,70.0,Medium
5711,Female,Group B,Bachelor's degree,Standard,Completed,88.0,80.0,46.0,63.16,71.33333333333333,Medium
5712,Male,Group C,Bachelor's degree,Standard,,40.0,54.0,23.0,97.2,39.0,Low
5713,Male,Group D,Associate degree,Standard,,45.0,51.0,50.0,70.86,48.666666666666664,Low
5714,Male,Group D,Bachelor's degree,Standard,,0.0,36.0,84.0,73.42,40.0,Low
5715,Male,Group A,Bachelor's degree,Free/Reduced,,72.0,14.0,28.0,69.33,38.0,Low
5716,Male,Group B,Bachelor's degree,Standard,Completed,67.0,83.0,50.0,60.12,66.66666666666667,Medium
5717,Female,Group D,Some college,Standard,,91.0,82.0,71.0,87.7,81.33333333333333,High
5718,Male,Group C,High school,Free/Reduced,,11.0,64.0,93.0,83.62,56.0,Medium
5719,Male,Group D,Associate degree,Free/Reduced,Completed,87.0,67.0,85.0,92.39,79.66666666666667,High
5720,Female,Group E,Associate degree,Free/Reduced,,72.0,2.0,86.0,61.64,53.333333333333336,Medium
5721,Female,Group C,Some college,Standard,,34.0,51.0,12.0,97.15,32.333333333333336,Low
5722,Female,Group C,High school,Standard,,98.0,4.0,63.0,73.24,55.0,Medium
5723,Male,Group D,High school,Free/Reduced,,32.0,8.0,27.0,96.52,22.333333333333332,Low
5724,Male,Group A,Some college,Free/Reduced,,57.0,0.0,50.0,64.29,35.666666666666664,Low
5725,Male,Group C,Master's degree,Free/Reduced,Completed,34.0,51.0,4.0,89.76,29.666666666666668,Low
5726,Female,Group E,Master's degree,Standard,Completed,45.0,70.0,73.0,83.17,62.666666666666664,Medium
5727,Male,Group A,High school,Standard,Completed,83.0,85.0,8.0,74.33,58.666666666666664,Medium
5728,Female,Group A,Master's degree,Free/Reduced,,65.0,19.0,13.0,63.17,32.333333333333336,Low
5729,Male,Group A,Master's degree,Standard,,43.0,92.0,9.0,84.19,48.0,Low
5730,Female,Group C,Master's degree,Standard,,25.0,26.0,32.0,61.06,27.666666666666668,Low
5731,Male,Group A,High school,Free/Reduced,Completed,41.0,88.0,74.0,80.05,67.66666666666667,Medium
5732,Male,Group D,Master's degree,Free/Reduced,,76.0,98.0,39.0,84.17,71.0,Medium
5733,Male,Group A,Associate degree,Free/Reduced,,29.0,90.0,5.0,89.3,41.333333333333336,Low
5734,Female,Group E,High school,Standard,,31.0,62.0,50.0,99.65,47.666666666666664,Low
5735,Female,Group B,Some college,Standard,,35.0,74.0,35.0,70.4,48.0,Low
5736,Male,Group E,Master's degree,Standard,Completed,18.0,80.0,69.0,72.9,55.666666666666664,Medium
5737,Male,Group C,Bachelor's degree,Standard,Completed,21.0,30.0,60.0,73.65,37.0,Low
5738,Male,Group A,High school,Standard,,64.0,81.0,73.0,89.26,72.66666666666667,Medium
5739,Female,Group A,Some college,Free/Reduced,Completed,56.0,18.0,48.0,97.27,40.666666666666664,Low
5740,Male,Group D,Associate degree,Standard,Completed,10.0,92.0,68.0,98.97,56.666666666666664,Medium
5741,Male,Group A,Some college,Standard,Completed,25.0,78.0,82.0,97.83,61.666666666666664,Medium
5742,Male,Group E,Master's degree,Free/Reduced,,47.0,61.0,70.0,95.18,59.333333333333336,Medium
5743,Male,Group C,Bachelor's degree,Free/Reduced,Completed,18.0,6.0,23.0,99.64,15.666666666666666,Low
5744,Female,Group B,Master's degree,Free/Reduced,Completed,82.0,100.0,50.0,75.04,77.33333333333333,High
5745,Female,Group A,Some college,Free/Reduced,,11.0,51.0,41.0,97.93,34.333333333333336,Low
5746,Male,Group B,High school,Standard,Completed,66.0,70.0,18.0,90.44,51.333333333333336,Medium
5747,Male,Group A,Bachelor's degree,Standard,Completed,55.0,85.0,61.0,66.74,67.0,Medium
5748,Female,Group C,Bachelor's degree,Free/Reduced,Completed,17.0,75.0,74.0,61.82,55.333333333333336,Medium
5749,Female,Group E,Some college,Standard,,4.0,7.0,66.0,68.58,25.666666666666668,Low
5750,Male,Group C,Master's degree,Free/Reduced,,23.0,56.0,50.0,91.15,43.0,Low
5751,Female,Group B,Some college,Standard,Completed,77.0,81.0,37.0,85.27,65.0,Medium
5752,Female,Group A,Bachelor's degree,Standard,,37.0,27.0,5.0,68.97,23.0,Low
5753,Male,Group B,Some college,Standard,,66.0,81.0,98.0,89.68,81.66666666666667,High
5754,Female,Group E,Bachelor's degree,Free/Reduced,,69.0,51.0,21.0,65.65,47.0,Low
5755,Female,Group C,Master's degree,Free/Reduced,Completed,75.0,16.0,10.0,92.87,33.666666666666664,Low
5756,Male,Group B,High school,Standard,Completed,51.0,86.0,50.0,91.77,62.333333333333336,Medium
5757,Male,Group B,High school,Standard,,74.0,10.0,90.0,98.9,58.0,Medium
5758,Female,Group E,Some college,Free/Reduced,Completed,38.0,14.0,28.0,66.01,26.666666666666668,Low
5759,Male,Group A,Bachelor's degree,Free/Reduced,,58.0,29.0,7.0,96.26,31.333333333333332,Low
5760,Female,Group B,High school,Standard,,25.0,94.0,86.0,73.64,68.33333333333333,Medium
5761,Male,Group E,Bachelor's degree,Standard,Completed,64.0,5.0,92.0,76.64,53.666666666666664,Medium
5762,Female,Group A,Master's degree,Free/Reduced,,79.0,11.0,79.0,78.74,56.333333333333336,Medium
5763,Male,Group A,Some college,Standard,,47.0,86.0,34.0,85.08,55.666666666666664,Medium
5764,Female,Group C,Bachelor's degree,Free/Reduced,,52.0,60.0,71.0,99.79,61.0,Medium
5765,Female,Group E,Some college,Free/Reduced,,8.0,35.0,71.0,84.0,38.0,Low
5766,Female,Group A,Bachelor's degree,Standard,Completed,4.0,34.0,44.0,97.07,27.333333333333332,Low
5767,Male,Group C,Bachelor's degree,Standard,,71.0,66.0,50.0,70.2,62.333333333333336,Medium
5768,Male,Group D,Master's degree,Standard,Completed,60.0,91.0,4.0,75.94,51.666666666666664,Medium
5769,Female,Group E,Some college,Free/Reduced,,20.0,78.0,61.0,80.18,53.0,Medium
5770,Female,Group D,Associate degree,Free/Reduced,Completed,96.0,76.0,50.0,72.92,74.0,Medium
5771,Male,Group A,Bachelor's degree,Free/Reduced,,62.0,62.0,16.0,99.07,46.666666666666664,Low
5772,Male,Group E,Bachelor's degree,Standard,,19.0,82.0,50.0,89.03,50.333333333333336,Medium
5773,Male,Group C,High school,Standard,Completed,57.0,39.0,77.0,79.16,57.666666666666664,Medium
5774,Male,Group A,Some college,Free/Reduced,Completed,44.0,81.0,31.0,90.05,52.0,Medium
5775,Male,Group E,Associate degree,Free/Reduced,,21.0,30.0,13.0,78.7,21.333333333333332,Low
5776,Male,Group E,Master's degree,Standard,,76.0,36.0,19.0,60.69,43.666666666666664,Low
5777,Female,Group D,Associate degree,Free/Reduced,,74.0,84.0,21.0,81.73,59.666666666666664,Medium
5778,Male,Group A,Master's degree,Standard,,81.0,4.0,29.0,85.01,38.0,Low
5779,Female,Group C,Associate degree,Standard,,62.0,80.0,50.0,99.25,64.0,Medium
5780,Male,Group C,Associate degree,Free/Reduced,Completed,29.0,82.0,32.0,61.63,47.666666666666664,Low
5781,Male,Group A,Some college,Free/Reduced,Completed,62.0,3.0,4.0,80.48,23.0,Low
5782,Female,Group A,High school,Free/Reduced,,96.0,25.0,17.0,63.93,46.0,Low
5783,Female,Group B,Associate degree,Free/Reduced,Completed,43.0,23.0,50.0,65.96,38.666666666666664,Low
5784,Male,Group D,Bachelor's degree,Free/Reduced,Completed,66.0,38.0,45.0,84.42,49.666666666666664,Low
5785,Female,Group A,Bachelor's degree,Standard,,57.0,55.0,6.0,69.26,39.333333333333336,Low
5786,Female,Group A,Bachelor's degree,Free/Reduced,Completed,64.0,53.0,28.0,89.97,48.333333333333336,Low
5787,Female,Group B,High school,Standard,,35.0,37.0,56.0,80.57,42.666666666666664,Low
5788,Female,Group B,Associate degree,Free/Reduced,Completed,5.0,53.0,46.0,68.73,34.666666666666664,Low
5789,Male,Group E,Master's degree,Free/Reduced,Completed,36.0,18.0,8.0,79.75,20.666666666666668,Low
5790,Female,Group C,Master's degree,Free/Reduced,Completed,92.0,93.0,58.0,60.04,81.0,High
5791,Male,Group D,Some college,Free/Reduced,Completed,74.0,25.0,70.0,94.51,56.333333333333336,Medium
5792,Male,Group E,High school,Free/Reduced,Completed,54.0,51.0,70.0,60.51,58.333333333333336,Medium
5793,Male,Group A,Associate degree,Free/Reduced,,76.0,51.0,42.0,60.28,56.333333333333336,Medium
5794,Male,Group B,Bachelor's degree,Standard,Completed,74.0,60.0,50.0,84.46,61.333333333333336,Medium
5795,Female,Group C,High school,Free/Reduced,,58.0,66.0,5.0,98.94,43.0,Low
5796,Female,Group E,Master's degree,Free/Reduced,Completed,37.0,21.0,52.0,94.24,36.666666666666664,Low
5797,Male,Group C,Associate degree,Free/Reduced,Completed,24.0,16.0,63.0,70.08,34.333333333333336,Low
5798,Male,Group B,Some college,Free/Reduced,Completed,78.0,10.0,90.0,67.87,59.333333333333336,Medium
5799,Male,Group E,Some college,Standard,,76.0,38.0,3.0,85.04,39.0,Low
5800,Male,Group E,Some college,Standard,Completed,32.0,60.0,0.0,92.91,30.666666666666668,Low
5801,Female,Group C,Bachelor's degree,Standard,Completed,12.0,90.0,69.0,74.48,57.0,Medium
5802,Male,Group B,Bachelor's degree,Standard,,37.0,48.0,30.0,77.29,38.333333333333336,Low
5803,Female,Group A,Associate degree,Standard,,57.0,92.0,64.0,64.62,71.0,Medium
5804,Male,Group E,Some college,Standard,,87.0,60.0,68.0,66.11,71.66666666666667,Medium
5805,Male,Group A,Associate degree,Free/Reduced,Completed,19.0,11.0,18.0,82.73,16.0,Low
5806,Male,Group B,Some college,Free/Reduced,Completed,16.0,12.0,68.0,64.11,32.0,Low
5807,Male,Group E,High school,Standard,Completed,23.0,57.0,68.0,68.08,49.333333333333336,Low
5808,Female,Group E,Master's degree,Free/Reduced,Completed,25.0,51.0,48.0,69.39,41.333333333333336,Low
5809,Female,Group A,Master's degree,Free/Reduced,,39.0,63.0,30.0,77.76,44.0,Low
5810,Female,Group D,Some college,Free/Reduced,,31.0,30.0,59.0,61.82,40.0,Low
5811,Male,Group A,Associate degree,Free/Reduced,Completed,92.0,10.0,70.0,79.99,57.333333333333336,Medium
5812,Male,Group A,Bachelor's degree,Free/Reduced,,77.0,42.0,78.0,97.15,65.66666666666667,Medium
5813,Female,Group D,Some college,Standard,,36.0,35.0,54.0,60.98,41.666666666666664,Low
5814,Female,Group B,Some college,Standard,,85.0,1.0,76.0,85.24,54.0,Medium
5815,Male,Group B,Bachelor's degree,Standard,Completed,97.0,86.0,75.0,93.43,86.0,High
5816,Male,Group E,Some college,Standard,,90.0,60.0,82.0,72.5,77.33333333333333,High
5817,Female,Group C,High school,Standard,Completed,91.0,35.0,76.0,65.26,67.33333333333333,Medium
5818,Male,Group C,Bachelor's degree,Standard,Completed,85.0,77.0,90.0,61.73,84.0,High
5819,Male,Group E,High school,Free/Reduced,Completed,59.0,100.0,37.0,85.76,65.33333333333333,Medium
5820,Female,Group C,Master's degree,Standard,,49.0,48.0,32.0,82.09,43.0,Low
5821,Male,Group A,Bachelor's degree,Free/Reduced,,57.0,26.0,5.0,69.17,29.333333333333332,Low
5822,Female,Group A,Bachelor's degree,Free/Reduced,,66.0,11.0,50.0,93.26,42.333333333333336,Low
5823,Male,Group D,Associate degree,Standard,,21.0,57.0,76.0,89.42,51.333333333333336,Medium
5824,Female,Group D,Associate degree,Standard,Completed,57.0,92.0,76.0,71.06,75.0,High
5825,Male,Group E,Bachelor's degree,Standard,Completed,84.0,5.0,19.0,90.13,36.0,Low
5826,Female,Group E,Master's degree,Free/Reduced,Completed,79.0,43.0,99.0,69.8,73.66666666666667,Medium
5827,Female,Group E,Some college,Standard,,72.0,46.0,36.0,87.01,51.333333333333336,Medium
5828,Female,Group A,Associate degree,Standard,,76.0,22.0,44.0,64.74,47.333333333333336,Low
5829,Female,Group C,Master's degree,Standard,,73.0,73.0,72.0,87.69,72.66666666666667,Medium
5830,Male,Group E,Master's degree,Free/Reduced,Completed,48.0,97.0,80.0,69.55,75.0,High
5831,Male,Group E,Associate degree,Standard,Completed,84.0,75.0,98.0,82.9,85.66666666666667,High
5832,Female,Group A,Some college,Standard,,48.0,95.0,58.0,66.9,67.0,Medium
5833,Male,Group A,Associate degree,Free/Reduced,Completed,41.0,25.0,51.0,89.04,39.0,Low
5834,Male,Group A,Master's degree,Free/Reduced,Completed,39.0,6.0,17.0,62.44,20.666666666666668,Low
5835,Male,Group C,High school,Free/Reduced,,70.0,31.0,24.0,66.62,41.666666666666664,Low
5836,Male,Group E,Associate degree,Standard,,45.0,32.0,78.0,67.37,51.666666666666664,Medium
5837,Male,Group B,Master's degree,Standard,Completed,21.0,81.0,86.0,61.65,62.666666666666664,Medium
5838,Female,Group B,Associate degree,Free/Reduced,,81.0,98.0,0.0,89.8,59.666666666666664,Medium
5839,Female,Group E,Master's degree,Standard,Completed,20.0,19.0,40.0,99.24,26.333333333333332,Low
5840,Female,Group E,Some college,Free/Reduced,,50.0,94.0,17.0,91.14,53.666666666666664,Medium
5841,Female,Group E,Master's degree,Free/Reduced,Completed,13.0,68.0,0.0,94.43,27.0,Low
5842,Male,Group E,Bachelor's degree,Free/Reduced,,73.0,95.0,38.0,60.24,68.66666666666667,Medium
5843,Male,Group C,High school,Free/Reduced,,96.0,51.0,73.0,64.71,73.33333333333333,Medium
5844,Female,Group B,Master's degree,Free/Reduced,,8.0,41.0,30.0,82.36,26.333333333333332,Low
5845,Male,Group D,Associate degree,Standard,Completed,17.0,82.0,70.0,99.11,56.333333333333336,Medium
5846,Male,Group B,Associate degree,Standard,Completed,12.0,51.0,37.0,86.43,33.333333333333336,Low
5847,Female,Group B,Master's degree,Standard,,16.0,62.0,7.0,74.97,28.333333333333332,Low
5848,Male,Group A,Bachelor's degree,Standard,Completed,86.0,6.0,33.0,65.85,41.666666666666664,Low
5849,Female,Group E,Master's degree,Free/Reduced,Completed,24.0,57.0,72.0,66.11,51.0,Medium
5850,Female,Group E,Some college,Standard,,53.0,85.0,88.0,74.51,75.33333333333333,High
5851,Male,Group E,Bachelor's degree,Free/Reduced,,15.0,49.0,26.0,88.55,30.0,Low
5852,Male,Group A,Master's degree,Free/Reduced,,23.0,33.0,40.0,61.27,32.0,Low
5853,Female,Group C,High school,Standard,Completed,94.0,50.0,50.0,94.09,64.66666666666667,Medium
5854,Female,Group C,Bachelor's degree,Standard,,74.0,9.0,31.0,97.66,38.0,Low
5855,Male,Group D,Master's degree,Free/Reduced,Completed,22.0,25.0,72.0,95.55,39.666666666666664,Low
5856,Female,Group C,High school,Standard,Completed,40.0,31.0,80.0,96.52,50.333333333333336,Medium
5857,Female,Group C,Master's degree,Standard,Completed,85.0,41.0,98.0,60.61,74.66666666666667,Medium
5858,Female,Group E,Some college,Standard,,32.0,90.0,15.0,99.11,45.666666666666664,Low
5859,Male,Group B,Associate degree,Standard,,49.0,61.0,1.0,74.65,37.0,Low
5860,Female,Group C,Master's degree,Free/Reduced,Completed,47.0,11.0,42.0,94.77,33.333333333333336,Low
5861,Male,Group C,Bachelor's degree,Free/Reduced,Completed,17.0,39.0,30.0,67.47,28.666666666666668,Low
5862,Female,Group A,Master's degree,Standard,,62.0,86.0,79.0,77.86,75.66666666666667,High
5863,Male,Group D,Master's degree,Free/Reduced,,77.0,77.0,46.0,61.77,66.66666666666667,Medium
5864,Female,Group A,Master's degree,Free/Reduced,,91.0,33.0,32.0,61.6,52.0,Medium
5865,Male,Group E,Master's degree,Standard,,10.0,80.0,84.0,97.73,58.0,Medium
5866,Male,Group B,Bachelor's degree,Standard,,23.0,69.0,16.0,92.42,36.0,Low
5867,Male,Group D,Bachelor's degree,Free/Reduced,,60.0,26.0,98.0,81.19,61.333333333333336,Medium
5868,Female,Group A,Master's degree,Free/Reduced,,63.0,7.0,53.0,81.02,41.0,Low
5869,Female,Group C,Associate degree,Free/Reduced,,35.0,96.0,53.0,89.95,61.333333333333336,Medium
5870,Female,Group C,Master's degree,Standard,,82.0,98.0,50.0,73.67,76.66666666666667,High
5871,Male,Group D,Bachelor's degree,Free/Reduced,Completed,76.0,46.0,51.0,90.47,57.666666666666664,Medium
5872,Female,Group C,Some college,Free/Reduced,,96.0,80.0,6.0,79.4,60.666666666666664,Medium
5873,Male,Group A,Master's degree,Standard,,52.0,25.0,53.0,85.52,43.333333333333336,Low
5874,Female,Group A,Master's degree,Free/Reduced,Completed,49.0,56.0,92.0,98.59,65.66666666666667,Medium
5875,Male,Group C,Master's degree,Standard,,46.0,6.0,10.0,78.85,20.666666666666668,Low
5876,Male,Group C,Master's degree,Standard,,51.0,87.0,61.0,76.74,66.33333333333333,Medium
5877,Male,Group E,High school,Free/Reduced,Completed,49.0,88.0,29.0,96.23,55.333333333333336,Medium
5878,Female,Group B,Master's degree,Standard,,78.0,98.0,81.0,96.1,85.66666666666667,High
5879,Female,Group D,Bachelor's degree,Standard,Completed,56.0,25.0,56.0,99.7,45.666666666666664,Low
5880,Female,Group A,Bachelor's degree,Free/Reduced,Completed,74.0,58.0,45.0,82.03,59.0,Medium
5881,Male,Group D,High school,Standard,,22.0,68.0,79.0,73.77,56.333333333333336,Medium
5882,Male,Group E,Master's degree,Free/Reduced,Completed,58.0,51.0,69.0,69.62,59.333333333333336,Medium
5883,Female,Group A,Associate degree,Standard,Completed,68.0,34.0,65.0,61.36,55.666666666666664,Medium
5884,Female,Group E,Master's degree,Standard,Completed,55.0,29.0,54.0,89.07,46.0,Low
5885,Female,Group E,Bachelor's degree,Free/Reduced,Completed,85.0,49.0,57.0,69.34,63.666666666666664,Medium
5886,Male,Group C,Some college,Free/Reduced,,41.0,88.0,9.0,84.27,46.0,Low
5887,Male,Group D,Some college,Free/Reduced,Completed,17.0,23.0,3.0,96.66,14.333333333333334,Low
5888,Male,Group D,Associate degree,Standard,Completed,70.0,29.0,73.0,98.01,57.333333333333336,Medium
5889,Male,Group C,Master's degree,Free/Reduced,,32.0,83.0,72.0,60.18,62.333333333333336,Medium
5890,Male,Group D,High school,Standard,Completed,2.0,53.0,61.0,72.68,38.666666666666664,Low
5891,Female,Group C,Master's degree,Free/Reduced,,27.0,66.0,42.0,93.5,45.0,Low
5892,Male,Group A,Associate degree,Standard,Completed,0.0,31.0,41.0,81.46,24.0,Low
5893,Male,Group E,Associate degree,Free/Reduced,,62.0,7.0,23.0,92.3,30.666666666666668,Low
5894,Male,Group E,Associate degree,Standard,Completed,46.0,49.0,4.0,94.13,33.0,Low
5895,Male,Group D,Some college,Free/Reduced,,49.0,46.0,98.0,77.71,64.33333333333333,Medium
5896,Male,Group B,Master's degree,Standard,Completed,85.0,86.0,67.0,74.36,79.33333333333333,High
5897,Female,Group E,Master's degree,Standard,,47.0,45.0,98.0,78.22,63.333333333333336,Medium
5898,Male,Group C,High school,Standard,,49.0,79.0,76.0,86.11,68.0,Medium
5899,Male,Group B,Associate degree,Standard,,13.0,34.0,100.0,74.69,49.0,Low
5900,Male,Group B,Associate degree,Free/Reduced,,66.0,60.0,95.0,91.0,73.66666666666667,Medium
5901,Female,Group E,Bachelor's degree,Standard,,49.0,88.0,44.0,96.16,60.333333333333336,Medium
5902,Female,Group E,Bachelor's degree,Free/Reduced,Completed,96.0,51.0,58.0,71.29,68.33333333333333,Medium
5903,Female,Group E,Some college,Standard,Completed,84.0,50.0,64.0,98.6,66.0,Medium
5904,Male,Group C,Master's degree,Free/Reduced,,64.0,62.0,62.0,84.91,62.666666666666664,Medium
5905,Female,Group B,High school,Standard,,25.0,7.0,74.0,95.13,35.333333333333336,Low
5906,Male,Group D,High school,Standard,Completed,9.0,33.0,89.0,64.16,43.666666666666664,Low
5907,Male,Group C,Associate degree,Free/Reduced,Completed,98.0,24.0,66.0,70.06,62.666666666666664,Medium
5908,Female,Group A,High school,Free/Reduced,,76.0,43.0,48.0,72.84,55.666666666666664,Medium
5909,Male,Group E,Associate degree,Standard,Completed,69.0,82.0,76.0,72.11,75.66666666666667,High
5910,Male,Group B,Master's degree,Free/Reduced,,42.0,42.0,31.0,66.87,38.333333333333336,Low
5911,Male,Group C,High school,Free/Reduced,,69.0,49.0,49.0,94.73,55.666666666666664,Medium
5912,Female,Group A,Associate degree,Free/Reduced,,98.0,12.0,86.0,76.74,65.33333333333333,Medium
5913,Male,Group C,Master's degree,Standard,Completed,79.0,45.0,50.0,98.53,58.0,Medium
5914,Male,Group C,Master's degree,Free/Reduced,,71.0,75.0,51.0,83.34,65.66666666666667,Medium
5915,Female,Group D,Associate degree,Standard,Completed,58.0,78.0,22.0,65.54,52.666666666666664,Medium
5916,Male,Group D,Associate degree,Free/Reduced,Completed,2.0,51.0,29.0,81.84,27.333333333333332,Low
5917,Male,Group C,Some college,Free/Reduced,Completed,4.0,52.0,69.0,99.74,41.666666666666664,Low
5918,Female,Group A,Master's degree,Standard,Completed,84.0,62.0,70.0,82.61,72.0,Medium
5919,Male,Group B,Associate degree,Free/Reduced,,94.0,1.0,29.0,60.07,41.333333333333336,Low
5920,Male,Group B,Master's degree,Free/Reduced,,77.0,39.0,36.0,97.32,50.666666666666664,Medium
5921,Male,Group E,High school,Free/Reduced,Completed,49.0,22.0,47.0,69.4,39.333333333333336,Low
5922,Male,Group E,Bachelor's degree,Free/Reduced,,82.0,58.0,31.0,87.54,57.0,Medium
5923,Male,Group B,Bachelor's degree,Free/Reduced,Completed,36.0,68.0,69.0,80.6,57.666666666666664,Medium
5924,Female,Group C,Associate degree,Free/Reduced,,83.0,33.0,34.0,73.02,50.0,Medium
5925,Female,Group C,Associate degree,Free/Reduced,,51.0,73.0,95.0,71.31,73.0,Medium
5926,Female,Group D,Master's degree,Standard,,65.0,26.0,75.0,97.15,55.333333333333336,Medium
5927,Female,Group D,Associate degree,Standard,,62.0,54.0,67.0,96.48,61.0,Medium
5928,Male,Group E,Master's degree,Standard,,6.0,3.0,31.0,80.53,13.333333333333334,Low
5929,Male,Group B,Associate degree,Standard,,96.0,67.0,58.0,70.34,73.66666666666667,Medium
5930,Male,Group C,Master's degree,Standard,Completed,52.0,71.0,34.0,64.09,52.333333333333336,Medium
5931,Male,Group B,Associate degree,Free/Reduced,,5.0,69.0,15.0,66.26,29.666666666666668,Low
5932,Male,Group A,Some college,Standard,,6.0,88.0,78.0,80.89,57.333333333333336,Medium
5933,Female,Group B,Master's degree,Standard,,43.0,26.0,51.0,72.31,40.0,Low
5934,Female,Group A,Some college,Free/Reduced,Completed,17.0,46.0,65.0,61.68,42.666666666666664,Low
5935,Male,Group D,Some college,Standard,,53.0,39.0,50.0,78.21,47.333333333333336,Low
5936,Male,Group D,Some college,Free/Reduced,,28.0,83.0,13.0,89.85,41.333333333333336,Low
5937,Male,Group E,Some college,Free/Reduced,,82.0,26.0,28.0,95.67,45.333333333333336,Low
5938,Female,Group B,High school,Standard,Completed,24.0,6.0,25.0,83.41,18.333333333333332,Low
5939,Male,Group B,Bachelor's degree,Standard,,62.0,22.0,17.0,88.93,33.666666666666664,Low
5940,Male,Group A,Master's degree,Free/Reduced,Completed,67.0,83.0,3.0,74.56,51.0,Medium
5941,Male,Group D,Associate degree,Free/Reduced,Completed,12.0,63.0,100.0,79.85,58.333333333333336,Medium
5942,Female,Group A,Associate degree,Standard,,31.0,97.0,56.0,89.19,61.333333333333336,Medium
5943,Male,Group D,Bachelor's degree,Free/Reduced,,26.0,28.0,52.0,89.11,35.333333333333336,Low
5944,Female,Group A,Bachelor's degree,Standard,Completed,50.0,60.0,24.0,76.98,44.666666666666664,Low
5945,Female,Group D,Bachelor's degree,Standard,Completed,33.0,43.0,46.0,81.75,40.666666666666664,Low
5946,Female,Group A,Some college,Standard,,27.0,68.0,51.0,96.95,48.666666666666664,Low
5947,Female,Group D,High school,Standard,,72.0,26.0,92.0,85.28,63.333333333333336,Medium
5948,Female,Group A,Associate degree,Free/Reduced,Completed,71.0,11.0,33.0,85.7,38.333333333333336,Low
5949,Female,Group B,High school,Free/Reduced,Completed,84.0,51.0,15.0,91.38,50.0,Medium
5950,Male,Group E,High school,Standard,Completed,29.0,36.0,100.0,64.61,55.0,Medium
5951,Male,Group A,High school,Standard,Completed,92.0,33.0,93.0,80.92,72.66666666666667,Medium
5952,Male,Group E,Bachelor's degree,Free/Reduced,,8.0,93.0,86.0,98.38,62.333333333333336,Medium
5953,Female,Group B,Bachelor's degree,Free/Reduced,Completed,12.0,35.0,35.0,74.47,27.333333333333332,Low
5954,Male,Group B,Associate degree,Free/Reduced,,81.0,5.0,27.0,71.8,37.666666666666664,Low
5955,Female,Group D,Associate degree,Free/Reduced,Completed,63.0,95.0,64.0,84.05,74.0,Medium
5956,Female,Group E,Associate degree,Free/Reduced,Completed,37.0,31.0,71.0,68.84,46.333333333333336,Low
5957,Female,Group C,High school,Standard,,21.0,72.0,52.0,82.24,48.333333333333336,Low
5958,Male,Group D,Bachelor's degree,Standard,,30.0,21.0,41.0,66.23,30.666666666666668,Low
5959,Female,Group E,Some college,Standard,,98.0,9.0,78.0,83.19,61.666666666666664,Medium
5960,Female,Group A,High school,Standard,,41.0,28.0,97.0,84.1,55.333333333333336,Medium
5961,Male,Group A,Master's degree,Free/Reduced,Completed,61.0,10.0,18.0,76.74,29.666666666666668,Low
5962,Male,Group B,High school,Free/Reduced,,63.0,91.0,43.0,75.31,65.66666666666667,Medium
5963,Female,Group C,Bachelor's degree,Standard,,73.0,65.0,29.0,69.82,55.666666666666664,Medium
5964,Female,Group A,Master's degree,Standard,,8.0,55.0,73.0,73.24,45.333333333333336,Low
5965,Male,Group E,High school,Free/Reduced,Completed,94.0,84.0,43.0,79.93,73.66666666666667,Medium
5966,Male,Group E,Bachelor's degree,Standard,Completed,43.0,94.0,26.0,69.91,54.333333333333336,Medium
5967,Male,Group A,Bachelor's degree,Standard,,62.0,57.0,83.0,91.31,67.33333333333333,Medium
5968,Female,Group E,Some college,Free/Reduced,Completed,39.0,51.0,88.0,88.36,59.333333333333336,Medium
5969,Male,Group E,High school,Free/Reduced,Completed,87.0,60.0,72.0,70.77,73.0,Medium
5970,Male,Group B,Bachelor's degree,Free/Reduced,,40.0,16.0,33.0,63.9,29.666666666666668,Low
5971,Male,Group C,Associate degree,Standard,Completed,71.0,90.0,84.0,60.01,81.66666666666667,High
5972,Female,Group B,Bachelor's degree,Free/Reduced,,49.0,29.0,23.0,83.87,33.666666666666664,Low
5973,Male,Group C,Some college,Free/Reduced,,19.0,71.0,55.0,68.45,48.333333333333336,Low
5974,Male,Group E,Bachelor's degree,Standard,,80.0,36.0,6.0,60.5,40.666666666666664,Low
5975,Male,Group C,High school,Free/Reduced,Completed,91.0,4.0,67.0,74.36,54.0,Medium
5976,Male,Group E,High school,Standard,,69.0,25.0,50.0,98.48,48.0,Low
5977,Male,Group E,Master's degree,Standard,Completed,41.0,69.0,7.0,87.6,39.0,Low
5978,Female,Group B,High school,Standard,Completed,32.0,51.0,55.0,94.31,46.0,Low
5979,Female,Group B,Master's degree,Standard,Completed,91.0,0.0,76.0,65.79,55.666666666666664,Medium
5980,Female,Group D,Associate degree,Free/Reduced,Completed,62.0,8.0,57.0,62.93,42.333333333333336,Low
5981,Male,Group A,Some college,Standard,,56.0,84.0,84.0,60.46,74.66666666666667,Medium
5982,Female,Group D,Associate degree,Free/Reduced,,64.0,70.0,98.0,98.23,77.33333333333333,High
5983,Female,Group D,Master's degree,Free/Reduced,Completed,49.0,63.0,68.0,72.01,60.0,Medium
5984,Female,Group C,Bachelor's degree,Free/Reduced,,98.0,78.0,7.0,78.38,61.0,Medium
5985,Male,Group E,Bachelor's degree,Free/Reduced,Completed,87.0,23.0,65.0,75.78,58.333333333333336,Medium
5986,Male,Group E,Associate degree,Free/Reduced,Completed,5.0,4.0,23.0,89.22,10.666666666666666,Low
5987,Female,Group E,Bachelor's degree,Standard,,6.0,50.0,41.0,72.4,32.333333333333336,Low
5988,Female,Group A,Master's degree,Free/Reduced,Completed,8.0,37.0,53.0,81.42,32.666666666666664,Low
5989,Male,Group C,Some college,Standard,,100.0,28.0,15.0,99.82,47.666666666666664,Low
5990,Male,Group C,High school,Standard,Completed,60.0,45.0,3.0,77.76,36.0,Low
5991,Female,Group E,Master's degree,Standard,Completed,79.0,51.0,58.0,82.05,62.666666666666664,Medium
5992,Male,Group D,Master's degree,Free/Reduced,Completed,49.0,51.0,50.0,80.1,50.0,Medium
5993,Female,Group A,High school,Free/Reduced,Completed,34.0,74.0,45.0,92.13,51.0,Medium
5994,Male,Group D,High school,Free/Reduced,,98.0,67.0,93.0,70.67,86.0,High
5995,Female,Group B,Some college,Free/Reduced,Completed,19.0,58.0,98.0,66.82,58.333333333333336,Medium
5996,Female,Group C,Some college,Standard,Completed,57.0,51.0,12.0,90.16,40.0,Low
5997,Male,Group C,Some college,Free/Reduced,,49.0,97.0,36.0,76.62,60.666666666666664,Medium
5998,Female,Group D,Bachelor's degree,Free/Reduced,Completed,59.0,3.0,53.0,96.55,38.333333333333336,Low
5999,Female,Group A,Master's degree,Standard,Completed,53.0,51.0,48.0,85.77,50.666666666666664,Medium
6000,Female,Group C,High school,Standard,Completed,34.0,73.0,74.0,82.57,60.333333333333336,Medium
